accession,family
NC_001798.2,Herpesviridae
NC_030692.1,Bornaviridae
NC_027892.1,Bornaviridae
NC_029642.1,Bornaviridae
NC_001607.1,Bornaviridae
NC_029549.1,Fimoviridae
NC_029550.1,Fimoviridae
NC_029551.1,Fimoviridae
NC_029552.1,Fimoviridae
NC_029553.1,Fimoviridae
NC_029570.1,Fimoviridae
NC_029554.1,Fimoviridae
NC_029555.1,Fimoviridae
NC_029558.1,Fimoviridae
NC_029559.1,Fimoviridae
NC_029560.1,Fimoviridae
NC_029561.1,Fimoviridae
NC_029571.1,Fimoviridae
NC_029572.1,Fimoviridae
NC_029573.1,Fimoviridae
NC_029567.1,Fimoviridae
NC_029562.1,Fimoviridae
NC_029568.1,Fimoviridae
NC_029563.1,Fimoviridae
NC_029564.1,Fimoviridae
NC_029565.1,Fimoviridae
NC_029566.1,Fimoviridae
NC_029556.1,Fimoviridae
NC_029557.1,Fimoviridae
NC_029569.1,Fimoviridae
NC_029574.1,Fimoviridae
NC_029575.1,Fimoviridae
NC_029578.1,Solemoviridae
NC_030691.1,Bornaviridae
NC_017862.1,Papillomaviridae
NC_017936.1,Caliciviridae
NC_017937.1,Paramyxoviridae
NC_017938.1,Secoviridae
NC_017939.1,Secoviridae
NC_029648.1,Geminiviridae
NC_017977.1,Potyviridae
NC_017967.1,Potyviridae
NC_017970.1,Potyviridae
NC_017988.1,Partitiviridae
NC_017989.1,Partitiviridae
NC_017987.1,Geminiviridae
NC_017993.1,Papillomaviridae
NC_017994.1,Papillomaviridae
NC_017916.1,Smacoviridae
NC_017917.1,Geminiviridae
NC_017913.1,Geminiviridae
NC_011348.1,Geminiviridae
NC_017995.1,Papillomaviridae
NC_017996.1,Papillomaviridae
NC_017997.1,Papillomaviridae
NC_029803.1,Geminiviridae
NC_029804.1,Geminiviridae
NC_029782.1,Narnaviridae
NC_029797.1,Parvoviridae
NC_029799.1,Tospoviridae
NC_029800.1,Tospoviridae
NC_038232.1,Tospoviridae
NC_029802.1,Picobirnaviridae
NC_029801.1,Picobirnaviridae
NC_018072.1,Tospoviridae
NC_018071.1,Tospoviridae
NC_018070.1,Tospoviridae
NC_029853.1,Retroviridae
NC_029852.1,Retroviridae
NC_029854.1,Picornaviridae
NC_018074.1,Papillomaviridae
NC_018075.1,Papillomaviridae
NC_018076.1,Papillomaviridae
NC_029994.1,Geminiviridae
NC_029991.1,Mitoviridae
NC_029995.1,Geminiviridae
NC_029993.1,Solemoviridae
NC_029992.1,Arteriviridae
NC_029936.1,Nairoviridae
NC_029931.1,Nairoviridae
NC_029935.1,Nairoviridae
NC_029900.1,Tombusviridae
NC_029901.1,Phenuiviridae
NC_037612.1,Phenuiviridae
NC_037613.1,Phenuiviridae
NC_029903.1,Phenuiviridae
NC_037614.1,Phenuiviridae
NC_037615.1,Phenuiviridae
NC_029932.1,Nairoviridae
NC_029933.1,Nairoviridae
NC_036636.1,Nairoviridae
NC_029921.1,Amnoonviridae
NC_029922.1,Amnoonviridae
NC_029923.1,Amnoonviridae
NC_029924.1,Amnoonviridae
NC_029925.1,Amnoonviridae
NC_029928.1,Amnoonviridae
NC_029929.1,Amnoonviridae
NC_029930.1,Amnoonviridae
NC_029926.1,Amnoonviridae
NC_035887.1,Geminiviridae
NC_035888.1,Geminiviridae
NC_029905.1,Picornaviridae
NC_029906.1,Solemoviridae
NC_029911.1,Reoviridae
NC_029912.1,Reoviridae
NC_029913.1,Reoviridae
NC_029916.1,Reoviridae
NC_029915.1,Reoviridae
NC_029917.1,Reoviridae
NC_029918.1,Reoviridae
NC_029919.1,Reoviridae
NC_029914.1,Reoviridae
NC_037579.1,Reoviridae
NC_037580.1,Reoviridae
NC_037581.1,Reoviridae
NC_037582.1,Reoviridae
NC_037588.1,Reoviridae
NC_037585.1,Reoviridae
NC_037586.1,Reoviridae
NC_037587.1,Reoviridae
NC_029904.1,Reoviridae
NC_037589.1,Reoviridae
NC_037583.1,Reoviridae
NC_037584.1,Reoviridae
NC_029989.1,Totiviridae
NC_029990.1,Solemoviridae
NC_030152.1,Reoviridae
NC_030159.1,Reoviridae
NC_030160.1,Reoviridae
NC_030162.1,Reoviridae
NC_030153.1,Reoviridae
NC_030154.1,Reoviridae
NC_030155.1,Reoviridae
NC_030157.1,Reoviridae
NC_030158.1,Reoviridae
NC_030163.1,Reoviridae
NC_030115.1,Dicistroviridae
NC_030236.1,Potyviridae
NC_030229.1,Virgaviridae
NC_030126.1,Smacoviridae
NC_030139.1,Genomoviridae
NC_030146.1,Genomoviridae
NC_030141.1,Genomoviridae
NC_030145.1,Genomoviridae
NC_030143.1,Genomoviridae
NC_030140.1,Genomoviridae
NC_030144.1,Genomoviridae
NC_030147.1,Genomoviridae
NC_030138.1,Genomoviridae
NC_030117.1,Herpesviridae
NC_030148.1,Polyomaviridae
NC_030151.1,Papillomaviridae
NC_030127.1,Smacoviridae
NC_030199.1,Circoviridae
NC_030203.1,Tombusviridae
NC_030205.1,Caulimoviridae
NC_030295.1,Totiviridae
NC_030296.1,Parvoviridae
NC_030291.1,Flaviviridae
NC_030293.1,Potyviridae
NC_030308.1,Narnaviridae
NC_018090.1,Geminiviridae
NC_018093.1,Potyviridae
NC_030224.1,Totiviridae
NC_030238.1,Geminiviridae
NC_030225.1,Solemoviridae
NC_030240.1,Baculoviridae
NC_030231.1,Paramyxoviridae
NC_030243.1,Partitiviridae
NC_030245.1,Partitiviridae
NC_030290.1,Flaviviridae
NC_023295.1,Betaflexiviridae
NC_023300.1,Nanoviridae
NC_023301.1,Nanoviridae
NC_023302.1,Nanoviridae
NC_023304.1,Nanoviridae
NC_023306.1,Nanoviridae
NC_023307.1,Nanoviridae
NC_023299.1,Nanoviridae
NC_023296.1,Nanoviridae
NC_023297.1,Nanoviridae
NC_023298.1,Nanoviridae
NC_023308.1,Nanoviridae
NC_023309.1,Nanoviridae
NC_023310.1,Nanoviridae
NC_023303.1,Nanoviridae
NC_023311.1,Nanoviridae
NC_027026.1,Caliciviridae
NC_027016.1,Herpesviridae
NC_027040.1,Geminiviridae
NC_027054.1,Picornaviridae
NC_023312.1,Geminiviridae
NC_026942.1,Polyomaviridae
NC_026944.1,Polyomaviridae
NC_026946.1,Papillomaviridae
NC_026945.1,Circoviridae
NC_026943.1,Parvoviridae
NC_027198.1,Solemoviridae
NC_027209.1,Totiviridae
NC_027211.1,Tombusviridae
NC_027210.1,Potyviridae
NC_027117.1,Retroviridae
NC_027123.1,Solemoviridae
NC_027121.1,Closteroviridae
NC_027122.1,Caliciviridae
NC_027131.1,Caulimoviridae
NC_027141.1,Phenuiviridae
NC_027142.1,Phenuiviridae
NC_027140.1,Phenuiviridae
NC_027124.1,Arteriviridae
NC_027135.1,Arenaviridae
NC_027137.1,Arenaviridae
NC_027134.1,Arenaviridae
NC_027136.1,Arenaviridae
NC_027214.1,Picornaviridae
NC_027212.1,Totiviridae
NC_027215.1,Geminiviridae
NC_027426.1,Astroviridae
NC_027429.1,Parvoviridae
NC_027534.1,Reoviridae
NC_027535.1,Reoviridae
NC_027537.1,Reoviridae
NC_027538.1,Reoviridae
NC_027549.1,Reoviridae
NC_027550.1,Reoviridae
NC_027552.1,Reoviridae
NC_027551.1,Reoviridae
NC_027536.1,Reoviridae
NC_027548.1,Reoviridae
NC_027563.1,Chrysoviridae
NC_027565.1,Chrysoviridae
NC_027566.1,Chrysoviridae
NC_027564.1,Chrysoviridae
NC_027553.1,Reoviridae
NC_027567.1,Reoviridae
NC_027568.1,Reoviridae
NC_027569.1,Reoviridae
NC_027571.1,Reoviridae
NC_027573.1,Reoviridae
NC_027576.1,Reoviridae
NC_027574.1,Reoviridae
NC_027570.1,Reoviridae
NC_027572.1,Reoviridae
NC_027528.1,Papillomaviridae
NC_027527.1,Betaflexiviridae
NC_027533.1,Reoviridae
NC_027539.1,Reoviridae
NC_027540.1,Reoviridae
NC_027543.1,Reoviridae
NC_027545.1,Reoviridae
NC_027546.1,Reoviridae
NC_027547.1,Reoviridae
NC_027542.1,Reoviridae
NC_027544.1,Reoviridae
NC_027541.1,Reoviridae
NC_027531.1,Polyomaviridae
NC_027530.1,Circoviridae
NC_027619.1,Tymoviridae
NC_027637.1,Microviridae
NC_027636.1,Microviridae
NC_027635.1,Microviridae
NC_027634.1,Microviridae
NC_027633.1,Microviridae
NC_027648.1,Microviridae
NC_027647.1,Microviridae
NC_027646.1,Microviridae
NC_027645.1,Microviridae
NC_027644.1,Microviridae
NC_027643.1,Microviridae
NC_027642.1,Microviridae
NC_027641.1,Microviridae
NC_027640.1,Microviridae
NC_027639.1,Microviridae
NC_027638.1,Microviridae
NC_027701.1,Totiviridae
NC_027714.1,Geminiviridae
NC_027710.2,Tombusviridae
NC_027712.1,Closteroviridae
NC_027713.1,Iflaviridae
NC_027706.1,Potyviridae
NC_027711.1,Astroviridae
NC_027720.1,Tospoviridae
NC_027719.1,Tospoviridae
NC_027718.1,Tospoviridae
NC_027776.1,Genomoviridae
NC_027777.1,Smacoviridae
NC_027783.1,Circoviridae
NC_027789.1,Circoviridae
NC_027793.1,Circoviridae
NC_027791.1,Circoviridae
NC_027787.1,Circoviridae
NC_027782.1,Circoviridae
NC_027784.1,Circoviridae
NC_027795.1,Circoviridae
NC_027796.1,Circoviridae
NC_027781.1,Circoviridae
NC_027802.1,Reoviridae
NC_027808.1,Reoviridae
NC_027809.1,Reoviridae
NC_035937.1,Reoviridae
NC_035938.1,Reoviridae
NC_035939.1,Reoviridae
NC_035935.1,Reoviridae
NC_035936.1,Reoviridae
NC_027816.1,Reoviridae
NC_027804.1,Reoviridae
NC_027805.1,Reoviridae
NC_027806.1,Reoviridae
NC_027811.2,Reoviridae
NC_027812.1,Reoviridae
NC_027813.1,Reoviridae
NC_027803.1,Reoviridae
NC_027807.1,Reoviridae
NC_027814.1,Reoviridae
NC_027815.1,Reoviridae
NC_027779.1,Papillomaviridae
NC_027790.1,Circoviridae
NC_027799.1,Circoviridae
NC_027797.1,Circoviridae
NC_027780.1,Circoviridae
NC_027798.1,Circoviridae
NC_027800.1,Circoviridae
NC_027792.1,Circoviridae
NC_027786.1,Circoviridae
NC_027794.1,Circoviridae
NC_027788.1,Circoviridae
NC_027822.1,Partitiviridae
NC_027823.1,Partitiviridae
NC_027916.2,Herpesviridae
NC_027915.1,Secoviridae
NC_027821.1,Genomoviridae
NC_027820.1,Genomoviridae
NC_027920.1,Endornaviridae
NC_029255.1,Herpesviridae
NC_027924.1,Caulimoviridae
NC_027919.1,Picornaviridae
NC_027918.1,Picornaviridae
NC_027926.1,Secoviridae
NC_027927.1,Secoviridae
NC_027922.1,Hepadnaviridae
NC_027928.1,Bromoviridae
NC_027929.1,Bromoviridae
NC_027930.1,Bromoviridae
NC_027998.2,Flaviviridae
NC_028045.1,Circoviridae
NC_028046.1,Geminiviridae
NC_028099.1,Herpesviridae
NC_028097.1,Nodaviridae
NC_028098.1,Nodaviridae
NC_028126.1,Papillomaviridae
NC_028125.1,Papillomaviridae
NC_028134.1,Nodaviridae
NC_028133.1,Nodaviridae
NC_028124.1,Geminiviridae
NC_028114.1,Geminiviridae
NC_028129.1,Hepadnaviridae
NC_028119.1,Polyomaviridae
NC_028117.1,Polyomaviridae
NC_028127.1,Polyomaviridae
NC_030688.1,Bornaviridae
NC_028365.1,Picornaviridae
NC_028364.1,Picornaviridae
NC_028363.1,Picornaviridae
NC_028378.1,Totiviridae
NC_028377.1,Flaviviridae
NC_028136.1,Parvoviridae
NC_028144.1,Potyviridae
NC_028145.1,Potyviridae
NC_028142.1,Geminiviridae
NC_028143.1,Geminiviridae
NC_028141.1,Geminiviridae
NC_028140.1,Geminiviridae
NC_028137.1,Flaviviridae
NC_028138.1,Geminiviridae
NC_004732.1,Geminiviridae
NC_028146.1,Secoviridae
NC_028139.1,Secoviridae
NC_028230.1,Rhabdoviridae
NC_028243.1,Chuviridae
NC_028232.1,Rhabdoviridae
NC_028239.1,Rhabdoviridae
NC_028236.1,Rhabdoviridae
NC_028241.1,Rhabdoviridae
NC_028244.1,Rhabdoviridae
NC_028231.1,Rhabdoviridae
NC_028249.1,Paramyxoviridae
NC_028246.1,Rhabdoviridae
NC_028250.1,Partitiviridae
NC_028251.1,Partitiviridae
NC_028255.1,Rhabdoviridae
NC_028265.1,Chuviridae
NC_028263.1,Chuviridae
NC_028260.1,Chuviridae
NC_028262.1,Geminiviridae
NC_028362.1,Paramyxoviridae
NC_028490.1,Totiviridae
NC_028488.1,Totiviridae
NC_028486.1,Totiviridae
NC_028485.1,Totiviridae
NC_028483.1,Totiviridae
NC_028481.1,Totiviridae
NC_028480.1,Totiviridae
NC_028476.1,Botourmiaviridae
NC_028474.1,Mitoviridae
NC_028472.1,Mitoviridae
NC_028471.1,Mitoviridae
NC_028475.1,Mitoviridae
NC_028473.1,Narnaviridae
NC_028478.1,Virgaviridae
NC_028482.1,Chuviridae
NC_028477.1,Totiviridae
NC_028494.1,Partitiviridae
NC_028499.1,Partitiviridae
NC_028495.1,Chrysoviridae
NC_028496.1,Chrysoviridae
NC_028497.1,Chrysoviridae
NC_028500.1,Chrysoviridae
NC_028636.1,Baculoviridae
NC_028635.1,Polyomaviridae
NC_028649.1,Alphaflexiviridae
NC_028462.1,Caulimoviridae
NC_028492.1,Papillomaviridae
NC_037570.1,Reoviridae
NC_037571.1,Reoviridae
NC_037572.1,Reoviridae
NC_028465.1,Reoviridae
NC_037574.1,Reoviridae
NC_037576.1,Reoviridae
NC_037577.1,Reoviridae
NC_037578.1,Reoviridae
NC_037573.1,Reoviridae
NC_037575.1,Reoviridae
NC_023339.1,Tombusviridae
NC_028650.1,Parvoviridae
NC_029122.1,Nairoviridae
NC_029123.1,Nairoviridae
NC_029124.1,Nairoviridae
NC_028891.1,Herpesviridae
NC_028902.1,Leviviridae
NC_028975.1,Betaflexiviridae
NC_028868.1,Betaflexiviridae
NC_028949.1,Endornaviridae
NC_028989.1,Geminiviridae
NC_028921.1,Totiviridae
NC_028973.1,Parvoviridae
NC_028981.1,Picornaviridae
NC_028970.1,Picornaviridae
NC_028964.1,Picornaviridae
NC_028806.1,Coronaviridae
NC_029034.2,Virgaviridae
NC_029037.2,Virgaviridae
NC_029035.2,Virgaviridae
NC_028948.1,Totiviridae
NC_028993.1,Microviridae
NC_029014.1,Microviridae
NC_029012.1,Microviridae
NC_028867.1,Rhabdoviridae
NC_028824.1,Coronaviridae
NC_028814.1,Coronaviridae
NC_028833.1,Coronaviridae
NC_028811.1,Coronaviridae
NC_029038.1,Secoviridae
NC_029036.1,Secoviridae
NC_028985.1,Geminiviridae
NC_029051.1,Potyviridae
NC_029053.1,Arteriviridae
NC_029052.1,Dicistroviridae
NC_029096.1,Totiviridae
NC_029095.1,Endornaviridae
NC_029064.1,Endornaviridae
NC_029117.1,Geminiviridae
NC_029105.1,Geminiviridae
NC_037611.1,Geminiviridae
NC_029125.1,Megabirnaviridae
NC_029089.1,Betaflexiviridae
NC_029088.1,Betaflexiviridae
NC_029087.1,Betaflexiviridae
NC_029086.1,Betaflexiviridae
NC_029085.1,Betaflexiviridae
NC_029082.1,Phenuiviridae
NC_037616.1,Phenuiviridae
NC_037617.1,Phenuiviridae
NC_029063.1,Tymoviridae
NC_029128.1,Phenuiviridae
NC_029129.1,Phenuiviridae
NC_029127.1,Phenuiviridae
NC_029076.1,Potyviridae
NC_029133.1,Parvoviridae
NC_029300.1,Parvoviridae
NC_029303.1,Caulimoviridae
NC_029301.1,Betaflexiviridae
NC_029302.1,Totiviridae
NC_024910.1,Reoviridae
NC_024911.1,Reoviridae
NC_024912.1,Reoviridae
NC_024914.1,Reoviridae
NC_024916.1,Reoviridae
NC_024917.1,Reoviridae
NC_024918.1,Reoviridae
NC_024919.1,Reoviridae
NC_024920.1,Reoviridae
NC_023420.2,Reoviridae
NC_024913.1,Reoviridae
NC_024915.1,Reoviridae
NC_023422.1,Picornaviridae
NC_029306.1,Marnaviridae
NC_029307.1,Marnaviridae
NC_029309.1,Marnaviridae
NC_033620.1,Herpesviridae
NC_033619.1,Iflaviridae
NC_033776.1,Caliciviridae
NC_033781.1,Papillomaviridae
NC_033783.1,Reoviridae
NC_033785.1,Reoviridae
NC_033786.1,Reoviridae
NC_033787.1,Reoviridae
NC_033788.1,Reoviridae
NC_033789.1,Reoviridae
NC_033790.1,Reoviridae
NC_033791.1,Reoviridae
NC_033784.1,Reoviridae
NC_033782.1,Reoviridae
NC_033779.1,Geminiviridae
NC_033777.1,Tombusviridae
NC_033792.1,Astroviridae
NC_033740.1,Papillomaviridae
NC_033706.1,Solemoviridae
NC_033701.1,Rhabdoviridae
NC_033760.1,Mypoviridae
NC_033761.1,Mypoviridae
NC_033759.1,Mypoviridae
NC_033725.1,Flaviviridae
NC_033729.1,Botourmiaviridae
NC_033772.1,Tospoviridae
NC_033773.1,Tospoviridae
NC_033774.1,Tospoviridae
NC_033745.1,Papillomaviridae
NC_033744.1,Bacilladnaviridae
NC_033741.1,Bacilladnaviridae
NC_033746.1,Bacilladnaviridae
NC_033747.1,Genomoviridae
NC_033742.1,Genomoviridae
NC_033743.1,Genomoviridae
NC_033736.1,Genomoviridae
NC_033738.1,Caulimoviridae
NC_033695.1,Picornaviridae
NC_033700.1,Tobaniviridae
NC_033704.1,Chuviridae
NC_033705.1,Rhabdoviridae
NC_033753.1,Qinviridae
NC_033754.1,Qinviridae
NC_018102.1,Polyomaviridae
NC_018105.1,Caulimoviridae
NC_033824.1,Marnaviridae
NC_033823.1,Iflaviridae
NC_033820.1,Picornaviridae
NC_033828.1,Tymoviridae
NC_033830.1,Phenuiviridae
NC_033831.1,Phenuiviridae
NC_033847.1,Phenuiviridae
NC_033832.1,Tospoviridae
NC_033833.1,Tospoviridae
NC_033834.1,Tospoviridae
NC_033821.1,Astroviridae
NC_018136.1,Phenuiviridae
NC_018137.1,Phenuiviridae
NC_018138.1,Phenuiviridae
NC_018151.1,Geminiviridae
NC_018173.1,Closteroviridae
NC_018174.1,Closteroviridae
NC_018175.1,Betaflexiviridae
NC_018176.1,Potyviridae
NC_034017.1,Flaviviridae
NC_018226.1,Picornaviridae
NC_034161.1,Picobirnaviridae
NC_034160.1,Picobirnaviridae
NC_034159.1,Partitiviridae
NC_034167.1,Partitiviridae
NC_034215.1,Secoviridae
NC_034214.1,Secoviridae
NC_034210.1,Circoviridae
NC_034216.1,Endornaviridae
NC_034217.1,Iflaviridae
NC_034219.1,Polyomaviridae
NC_034218.1,Polyomaviridae
NC_034221.1,Polyomaviridae
NC_034220.1,Polyomaviridae
NC_034222.1,Flaviviridae
NC_034223.1,Flaviviridae
NC_034224.1,Flaviviridae
NC_034225.1,Flaviviridae
NC_034240.1,Rhabdoviridae
NC_034243.1,Tombusviridae
NC_018403.1,Bromoviridae
NC_018404.1,Bromoviridae
NC_018402.1,Bromoviridae
NC_018382.1,Hepeviridae
NC_018399.1,Parvoviridae
NC_018384.1,Secoviridae
NC_018383.1,Secoviridae
NC_034265.1,Solemoviridae
NC_034253.1,Polyomaviridae
NC_034247.1,Solemoviridae
NC_034246.1,Solemoviridae
NC_034245.1,Picornaviridae
NC_034254.1,Orthomyxoviridae
NC_034255.1,Orthomyxoviridae
NC_034256.1,Orthomyxoviridae
NC_034261.1,Orthomyxoviridae
NC_034262.1,Orthomyxoviridae
NC_034263.1,Orthomyxoviridae
NC_034252.1,Caulimoviridae
NC_034251.1,Polyomaviridae
NC_034264.1,Betaflexiviridae
NC_034273.1,Potyviridae
NC_018450.1,Parvoviridae
NC_018449.1,Solemoviridae
NC_018456.1,Geminiviridae
NC_018457.1,Geminiviridae
NC_018481.1,Arenaviridae
NC_018484.1,Arenaviridae
NC_018482.1,Arenaviridae
NC_018483.1,Arenaviridae
NC_018455.1,Potyviridae
NC_018461.1,Peribunyaviridae
NC_018462.1,Peribunyaviridae
NC_018466.1,Peribunyaviridae
NC_018459.1,Peribunyaviridae
NC_018460.1,Peribunyaviridae
NC_018465.1,Peribunyaviridae
NC_018464.1,Peribunyaviridae
NC_018467.1,Peribunyaviridae
NC_018463.1,Peribunyaviridae
NC_018476.1,Peribunyaviridae
NC_018477.1,Peribunyaviridae
NC_018478.1,Peribunyaviridae
NC_034375.1,Alphaflexiviridae
NC_034378.1,Polyomaviridae
NC_034377.1,Betaflexiviridae
NC_034376.1,Betaflexiviridae
NC_034381.1,Picornaviridae
NC_034384.1,Iflaviridae
NC_030310.1,Geminiviridae
NC_030378.1,Tospoviridae
NC_030379.1,Tospoviridae
NC_030380.1,Tospoviridae
NC_030392.1,Totiviridae
NC_023441.1,Bacilladnaviridae
NC_023442.1,Baculoviridae
NC_030396.1,Mitoviridae
NC_030395.1,Mitoviridae
NC_030393.1,Mitoviridae
NC_030398.2,Totiviridae
NC_030400.1,Flaviviridae
NC_030402.1,Parvoviridae
NC_030405.1,Reoviridae
NC_030406.1,Reoviridae
NC_030407.1,Reoviridae
NC_030409.1,Reoviridae
NC_030410.1,Reoviridae
NC_030413.1,Reoviridae
NC_030415.1,Reoviridae
NC_030411.1,Reoviridae
NC_030412.1,Reoviridae
NC_030414.2,Reoviridae
NC_030408.1,Reoviridae
NC_030391.1,Potyviridae
NC_030399.1,Mitoviridae
NC_030397.1,Mitoviridae
NC_030447.1,Genomoviridae
NC_030448.1,Genomoviridae
NC_030479.1,Partitiviridae
NC_030480.1,Partitiviridae
NC_030458.1,Microviridae
NC_030472.1,Microviridae
NC_030462.1,Caulimoviridae
NC_030657.1,Betaflexiviridae
NC_030658.1,Fimoviridae
NC_030659.1,Fimoviridae
NC_030660.1,Fimoviridae
NC_030661.1,Fimoviridae
NC_030662.1,Fimoviridae
NC_030663.1,Fimoviridae
NC_030654.1,Deltaflexiviridae
NC_030653.1,Flaviviridae
NC_030693.1,Tymoviridae
NC_030699.1,Geminiviridae
NC_030701.1,Bornaviridae
NC_030742.1,Tombusviridae
NC_030749.1,Geminiviridae
NC_030748.1,Geminiviridae
NC_030746.1,Alphaflexiviridae
NC_030747.1,Mitoviridae
NC_030750.1,Phasmaviridae
NC_030752.1,Phasmaviridae
NC_030793.1,Caliciviridae
NC_030801.1,Papillomaviridae
NC_030800.1,Papillomaviridae
NC_030799.1,Papillomaviridae
NC_030798.1,Papillomaviridae
NC_030797.1,Papillomaviridae
NC_030796.1,Papillomaviridae
NC_030795.1,Papillomaviridae
NC_030794.1,Potyviridae
NC_030838.1,Polyomaviridae
NC_030840.1,Potyviridae
NC_030847.1,Potyviridae
NC_030839.1,Papillomaviridae
NC_030843.1,Picornaviridae
NC_030922.1,Astroviridae
NC_030864.1,Mitoviridae
NC_030863.1,Mitoviridae
NC_030862.1,Mitoviridae
NC_030861.1,Mitoviridae
NC_030873.1,Parvoviridae
NC_030876.1,Partitiviridae
NC_030875.1,Partitiviridae
NC_030867.1,Totiviridae
NC_030877.1,Partitiviridae
NC_030882.1,Partitiviridae
NC_030878.1,Partitiviridae
NC_030879.1,Partitiviridae
NC_030866.1,Narnaviridae
NC_030865.1,Narnaviridae
NC_030887.1,Genomoviridae
NC_031093.1,Rhabdoviridae
NC_031141.1,Nairoviridae
NC_031142.1,Nairoviridae
NC_031138.1,Phenuiviridae
NC_031136.1,Nairoviridae
NC_031135.1,Nairoviridae
NC_031079.1,Rhabdoviridae
NC_031130.1,Partitiviridae
NC_031134.1,Partitiviridae
NC_031106.1,Picornaviridae
NC_031105.1,Picornaviridae
NC_031089.1,Betaflexiviridae
NC_031221.1,Peribunyaviridae
NC_031222.1,Peribunyaviridae
NC_031218.1,Nairoviridae
NC_031220.1,Nairoviridae
NC_031216.1,Rhabdoviridae
NC_031215.1,Rhabdoviridae
NC_031225.1,Rhabdoviridae
NC_031283.1,Rhabdoviridae
NC_031282.1,Rhabdoviridae
NC_031278.1,Rhabdoviridae
NC_031295.1,Phenuiviridae
NC_031298.1,Phenuiviridae
NC_031276.1,Rhabdoviridae
NC_031293.1,Phasmaviridae
NC_031294.1,Phasmaviridae
NC_031287.1,Phenuiviridae
NC_031292.1,Phenuiviridae
NC_031288.1,Nairoviridae
NC_031275.1,Nyamiviridae
NC_031270.1,Lispiviridae
NC_031268.1,Rhabdoviridae
NC_031285.1,Nairoviridae
NC_031259.1,Lispiviridae
NC_031240.1,Rhabdoviridae
NC_031236.1,Rhabdoviridae
NC_031232.1,Rhabdoviridae
NC_031227.1,Rhabdoviridae
NC_031301.1,Rhabdoviridae
NC_031313.1,Phenuiviridae
NC_031316.1,Phenuiviridae
NC_031314.1,Phenuiviridae
NC_031309.1,Phasmaviridae
NC_031312.1,Phasmaviridae
NC_031308.1,Phasmaviridae
NC_031302.1,Rhabdoviridae
NC_031306.1,Geminiviridae
NC_031320.1,Phenuiviridae
NC_031321.1,Phenuiviridae
NC_031317.1,Phenuiviridae
NC_031318.1,Phenuiviridae
NC_031326.1,Retroviridae
NC_031327.1,Flaviviridae
NC_031340.1,Geminiviridae
NC_031341.1,Mayoviridae
NC_031342.1,Mayoviridae
NC_031448.1,Geminiviridae
NC_031453.1,Geminiviridae
NC_031451.1,Geminiviridae
NC_031449.1,Endornaviridae
NC_031450.1,Parvoviridae
NC_031458.1,Geminiviridae
NC_031459.1,Geminiviridae
NC_031454.1,Geminiviridae
NC_031455.1,Geminiviridae
NC_031456.1,Geminiviridae
NC_031457.1,Geminiviridae
NC_031452.1,Geminiviridae
NC_031461.1,Endornaviridae
NC_031463.1,Endornaviridae
NC_031462.1,Endornaviridae
NC_031466.1,Geminiviridae
NC_031670.1,Parvoviridae
NC_031695.1,Parvoviridae
NC_031692.1,Tymoviridae
NC_031687.1,Dicistroviridae
NC_031690.1,Rhabdoviridae
NC_031691.1,Rhabdoviridae
NC_031688.1,Dicistroviridae
NC_031747.1,Solemoviridae
NC_031758.1,Tospoviridae
NC_031759.1,Tospoviridae
NC_031762.1,Tospoviridae
NC_031757.1,Polyomaviridae
NC_031752.1,Endornaviridae
NC_031756.1,Papillomaviridae
NC_031754.1,Geminiviridae
NC_031749.1,Iflaviridae
NC_031751.1,Parvoviridae
NC_031753.1,Circoviridae
NC_031760.1,Geminiviridae
NC_031766.1,Secoviridae
NC_031764.1,Geminiviridae
NC_031765.1,Geminiviridae
NC_031761.1,Baculoviridae
NC_033737.1,Polyomaviridae
NC_033464.1,Herpesviridae
NC_031955.1,Rhabdoviridae
NC_032004.1,Geminiviridae
NC_031961.1,Geminiviridae
NC_031988.1,Rhabdoviridae
NC_032005.1,Polyomaviridae
NC_032006.1,Geminiviridae
NC_032087.1,Iflaviridae
NC_032106.1,Totiviridae
NC_032104.1,Alphaflexiviridae
NC_032118.1,Geminiviridae
NC_032115.1,Dicistroviridae
NC_032112.1,Dicistroviridae
NC_032120.1,Polyomaviridae
NC_032150.2,Partitiviridae
NC_032149.2,Partitiviridae
NC_032143.1,Cruliviridae
NC_032145.1,Cruliviridae
NC_032144.1,Cruliviridae
NC_032136.1,Phasmaviridae
NC_032137.1,Phasmaviridae
NC_032135.1,Phasmaviridae
NC_032153.1,Phasmaviridae
NC_032151.1,Phasmaviridae
NC_032152.1,Phasmaviridae
NC_032158.1,Phenuiviridae
NC_032159.1,Phenuiviridae
NC_032160.1,Phenuiviridae
NC_023485.1,Caulimoviridae
NC_023486.1,Reoviridae
NC_023487.1,Reoviridae
NC_023488.1,Reoviridae
NC_023489.1,Reoviridae
NC_023490.1,Reoviridae
NC_023491.1,Reoviridae
NC_023492.1,Reoviridae
NC_023493.1,Reoviridae
NC_023494.1,Reoviridae
NC_023495.1,Reoviridae
NC_023496.1,Papillomaviridae
NC_032682.2,Circoviridae
NC_032222.1,Polycipiviridae
NC_032256.1,Phenuiviridae
NC_032257.1,Phenuiviridae
NC_032282.1,Phenuiviridae
NC_032276.1,Phenuiviridae
NC_032281.1,Phenuiviridae
NC_032277.1,Phenuiviridae
NC_032278.1,Phenuiviridae
NC_032279.1,Phenuiviridae
NC_032280.1,Phenuiviridae
NC_032255.1,Baculoviridae
NC_032270.1,Secoviridae
NC_032271.1,Secoviridae
NC_032212.1,Hypoviridae
NC_032272.1,Qinviridae
NC_032274.1,Qinviridae
NC_032273.1,Yueviridae
NC_032275.1,Yueviridae
NC_032484.1,Astroviridae
NC_032433.1,Sinhaliviridae
NC_032405.1,Tombusviridae
NC_032476.1,Hypoviridae
NC_032417.1,Chuviridae
NC_032427.1,Chuviridae
NC_032430.1,Artoviridae
NC_032541.1,Nyamiviridae
NC_032544.1,Nyamiviridae
NC_032558.1,Artoviridae
NC_032555.1,Artoviridae
NC_032616.1,Hypoviridae
NC_033334.1,Geminiviridae
NC_033267.1,Rhabdoviridae
NC_033027.1,Xinmoviridae
NC_032929.1,Lispiviridae
NC_033152.1,Polycipiviridae
NC_033277.1,Chrysoviridae
NC_033278.1,Chrysoviridae
NC_033318.1,Chrysoviridae
NC_033317.1,Chrysoviridae
NC_033270.1,Genomoviridae
NC_033296.1,Qinviridae
NC_033297.1,Qinviridae
NC_033298.1,Qinviridae
NC_033299.1,Qinviridae
NC_032802.1,Chuviridae
NC_033292.1,Chuviridae
NC_033291.1,Chuviridae
NC_033293.1,Chuviridae
NC_033294.1,Chuviridae
NC_032793.1,Nyamiviridae
NC_032781.1,Rhabdoviridae
NC_032739.1,Rhabdoviridae
NC_032978.1,Polycipiviridae
NC_033182.1,Rhabdoviridae
NC_033289.1,Yueviridae
NC_033290.1,Yueviridae
NC_033287.1,Qinviridae
NC_033288.1,Qinviridae
NC_033168.1,Chuviridae
NC_033285.1,Qinviridae
NC_033284.1,Qinviridae
NC_033282.1,Qinviridae
NC_033283.1,Qinviridae
NC_033081.1,Caliciviridae
NC_033176.1,Herpesviridae
NC_033034.1,Rhabdoviridae
NC_033103.1,Rhabdoviridae
NC_033015.1,Chuviridae
NC_033328.1,Chuviridae
NC_033327.1,Chuviridae
NC_032912.1,Potyviridae
NC_032956.1,Chuviridae
NC_032944.1,Lispiviridae
NC_032907.1,Rhabdoviridae
NC_032849.1,Xinmoviridae
NC_033450.1,Nyamiviridae
NC_033451.1,Nyamiviridae
NC_033436.1,Lispiviridae
NC_033477.1,Partitiviridae
NC_033494.1,Partitiviridae
NC_033495.1,Partitiviridae
NC_033496.1,Partitiviridae
NC_033484.1,Qinviridae
NC_033490.1,Qinviridae
NC_033473.1,Hypoviridae
NC_033553.1,Arteriviridae
NC_033554.1,Geminiviridae
NC_036607.1,Tospoviridae
NC_036608.1,Tospoviridae
NC_036609.1,Tospoviridae
NC_036587.1,Alphaflexiviridae
NC_036586.1,Mesoniviridae
NC_036591.1,Geminiviridae
NC_036592.1,Circoviridae
NC_036589.1,Totiviridae
NC_036603.1,Partitiviridae
NC_036600.1,Partitiviridae
NC_036585.1,Iflaviridae
NC_036583.1,Astroviridae
NC_036604.1,Phenuiviridae
NC_036605.1,Phenuiviridae
NC_036606.1,Phenuiviridae
NC_036593.1,Circoviridae
NC_036597.1,Phenuiviridae
NC_036598.1,Phenuiviridae
NC_036599.1,Phenuiviridae
NC_036602.1,Phenuiviridae
NC_018505.1,Caulimoviridae
NC_018506.1,Picornaviridae
NC_036615.1,Orthomyxoviridae
NC_036616.1,Orthomyxoviridae
NC_036617.1,Orthomyxoviridae
NC_036621.1,Orthomyxoviridae
NC_036618.1,Orthomyxoviridae
NC_036620.1,Orthomyxoviridae
NC_036619.1,Orthomyxoviridae
NC_018519.1,Closteroviridae
NC_018530.1,Geminiviridae
NC_036802.1,Potyviridae
NC_018570.2,Dicistroviridae
NC_018575.1,Papillomaviridae
NC_018577.1,Geminiviridae
NC_018578.1,Geminiviridae
NC_018576.1,Geminiviridae
NC_018579.1,Geminiviridae
NC_018571.2,Solemoviridae
NC_036803.1,Solemoviridae
NC_036877.1,Circoviridae
NC_037052.1,Solemoviridae
NC_037056.1,Mitoviridae
NC_037055.1,Mitoviridae
NC_037054.1,Mitoviridae
NC_037058.1,Betaflexiviridae
NC_037053.1,Parvoviridae
NC_037051.1,Potyviridae
NC_037063.1,Geminiviridae
NC_037065.1,Geminiviridae
NC_037068.1,Geminiviridae
NC_037066.1,Geminiviridae
NC_037059.1,Papillomaviridae
NC_037064.1,Papillomaviridae
NC_037067.1,Papillomaviridae
NC_037061.1,Papillomaviridae
NC_037062.1,Genomoviridae
NC_018615.1,Togaviridae
NC_018616.1,Caulimoviridae
NC_018629.1,Rhabdoviridae
NC_037095.1,Partitiviridae
NC_037096.1,Partitiviridae
NC_018702.1,Astroviridae
NC_018668.1,Picornaviridae
NC_018703.1,Tymoviridae
NC_034524.1,Partitiviridae
NC_034556.1,Hantaviridae
NC_034563.1,Hantaviridae
NC_034555.1,Hantaviridae
NC_034547.1,Circoviridae
NC_034548.1,Rhabdoviridae
NC_034545.1,Rhabdoviridae
NC_034546.1,Rhabdoviridae
NC_034385.1,Picornaviridae
NC_034408.1,Mayoviridae
NC_034390.1,Mayoviridae
NC_034386.1,Nairoviridae
NC_034391.1,Nairoviridae
NC_034387.1,Nairoviridae
NC_034393.1,Hantaviridae
NC_034400.1,Hantaviridae
NC_034401.1,Hantaviridae
NC_034397.1,Hantaviridae
NC_034403.1,Hantaviridae
NC_034396.1,Hantaviridae
NC_034398.1,Hantaviridae
NC_034404.1,Hantaviridae
NC_034399.1,Hantaviridae
NC_034394.1,Hantaviridae
NC_034395.1,Hantaviridae
NC_034402.1,Hantaviridae
NC_034405.1,Hantaviridae
NC_034406.1,Hantaviridae
NC_034407.1,Hantaviridae
NC_034455.1,Arteriviridae
NC_034475.1,Peribunyaviridae
NC_034476.1,Peribunyaviridae
NC_034488.1,Peribunyaviridae
NC_034496.1,Peribunyaviridae
NC_034495.1,Peribunyaviridae
NC_034504.1,Peribunyaviridae
NC_034492.1,Peribunyaviridae
NC_034491.1,Peribunyaviridae
NC_034481.1,Peribunyaviridae
NC_034497.1,Peribunyaviridae
NC_034498.1,Peribunyaviridae
NC_034505.1,Peribunyaviridae
NC_034477.1,Peribunyaviridae
NC_034478.1,Peribunyaviridae
NC_034489.1,Peribunyaviridae
NC_034499.1,Peribunyaviridae
NC_034500.1,Peribunyaviridae
NC_034501.1,Peribunyaviridae
NC_034483.1,Peribunyaviridae
NC_034493.1,Peribunyaviridae
NC_034482.1,Peribunyaviridae
NC_034442.1,Flaviviridae
NC_034453.1,Picornaviridae
NC_034479.1,Peribunyaviridae
NC_034480.1,Peribunyaviridae
NC_034490.1,Peribunyaviridae
NC_034446.1,Herpesviridae
NC_034464.1,Hantaviridae
NC_034465.1,Hantaviridae
NC_034485.1,Hantaviridae
NC_034474.1,Hantaviridae
NC_034484.1,Hantaviridae
NC_034443.1,Rhabdoviridae
NC_034451.1,Rhabdoviridae
NC_034454.1,Rhabdoviridae
NC_034449.1,Rhabdoviridae
NC_034448.1,Rhabdoviridae
NC_034450.1,Rhabdoviridae
NC_034447.1,Rhabdoviridae
NC_034567.1,Astroviridae
NC_034617.1,Picornaviridae
NC_034631.1,Peribunyaviridae
NC_034632.1,Peribunyaviridae
NC_034633.1,Peribunyaviridae
NC_034629.1,Geminiviridae
NC_034630.1,Geminiviridae
NC_034618.1,Alloherpesviridae
NC_034622.1,Alphaflexiviridae
NC_034833.1,Betaflexiviridae
NC_034835.1,Potyviridae
NC_034836.1,Solemoviridae
NC_015299.1,Fimoviridae
NC_015301.1,Fimoviridae
NC_015300.1,Fimoviridae
NC_034979.1,Fimoviridae
NC_034980.1,Fimoviridae
NC_034981.1,Fimoviridae
NC_015298.1,Fimoviridae
NC_034972.1,Coronaviridae
NC_034976.1,Tobaniviridae
NC_034971.1,Picornaviridae
NC_034975.1,Astroviridae
NC_034977.1,Circoviridae
NC_034973.1,Dicistroviridae
NC_034968.1,Paramyxoviridae
NC_035071.1,Flaviviridae
NC_035111.1,Sinhaliviridae
NC_035179.1,Geminiviridae
NC_023586.1,Inoviridae
NC_023598.1,Mitoviridae
NC_035137.1,Genomoviridae
NC_035114.1,Narnaviridae
NC_035115.1,Dicistroviridae
NC_035116.1,Sinhaliviridae
NC_035112.1,Sinhaliviridae
NC_035113.1,Sinhaliviridae
NC_035117.1,Herpesviridae
NC_035118.1,Flaviviridae
NC_035127.1,Arteriviridae
NC_035138.1,Genomoviridae
NC_035185.1,Parvoviridae
NC_023628.1,Potyviridae
NC_035432.1,Flaviviridae
NC_023627.1,Iflaviridae
NC_035210.1,Hepadnaviridae
NC_035181.1,Polyomaviridae
NC_035197.1,Genomoviridae
NC_035196.1,Circoviridae
NC_035194.1,Circoviridae
NC_035195.1,Circoviridae
NC_035200.1,Circoviridae
NC_035199.1,Papillomaviridae
NC_035201.1,Papillomaviridae
NC_035193.1,Papillomaviridae
NC_035198.1,Picornaviridae
NC_035205.1,Alphaflexiviridae
NC_035204.1,Alphaflexiviridae
NC_035202.1,Betaflexiviridae
NC_035186.1,Parvoviridae
NC_035190.1,Alphaflexiviridae
NC_035209.1,Circoviridae
NC_035206.1,Picobirnaviridae
NC_035189.1,Amalgaviridae
NC_035215.1,Secoviridae
NC_035221.1,Secoviridae
NC_035218.1,Secoviridae
NC_035220.1,Secoviridae
NC_035180.1,Parvoviridae
NC_035219.1,Secoviridae
NC_035214.1,Secoviridae
NC_035208.1,Papillomaviridae
NC_035184.1,Dicistroviridae
NC_023633.1,Phenuiviridae
NC_023634.1,Phenuiviridae
NC_023635.1,Phenuiviridae
NC_023631.1,Astroviridae
NC_023632.1,Astroviridae
NC_023629.1,Astroviridae
NC_023630.1,Astroviridae
NC_023636.1,Astroviridae
NC_023641.1,Endornaviridae
NC_023676.1,Iflaviridae
NC_023674.1,Astroviridae
NC_023677.1,Herpesviridae
NC_023673.1,Parvoviridae
NC_023684.1,Partitiviridae
NC_023685.1,Partitiviridae
NC_023681.1,Baculoviridae
NC_035674.1,Totiviridae
NC_035676.1,Geminiviridae
NC_035675.1,Caliciviridae
NC_035758.1,Astroviridae
NC_035471.1,Astroviridae
NC_035480.1,Geminiviridae
NC_035479.1,Papillomaviridae
NC_035478.1,Papillomaviridae
NC_035453.1,Closteroviridae
NC_035454.1,Phenuiviridae
NC_035759.1,Phenuiviridae
NC_035481.1,Geminiviridae
NC_035487.1,Geminiviridae
NC_035488.1,Geminiviridae
NC_035452.1,Tombusviridae
NC_035472.1,Caulimoviridae
NC_035473.1,Geminiviridae
NC_035451.1,Solemoviridae
NC_035458.1,Potyviridae
NC_035459.1,Potyviridae
NC_035476.1,Circoviridae
NC_035477.1,Genomoviridae
NC_035465.1,Tobaniviridae
NC_035461.1,Potyviridae
NC_035482.1,Tospoviridae
NC_035484.1,Tospoviridae
NC_035483.1,Tospoviridae
NC_035474.1,Smacoviridae
NC_035486.1,Partitiviridae
NC_035485.1,Partitiviridae
NC_035467.1,Sinhaliviridae
NC_035466.1,Sinhaliviridae
NC_023680.1,Hypoviridae
NC_035779.1,Picornaviridae
NC_035799.1,Circoviridae
NC_023762.1,Arenaviridae
NC_023763.1,Arenaviridae
NC_023764.1,Arenaviridae
NC_010429.1,Inoviridae
NC_036390.1,Rhabdoviridae
NC_036468.1,Reoviridae
NC_036469.1,Reoviridae
NC_036470.1,Reoviridae
NC_036471.1,Reoviridae
NC_036472.1,Reoviridae
NC_036473.1,Reoviridae
NC_036474.1,Reoviridae
NC_036476.1,Reoviridae
NC_036477.1,Reoviridae
NC_036475.1,Reoviridae
NC_018710.1,Arenaviridae
NC_018711.1,Arenaviridae
NC_018716.1,Geminiviridae
NC_018718.1,Geminiviridae
NC_018715.1,Geminiviridae
NC_018717.1,Geminiviridae
NC_018713.1,Flaviviridae
NC_018833.1,Potyviridae
NC_018858.1,Caulimoviridae
NC_018875.1,Baculoviridae
NC_019023.1,Papillomaviridae
NC_019024.1,Geminiviridae
NC_019025.1,Betaflexiviridae
NC_019027.1,Astroviridae
NC_019028.1,Astroviridae
NC_019026.1,Astroviridae
NC_019031.1,Potyviridae
NC_019029.1,Betaflexiviridae
NC_019030.1,Betaflexiviridae
NC_019036.1,Geminiviridae
NC_019035.1,Geminiviridae
NC_019415.1,Potyviridae
NC_019409.1,Potyviridae
NC_019412.1,Potyviridae
NC_037305.1,Geminiviridae
NC_037306.1,Geminiviridae
NC_023813.1,Reoviridae
NC_023814.1,Reoviridae
NC_023815.1,Reoviridae
NC_023817.1,Reoviridae
NC_023818.1,Reoviridae
NC_023820.1,Reoviridae
NC_023821.1,Reoviridae
NC_023819.1,Reoviridae
NC_023816.1,Reoviridae
NC_023766.1,Arenaviridae
NC_023844.1,Genomoviridae
NC_023842.1,Parvoviridae
NC_023845.1,Polyomaviridae
NC_023850.1,Geminiviridae
NC_023851.1,Geminiviridae
NC_023849.1,Geminiviridae
NC_023852.1,Papillomaviridae
NC_023864.1,Geminiviridae
NC_023861.2,Picornaviridae
NC_023860.1,Parvoviridae
NC_023858.1,Picornaviridae
NC_023872.1,Genomoviridae
NC_023871.1,Genomoviridae
NC_023870.1,Genomoviridae
NC_023866.1,Circoviridae
NC_023868.1,Circoviridae
NC_023869.1,Circoviridae
NC_023885.1,Circoviridae
NC_023878.1,Circoviridae
NC_023877.1,Circoviridae
NC_023882.1,Papillomaviridae
NC_023874.2,Circoviridae
NC_023879.1,Circoviridae
NC_023886.1,Circoviridae
NC_023887.1,Smacoviridae
NC_023873.1,Papillomaviridae
NC_023894.1,Papillomaviridae
NC_023891.1,Papillomaviridae
NC_023895.1,Papillomaviridae
NC_023893.1,Endornaviridae
NC_037655.1,Astroviridae
NC_037654.1,Picornaviridae
NC_037659.1,Hypoviridae
NC_023989.1,Geminiviridae
NC_023988.1,Picornaviridae
NC_023987.1,Picornaviridae
NC_023986.1,Mesoniviridae
NC_023985.1,Picornaviridae
NC_023984.1,Picornaviridae
NC_024009.1,Geminiviridae
NC_024012.1,Geminiviridae
NC_024013.1,Geminiviridae
NC_024017.1,Flaviviridae
NC_024016.1,Iflaviridae
NC_024031.1,Caliciviridae
NC_024073.1,Picornaviridae
NC_017982.1,Polyomaviridae
NC_024074.1,Peribunyaviridae
NC_024075.1,Peribunyaviridae
NC_024076.1,Peribunyaviridae
NC_024078.1,Caliciviridae
NC_024077.1,Flaviviridae
NC_019491.1,Alloherpesviridae
NC_019495.1,Alloherpesviridae
NC_019497.1,Geminiviridae
NC_019493.1,Endornaviridae
NC_019494.1,Astroviridae
NC_019492.1,Parvoviridae
NC_019531.1,Paramyxoviridae
NC_019569.1,Geminiviridae
NC_019707.1,Fiersviridae
NC_019712.1,Caliciviridae
NC_024111.1,Flaviviridae
NC_024113.1,Flaviviridae
NC_024114.1,Flaviviridae
NC_024112.1,Flaviviridae
NC_034163.1,Reoviridae
NC_034164.1,Reoviridae
NC_034165.1,Reoviridae
NC_034166.1,Reoviridae
NC_034168.1,Reoviridae
NC_034169.1,Reoviridae
NC_034170.1,Reoviridae
NC_034171.1,Reoviridae
NC_034172.1,Reoviridae
NC_034162.1,Reoviridae
NC_034173.1,Reoviridae
NC_024116.1,Geminiviridae
NC_024115.1,Totiviridae
NC_024119.1,Smacoviridae
NC_024118.1,Polyomaviridae
NC_024151.1,Totiviridae
NC_019844.1,Polyomaviridae
NC_019853.1,Polyomaviridae
NC_019854.2,Polyomaviridae
NC_019851.1,Polyomaviridae
NC_019852.1,Papillomaviridae
NC_019922.1,Fiersviridae
NC_019920.1,Fiersviridae
NC_019945.1,Baculoviridae
NC_019947.1,Geminiviridae
NC_020067.1,Polyomaviridae
NC_020069.1,Polyomaviridae
NC_020070.1,Polyomaviridae
NC_020065.1,Polyomaviridae
NC_020071.1,Polyomaviridae
NC_020066.1,Polyomaviridae
NC_020068.1,Polyomaviridae
NC_020073.2,Tombusviridae
NC_020072.1,Potyviridae
NC_020085.1,Papillomaviridae
NC_020084.1,Papillomaviridae
NC_024305.1,Geminiviridae
NC_024304.1,Geminiviridae
NC_024297.1,Astroviridae
NC_024301.1,Caulimoviridae
NC_024296.1,Bornaviridae
NC_024300.1,Papillomaviridae
NC_024303.1,Herpesviridae
NC_024306.1,Herpesviridae
NC_020105.1,Potyviridae
NC_020099.1,Circoviridae
NC_017843.2,Circoviridae
NC_020106.1,Polyomaviridae
NC_020231.1,Herpesviridae
NC_020235.1,Partitiviridae
NC_020234.1,Partitiviridae
NC_020257.1,Geminiviridae
NC_020253.1,Geminiviridae
NC_020254.1,Geminiviridae
NC_020256.1,Geminiviridae
NC_024377.1,Flaviviridae
NC_024382.1,Herpesviridae
NC_024376.1,Nyamiviridae
NC_024444.1,Hepadnaviridae
NC_024445.1,Hepadnaviridae
NC_024443.1,Hepadnaviridae
NC_024453.2,Parvoviridae
NC_024454.1,Parvoviridae
NC_024452.1,Parvoviridae
NC_024455.1,Endornaviridae
NC_020415.1,Tombusviridae
NC_020439.1,Reoviridae
NC_020440.1,Reoviridae
NC_020441.1,Reoviridae
NC_020446.1,Reoviridae
NC_020447.1,Reoviridae
NC_020448.1,Reoviridae
NC_020442.1,Reoviridae
NC_020443.1,Reoviridae
NC_020445.1,Reoviridae
NC_020444.1,Reoviridae
NC_020473.1,Geminiviridae
NC_020474.2,Herpesviridae
NC_020470.1,Tymoviridae
NC_024458.1,Alphaflexiviridae
NC_024471.1,Potyviridae
NC_024472.1,Astroviridae
NC_024473.1,Rhabdoviridae
NC_024476.1,Aspiviridae
NC_036634.1,Aspiviridae
NC_036635.1,Aspiviridae
NC_024489.1,Marnaviridae
NC_024491.1,Geminiviridae
NC_024492.1,Nodaviridae
NC_024493.1,Nodaviridae
NC_024494.1,Phenuiviridae
NC_024495.1,Phenuiviridae
NC_024496.1,Phenuiviridae
NC_024499.1,Reoviridae
NC_024500.1,Reoviridae
NC_024503.1,Reoviridae
NC_024508.1,Reoviridae
NC_024509.1,Reoviridae
NC_024510.1,Reoviridae
NC_024506.1,Reoviridae
NC_024505.1,Reoviridae
NC_024504.1,Reoviridae
NC_024507.1,Reoviridae
NC_024501.1,Virgaviridae
NC_024502.1,Virgaviridae
NC_024498.1,Astroviridae
NC_020499.1,Parvoviridae
NC_020500.1,Papillomaviridae
NC_020501.1,Papillomaviridae
NC_020805.1,Rhabdoviridae
NC_020808.1,Rhabdoviridae
NC_020809.1,Rhabdoviridae
NC_020806.1,Rhabdoviridae
NC_020804.1,Rhabdoviridae
NC_020807.1,Rhabdoviridae
NC_024687.1,Geminiviridae
NC_024685.1,Hypoviridae
NC_024691.1,Genomoviridae
NC_024690.1,Genomoviridae
NC_024689.1,Genomoviridae
NC_024686.1,Betaflexiviridae
NC_024694.1,Circoviridae
NC_024693.1,Geminiviridae
NC_024700.1,Circoviridae
NC_024701.1,Astroviridae
NC_024696.1,Herpesviridae
NC_024702.1,Nyamiviridae
NC_020881.1,Hepadnaviridae
NC_020890.1,Polyomaviridae
NC_020896.1,Potyviridae
NC_020897.1,Secoviridae
NC_020898.1,Secoviridae
NC_020903.1,Totiviridae
NC_020899.1,Mesoniviridae
NC_020900.1,Mesoniviridae
NC_020901.1,Mesoniviridae
NC_020904.1,Circoviridae
NC_020927.1,Bidnaviridae
NC_020928.1,Bidnaviridae
NC_020996.1,Betaflexiviridae
NC_020997.1,Totiviridae
NC_020999.1,Caulimoviridae
NC_021065.1,Potyviridae
NC_024692.1,Nudiviridae
NC_024709.1,Tobaniviridae
NC_024765.1,Picornaviridae
NC_024768.1,Picornaviridae
NC_024767.1,Picornaviridae
NC_024766.1,Picornaviridae
NC_024771.1,Herpesviridae
NC_024774.1,Smacoviridae
NC_024775.1,Smacoviridae
NC_024773.1,Smacoviridae
NC_024776.1,Smacoviridae
NC_024772.1,Smacoviridae
NC_024778.1,Bornaviridae
NC_021094.1,Partitiviridae
NC_021095.1,Partitiviridae
NC_021096.1,Partitiviridae
NC_021098.1,Partitiviridae
NC_021099.1,Partitiviridae
NC_021147.1,Partitiviridae
NC_021154.1,Flaviviridae
NC_021197.1,Potyviridae
NC_021201.1,Picornaviridae
NC_021206.1,Circoviridae
NC_021205.1,Geminiviridae
NC_021202.1,Geminiviridae
NC_021204.1,Smacoviridae
NC_021203.1,Smacoviridae
NC_021220.1,Picornaviridae
NC_021242.1,Phenuiviridae
NC_021243.1,Phenuiviridae
NC_021244.1,Phenuiviridae
NC_021245.1,Geminiviridae
NC_024805.1,Flaviviridae
NC_024809.1,Geminiviridae
NC_024888.1,Parvoviridae
NC_024887.1,Togaviridae
NC_024894.1,Geminiviridae
NC_024895.1,Geminiviridae
NC_024893.1,Papillomaviridae
NC_024906.1,Closteroviridae
NC_021341.1,Geminiviridae
NC_021484.1,Solemoviridae
NC_021483.1,Papillomaviridae
NC_021481.1,Tombusviridae
NC_021482.1,Picornaviridae
NC_021567.1,Iflaviridae
NC_021562.1,Inoviridae
NC_021569.1,Inoviridae
NC_021565.1,Totiviridae
NC_021568.1,Circoviridae
NC_021564.1,Solemoviridae
NC_021541.1,Reoviridae
NC_021542.1,Reoviridae
NC_021543.1,Reoviridae
NC_021544.1,Reoviridae
NC_021545.1,Reoviridae
NC_021546.1,Reoviridae
NC_021547.1,Reoviridae
NC_021549.1,Reoviridae
NC_021550.1,Reoviridae
NC_021551.1,Reoviridae
NC_021548.1,Reoviridae
NC_021579.1,Geminiviridae
NC_021583.1,Reoviridae
NC_021584.1,Reoviridae
NC_021585.1,Reoviridae
NC_021586.1,Reoviridae
NC_021588.1,Reoviridae
NC_021589.1,Reoviridae
NC_021580.1,Reoviridae
NC_021581.1,Reoviridae
NC_021587.1,Reoviridae
NC_021590.1,Reoviridae
NC_021582.1,Reoviridae
NC_021626.1,Reoviridae
NC_021627.1,Reoviridae
NC_021628.1,Reoviridae
NC_021635.1,Reoviridae
NC_021629.1,Reoviridae
NC_021631.1,Reoviridae
NC_021632.1,Reoviridae
NC_021633.1,Reoviridae
NC_021634.1,Reoviridae
NC_021625.1,Reoviridae
NC_021630.1,Reoviridae
NC_021705.2,Tombusviridae
NC_025112.1,Arteriviridae
NC_025114.1,Picornaviridae
NC_025113.1,Arteriviridae
NC_021719.1,Geminiviridae
NC_021735.1,Benyviridae
NC_021736.1,Benyviridae
NC_021797.1,Microviridae
NC_021786.1,Potyviridae
NC_021805.1,Microviridae
NC_021851.1,Tymoviridae
NC_021862.1,Inoviridae
NC_021873.1,Partitiviridae
NC_025346.1,Astroviridae
NC_025355.1,Paramyxoviridae
NC_025380.1,Polyomaviridae
NC_025370.1,Polyomaviridae
NC_025368.1,Polyomaviridae
NC_025364.1,Rhabdoviridae
NC_025350.1,Paramyxoviridae
NC_025365.1,Rhabdoviridae
NC_025361.1,Paramyxoviridae
NC_025347.1,Paramyxoviridae
NC_021924.1,Baculoviridae
NC_021926.1,Tombusviridae
NC_021923.1,Baculoviridae
NC_021930.1,Papillomaviridae
NC_021928.1,Paramyxoviridae
NC_022002.1,Geminiviridae
NC_022007.1,Geminiviridae
NC_022008.1,Geminiviridae
NC_022003.1,Geminiviridae
NC_022005.1,Geminiviridae
NC_022006.1,Secoviridae
NC_022004.1,Secoviridae
NC_022037.1,Peribunyaviridae
NC_022039.1,Peribunyaviridae
NC_022073.1,Geminiviridae
NC_022072.1,Closteroviridae
NC_022089.1,Parvoviridae
NC_025218.2,Totiviridae
NC_025216.1,Circoviridae
NC_025219.1,Dicistroviridae
NC_025214.1,Totiviridae
NC_025247.1,Circoviridae
NC_025246.1,Circoviridae
NC_025250.1,Potyviridae
NC_025251.1,Rhabdoviridae
NC_025255.1,Rhabdoviridae
NC_025253.1,Rhabdoviridae
NC_025252.1,Alphaflexiviridae
NC_025254.1,Potyviridae
NC_025256.1,Paramyxoviridae
NC_025257.1,Baculoviridae
NC_025259.1,Polyomaviridae
NC_025266.1,Geminiviridae
NC_025340.1,Rhabdoviridae
NC_025343.1,Paramyxoviridae
NC_025342.1,Rhabdoviridae
NC_025341.1,Rhabdoviridae
NC_025353.1,Rhabdoviridae
NC_025360.1,Paramyxoviridae
NC_025358.1,Rhabdoviridae
NC_025377.1,Rhabdoviridae
NC_025381.1,Virgaviridae
NC_025356.1,Rhabdoviridae
NC_025367.1,Totiviridae
NC_025363.1,Paramyxoviridae
NC_025376.1,Rhabdoviridae
NC_025362.1,Rhabdoviridae
NC_025351.1,Paramyxoviridae
NC_025378.1,Rhabdoviridae
NC_022095.1,Papillomaviridae
NC_022103.1,Coronaviridae
NC_022104.1,Parvoviridae
NC_022131.1,Geminiviridae
NC_025359.1,Rhabdoviridae
NC_025352.1,Paramyxoviridae
NC_025382.1,Rhabdoviridae
NC_025384.1,Rhabdoviridae
NC_025385.1,Rhabdoviridae
NC_025391.1,Rhabdoviridae
NC_025402.1,Paramyxoviridae
NC_025405.1,Rhabdoviridae
NC_025404.1,Paramyxoviridae
NC_025403.1,Paramyxoviridae
NC_025400.1,Rhabdoviridae
NC_025386.1,Paramyxoviridae
NC_025407.1,Paramyxoviridae
NC_025387.1,Rhabdoviridae
NC_025397.1,Rhabdoviridae
NC_025408.1,Rhabdoviridae
NC_025390.1,Paramyxoviridae
NC_025389.1,Rhabdoviridae
NC_025388.1,Betaflexiviridae
NC_025399.1,Rhabdoviridae
NC_025394.1,Rhabdoviridae
NC_025396.1,Rhabdoviridae
NC_025406.1,Rhabdoviridae
NC_025401.1,Rhabdoviridae
NC_025395.1,Rhabdoviridae
NC_025393.1,Rhabdoviridae
NC_022232.1,Geminiviridae
NC_022229.1,Geminiviridae
NC_022230.1,Virgaviridae
NC_022233.1,Herpesviridae
NC_022249.1,Astroviridae
NC_022250.1,Bromoviridae
NC_022251.1,Bromoviridae
NC_022252.1,Bromoviridae
NC_022253.1,Papillomaviridae
NC_022332.1,Picornaviridae
NC_022365.1,Caulimoviridae
NC_025454.1,Inoviridae
NC_025432.1,Picornaviridae
NC_025435.1,Solemoviridae
NC_025468.1,Betaflexiviridae
NC_025477.1,Bromoviridae
NC_025481.1,Bromoviridae
NC_025478.1,Bromoviridae
NC_025482.1,Bromoviridae
NC_025483.1,Bromoviridae
NC_025484.1,Bromoviridae
NC_025480.2,Secoviridae
NC_025469.1,Betaflexiviridae
NC_025474.1,Picornaviridae
NC_025475.1,Geminiviridae
NC_025485.1,Reoviridae
NC_025486.1,Reoviridae
NC_025487.1,Reoviridae
NC_025488.1,Reoviridae
NC_025489.1,Reoviridae
NC_025490.1,Reoviridae
NC_025491.1,Reoviridae
NC_025493.1,Reoviridae
NC_025492.1,Reoviridae
NC_025476.1,Circoviridae
NC_022517.1,Retroviridae
NC_022518.1,Retroviridae
NC_022519.1,Polyomaviridae
NC_025680.1,Geminiviridae
NC_025676.1,Caliciviridae
NC_025674.1,Virgaviridae
NC_025681.1,Geminiviridae
NC_025682.1,Circoviridae
NC_025684.1,Circoviridae
NC_025683.1,Circoviridae
NC_025717.1,Circoviridae
NC_025709.1,Circoviridae
NC_025725.1,Geminiviridae
NC_025738.1,Genomoviridae
NC_025741.1,Genomoviridae
NC_025728.1,Genomoviridae
NC_025729.1,Genomoviridae
NC_025730.1,Genomoviridae
NC_025731.1,Genomoviridae
NC_025732.1,Genomoviridae
NC_025788.1,Iflaviridae
NC_025790.1,Polyomaviridae
NC_025792.1,Circoviridae
NC_025791.1,Circoviridae
NC_025793.1,Orthomyxoviridae
NC_025794.1,Orthomyxoviridae
NC_025795.1,Orthomyxoviridae
NC_025796.1,Orthomyxoviridae
NC_025797.1,Orthomyxoviridae
NC_025798.1,Orthomyxoviridae
NC_025799.1,Orthomyxoviridae
NC_025789.1,Alphaflexiviridae
NC_025801.1,Reoviridae
NC_025802.1,Reoviridae
NC_025803.1,Reoviridae
NC_025806.1,Reoviridae
NC_025809.1,Reoviridae
NC_025804.1,Reoviridae
NC_025810.1,Reoviridae
NC_025807.1,Reoviridae
NC_025800.1,Polyomaviridae
NC_025811.1,Polyomaviridae
NC_025831.1,Nairoviridae
NC_025832.1,Nairoviridae
NC_025833.1,Nairoviridae
NC_025821.1,Potyviridae
NC_025825.1,Parvoviridae
NC_025835.1,Iflaviridae
NC_025837.1,Solemoviridae
NC_025838.1,Reoviridae
NC_025840.1,Reoviridae
NC_025841.1,Reoviridae
NC_025842.1,Reoviridae
NC_025843.1,Reoviridae
NC_025845.1,Reoviridae
NC_025846.1,Reoviridae
NC_025847.1,Reoviridae
NC_025848.1,Reoviridae
NC_025850.1,Reoviridae
NC_025852.1,Reoviridae
NC_025851.1,Reoviridae
NC_025844.1,Reoviridae
NC_025849.1,Reoviridae
NC_025853.1,Reoviridae
NC_025839.1,Reoviridae
NC_025899.1,Polyomaviridae
NC_025898.1,Polyomaviridae
NC_025894.1,Polyomaviridae
NC_025896.1,Polyomaviridae
NC_025895.1,Polyomaviridae
NC_025891.1,Parvoviridae
NC_025890.1,Picornaviridae
NC_025960.1,Baculoviridae
NC_025959.1,Circoviridae
NC_025961.1,Picornaviridae
NC_025965.1,Parvoviridae
NC_025967.1,Closteroviridae
NC_026015.1,Polyomaviridae
NC_026012.1,Polyomaviridae
NC_026013.1,Microviridae
NC_026020.2,Caulimoviridae
NC_026135.1,Totiviridae
NC_026161.1,Genomoviridae
NC_026141.2,Polyomaviridae
NC_026144.1,Genomoviridae
NC_026140.1,Totiviridae
NC_026136.1,Endornaviridae
NC_026163.1,Genomoviridae
NC_026162.1,Genomoviridae
NC_026164.1,Genomoviridae
NC_026165.1,Genomoviridae
NC_026166.1,Genomoviridae
NC_026169.1,Genomoviridae
NC_026167.1,Genomoviridae
NC_022554.1,Reoviridae
NC_022555.1,Reoviridae
NC_022556.1,Reoviridae
NC_022557.1,Reoviridae
NC_022558.1,Reoviridae
NC_022560.1,Reoviridae
NC_022562.1,Reoviridae
NC_022559.1,Reoviridae
NC_022561.1,Reoviridae
NC_022553.1,Reoviridae
NC_022564.1,Parvoviridae
NC_026244.1,Polyomaviridae
NC_026238.1,Caulimoviridae
NC_026240.1,Tombusviridae
NC_026239.1,Tombusviridae
NC_026248.1,Betaflexiviridae
NC_026253.1,Geminiviridae
NC_026252.1,Smacoviridae
NC_026250.1,Iflaviridae
NC_026249.1,Picornaviridae
NC_026251.1,Parvoviridae
NC_026254.1,Genomoviridae
NC_026281.1,Peribunyaviridae
NC_026283.1,Peribunyaviridae
NC_026282.1,Peribunyaviridae
NC_026261.1,Genomoviridae
NC_026320.1,Smacoviridae
NC_026318.1,Smacoviridae
NC_026317.1,Smacoviridae
NC_026422.1,Orthomyxoviridae
NC_026423.1,Orthomyxoviridae
NC_026424.1,Orthomyxoviridae
NC_026426.1,Orthomyxoviridae
NC_026427.1,Orthomyxoviridae
NC_026428.1,Orthomyxoviridae
NC_026425.1,Orthomyxoviridae
NC_026421.1,Herpesviridae
NC_022580.1,Rhabdoviridae
NC_022581.1,Rhabdoviridae
NC_022586.1,Geminiviridae
NC_022595.1,Peribunyaviridae
NC_022596.1,Peribunyaviridae
NC_022597.1,Peribunyaviridae
NC_022611.1,Iflaviridae
NC_022614.1,Partitiviridae
NC_022615.1,Partitiviridae
NC_022617.1,Partitiviridae
NC_022616.1,Partitiviridae
NC_022620.1,Reoviridae
NC_022623.1,Reoviridae
NC_022626.1,Reoviridae
NC_022627.1,Reoviridae
NC_022628.1,Reoviridae
NC_022629.1,Reoviridae
NC_022624.1,Reoviridae
NC_022621.1,Reoviridae
NC_022622.1,Reoviridae
NC_022625.1,Reoviridae
NC_022630.1,Phenuiviridae
NC_022631.1,Phenuiviridae
NC_022632.1,Phenuiviridae
NC_022644.1,Geminiviridae
NC_022645.1,Geminiviridae
NC_022647.1,Papillomaviridae
NC_022646.1,Baculoviridae
NC_026470.1,Picornaviridae
NC_026473.1,Polyomaviridae
NC_026510.1,Mitoviridae
NC_026511.1,Baculoviridae
NC_026513.1,Geminiviridae
NC_026514.1,Geminiviridae
NC_026512.1,Circoviridae
NC_026509.1,Arteriviridae
NC_022745.1,Potyviridae
NC_022748.1,Parvoviridae
NC_022787.1,Tobaniviridae
NC_022790.1,Microviridae
NC_022799.1,Secoviridae
NC_022798.1,Secoviridae
NC_022801.1,Virgaviridae
NC_022802.1,Picornaviridae
NC_026582.1,Inoviridae
NC_026612.1,Inoviridae
NC_026592.1,Alphaflexiviridae
NC_026615.1,Potyviridae
NC_026616.2,Betaflexiviridae
NC_026617.1,Peribunyaviridae
NC_026618.2,Peribunyaviridae
NC_026619.1,Peribunyaviridae
NC_026621.1,Mitoviridae
NC_026631.1,Circoviridae
NC_026630.1,Circoviridae
NC_026627.1,Circoviridae
NC_026626.1,Circoviridae
NC_026654.1,Circoviridae
NC_026652.1,Circoviridae
NC_026651.1,Circoviridae
NC_026649.1,Circoviridae
NC_026648.1,Circoviridae
NC_026647.1,Circoviridae
NC_026653.1,Circoviridae
NC_026646.1,Circoviridae
NC_026645.1,Circoviridae
NC_026643.1,Circoviridae
NC_026642.1,Circoviridae
NC_026641.1,Circoviridae
NC_026639.1,Circoviridae
NC_026638.1,Circoviridae
NC_026637.1,Circoviridae
NC_026636.1,Circoviridae
NC_026650.1,Circoviridae
NC_026622.1,Mitoviridae
NC_026640.1,Papillomaviridae
NC_026635.1,Circoviridae
NC_026634.1,Circoviridae
NC_026633.1,Circoviridae
NC_026632.1,Circoviridae
NC_026629.1,Circoviridae
NC_026628.1,Circoviridae
NC_026625.1,Circoviridae
NC_026665.1,Microviridae
NC_026733.1,Iflaviridae
NC_026762.1,Polyomaviridae
NC_026759.1,Potyviridae
NC_026763.1,Geminiviridae
NC_026761.1,Geminiviridae
NC_026771.1,Geminiviridae
NC_026770.1,Polyomaviridae
NC_026769.1,Polyomaviridae
NC_026768.1,Polyomaviridae
NC_026766.1,Polyomaviridae
NC_022892.1,Papillomaviridae
NC_022897.1,Circoviridae
NC_022896.1,Hypoviridae
NC_022895.1,Tombusviridae
NC_022894.1,Alphaflexiviridae
NC_022961.1,Alphaflexiviridae
NC_022978.1,Closteroviridae
NC_004553.3,Solemoviridae
NC_023008.1,Polyomaviridae
NC_023016.1,Secoviridae
NC_023017.1,Secoviridae
NC_023020.1,Parvoviridae
NC_023023.1,Geminiviridae
NC_026806.1,Genomoviridae
NC_026818.1,Genomoviridae
NC_026815.1,Parvoviridae
NC_026816.1,Virgaviridae
NC_026817.1,Genomoviridae
NC_026814.1,Astroviridae
NC_026820.2,Reoviridae
NC_026821.2,Reoviridae
NC_026822.2,Reoviridae
NC_026823.2,Reoviridae
NC_026827.2,Reoviridae
NC_026828.2,Reoviridae
NC_026829.2,Reoviridae
NC_026830.2,Reoviridae
NC_026825.2,Reoviridae
NC_026824.2,Reoviridae
NC_026826.2,Reoviridae
NC_026819.1,Caulimoviridae
NC_026809.1,Genomoviridae
NC_026810.1,Genomoviridae
NC_026808.1,Genomoviridae
NC_026807.1,Genomoviridae
NC_023021.1,Dicistroviridae
NC_023022.1,Iflaviridae
NC_023034.1,Geminiviridae
NC_023039.1,Chrysoviridae
NC_023040.1,Chrysoviridae
NC_023043.1,Chrysoviridae
NC_023041.1,Chrysoviridae
NC_023042.1,Chrysoviridae
NC_023153.1,Retroviridae
NC_023154.1,Nanoviridae
NC_023155.1,Nanoviridae
NC_023156.1,Nanoviridae
NC_023157.1,Nanoviridae
NC_023158.1,Nanoviridae
NC_023159.1,Nanoviridae
NC_023160.1,Nanoviridae
NC_023161.1,Nanoviridae
NC_026921.1,Picornaviridae
NC_017859.1,Betaflexiviridae
NC_023175.1,Potyviridae
NC_023176.1,Flaviviridae
NC_023178.1,Papillomaviridae
NC_023177.1,Baculoviridae
NC_026922.1,Baculoviridae
NC_027554.1,Reoviridae
NC_027555.1,Reoviridae
NC_027556.1,Reoviridae
NC_027557.1,Reoviridae
NC_027558.1,Reoviridae
NC_027559.1,Reoviridae
NC_027560.1,Reoviridae
NC_027561.1,Reoviridae
NC_027562.1,Reoviridae
NC_001730.1,Microviridae
NC_036581.1,Amalgaviridae
NC_036580.1,Amalgaviridae
NC_018714.1,Betaflexiviridae
NC_018453.1,Geminiviridae
NC_036588.1,Picornaviridae
NC_007557.1,Reoviridae
NC_007558.1,Reoviridae
NC_008175.1,Reoviridae
NC_007923.1,Polyomaviridae
NC_012869.1,Betaflexiviridae
NC_015488.1,Geminiviridae
NC_015489.1,Geminiviridae
NC_007752.1,Reoviridae
NC_008017.1,Caulimoviridae
NC_008716.1,Virgaviridae
NC_012910.1,Closteroviridae
NC_009548.1,Geminiviridae
NC_015398.1,Baculoviridae
NC_015395.1,Betaflexiviridae
NC_005990.1,Reoviridae
NC_005991.1,Reoviridae
NC_003753.1,Phenuiviridae
NC_003624.1,Tospoviridae
NC_003436.1,Coronaviridae
NC_007546.1,Reoviridae
NC_011086.1,Tymoviridae
NC_011050.1,Caliciviridae
NC_004157.1,Nairoviridae
NC_002035.1,Bromoviridae
NC_003466.1,Hantaviridae
NC_007590.1,Reoviridae
NC_007591.1,Reoviridae
NC_003570.1,Bromoviridae
NC_003568.1,Bromoviridae
NC_010238.1,Geminiviridae
NC_010833.1,Geminiviridae
NC_008306.1,Tospoviridae
NC_009245.1,Reoviridae
NC_003493.2,Geminiviridae
NC_001408.1,Retroviridae
NC_002038.1,Bromoviridae
NC_011280.1,Papillomaviridae
NC_002040.1,Bromoviridae
NC_002039.1,Bromoviridae
NC_003382.1,Caulimoviridae
NC_004607.1,Geminiviridae
NC_001441.1,Alphaflexiviridae
NC_009017.1,Tombusviridae
NC_009944.1,Chrysoviridae
NC_009945.1,Chrysoviridae
NC_003628.1,Secoviridae
NC_008348.1,Baculoviridae
NC_003620.1,Tospoviridae
NC_001983.1,Geminiviridae
NC_002251.1,Rhabdoviridae
NC_011096.1,Geminiviridae
NC_011097.2,Caulimoviridae
NC_002556.1,Geminiviridae
NC_001841.1,Potyviridae
NC_001926.1,Peribunyaviridae
NC_001560.1,Rhabdoviridae
NC_004812.1,Herpesviridae
NC_006151.1,Herpesviridae
NC_011106.1,Betaflexiviridae
NC_007605.1,Herpesviridae
NC_003470.1,Partitiviridae
NC_010744.1,Reoviridae
NC_005238.1,Hantaviridae
NC_005811.1,Geminiviridae
NC_001438.1,Geminiviridae
NC_008293.1,Baculoviridae
NC_011109.1,Papillomaviridae
NC_003708.1,Geminiviridae
NC_003709.1,Geminiviridae
NC_001418.1,Inoviridae
NC_001956.1,Inoviridae
NC_003803.1,Geminiviridae
NC_003804.1,Geminiviridae
NC_002229.3,Herpesviridae
NC_003464.1,Bromoviridae
NC_003465.1,Bromoviridae
NC_024457.1,Nanoviridae
NC_003748.1,Papillomaviridae
NC_001356.1,Papillomaviridae
NC_001355.1,Papillomaviridae
NC_002984.1,Geminiviridae
NC_002985.1,Geminiviridae
NC_016984.1,Geminiviridae
NC_007156.1,Reoviridae
NC_007163.1,Reoviridae
NC_008736.1,Reoviridae
NC_008169.1,Kitaviridae
NC_003093.1,Alphaflexiviridae
NC_014711.1,Reoviridae
NC_001642.1,Alphaflexiviridae
NC_006057.1,Secoviridae
NC_008737.1,Reoviridae
NC_007648.1,Endornaviridae
NC_007922.1,Polyomaviridae
NC_001998.1,Microviridae
NC_001873.1,Virgaviridae
NC_002559.1,Reoviridae
NC_003745.1,Totiviridae
NC_004729.1,Virgaviridae
NC_008297.1,Papillomaviridae
NC_006384.1,Geminiviridae
NC_003737.1,Reoviridae
NC_003357.1,Geminiviridae
NC_006272.1,Secoviridae
NC_003438.1,Microviridae
NC_003445.1,Secoviridae
NC_003461.1,Paramyxoviridae
NC_014967.1,Tombusviridae
NC_016994.1,Coronaviridae
NC_007670.1,Reoviridae
NC_007755.1,Reoviridae
NC_005976.2,Partitiviridae
NC_007180.1,Potyviridae
NC_009247.1,Reoviridae
NC_008298.1,Papillomaviridae
NC_014665.1,Parvoviridae
NC_004756.1,Solemoviridae
NC_014898.1,Potyviridae
NC_004147.1,Geminiviridae
NC_001481.2,Caliciviridae
NC_003649.1,Bromoviridae
NC_003651.1,Bromoviridae
NC_003653.1,Reoviridae
NC_007192.1,Alphaflexiviridae
NC_008520.2,Baculoviridae
NC_008018.1,Caulimoviridae
NC_008211.1,Alloherpesviridae
NC_008020.1,Betaflexiviridae
NC_006568.1,Bromoviridae
NC_009606.1,Geminiviridae
NC_007741.1,Reoviridae
NC_004053.1,Mitoviridae
NC_006995.1,Geminiviridae
NC_004067.1,Alphaflexiviridae
NC_004074.1,Paramyxoviridae
NC_004109.1,Peribunyaviridae
NC_010758.1,Arenaviridae
NC_003654.1,Reoviridae
NC_003655.1,Reoviridae
NC_003658.1,Reoviridae
NC_003678.1,Flaviviridae
NC_007573.1,Reoviridae
NC_003830.1,Geminiviridae
NC_001500.1,Retroviridae
NC_001506.1,Retroviridae
NC_001885.3,Retroviridae
NC_016999.1,Geminiviridae
NC_006955.1,Caulimoviridae
NC_003781.1,Iflaviridae
NC_003625.1,Tospoviridae
NC_006631.1,Geminiviridae
NC_001890.1,Leviviridae
NC_005812.1,Geminiviridae
NC_005028.1,Potyviridae
NC_003831.1,Geminiviridae
NC_007338.1,Geminiviridae
NC_003770.1,Reoviridae
NC_003810.1,Bromoviridae
NC_001785.1,Potyviridae
NC_001543.1,Caliciviridae
NC_017000.1,Geminiviridae
NC_017001.1,Geminiviridae
NC_010252.1,Arenaviridae
NC_010313.1,Geminiviridae
NC_010702.1,Arenaviridae
NC_008301.1,Tospoviridae
NC_008614.1,Virgaviridae
NC_006998.1,Poxviridae
NC_006022.1,Reoviridae
NC_006023.1,Reoviridae
NC_006010.1,Reoviridae
NC_003985.1,Picornaviridae
NC_003860.1,Geminiviridae
NC_010812.1,Geminiviridae
NC_010949.1,Geminiviridae
AC_000012.1,Adenoviridae
NC_005981.1,Chrysoviridae
NC_003865.1,Geminiviridae
NC_005304.1,Potyviridae
NC_003877.1,Betaflexiviridae
NC_003883.1,Partitiviridae
NC_003885.1,Partitiviridae
NC_017003.1,Mitoviridae
NC_017005.1,Geminiviridae
AC_000002.1,Adenoviridae
NC_005898.1,Alphatetraviridae
NC_005790.1,Astroviridae
NC_003529.1,Baculoviridae
NC_003381.1,Caulimoviridae
NC_010705.1,Partitiviridae
NC_004110.1,Peribunyaviridae
NC_009889.1,Retroviridae
NC_014358.1,Parvoviridae
NC_014361.1,Polyomaviridae
NC_013094.1,Nanoviridae
NC_013095.1,Nanoviridae
NC_013098.1,Nanoviridae
NC_013099.1,Nanoviridae
NC_013100.1,Nanoviridae
NC_010987.1,Secoviridae
NC_014709.1,Reoviridae
NC_014710.1,Reoviridae
NC_014712.1,Reoviridae
NC_014713.1,Reoviridae
NC_014714.1,Reoviridae
NC_014715.1,Reoviridae
NC_014716.1,Reoviridae
NC_007380.1,Orthomyxoviridae
NC_004201.1,Reoviridae
NC_014717.1,Reoviridae
NC_013527.1,Betaflexiviridae
NC_001442.1,Polyomaviridae
NC_013262.1,Caulimoviridae
NC_010986.1,Curvulaviridae
NC_014730.1,Betaflexiviridae
NC_014606.1,Reoviridae
NC_008251.1,Alphaflexiviridae
NC_013237.1,Papillomaviridae
NC_011591.1,Amalgaviridae
NC_013060.1,Astroviridae
NC_009424.5,Retroviridae
NC_007151.1,Baculoviridae
NC_005220.1,Phenuiviridae
NC_009334.1,Herpesviridae
NC_006294.1,Inoviridae
NC_006307.2,Orthomyxoviridae
NC_007662.1,Reoviridae
NC_012481.1,Geminiviridae
NC_009647.1,Geminiviridae
NC_009545.1,Geminiviridae
NC_009546.1,Geminiviridae
NC_009547.1,Geminiviridae
NC_009549.1,Geminiviridae
NC_013075.1,Secoviridae
NC_013076.1,Secoviridae
NC_007821.1,Microviridae
NC_007856.1,Microviridae
NC_006318.1,Phenuiviridae
NC_007211.1,Geminiviridae
NC_009539.1,Polyomaviridae
NC_012136.1,Bromoviridae
NC_008299.1,Geminiviridae
NC_026431.1,Orthomyxoviridae
NC_008375.1,Circoviridae
NC_007653.1,Herpesviridae
NC_016998.1,Geminiviridae
NC_017002.1,Geminiviridae
NC_009010.1,Caulimoviridae
NC_008586.1,Baculoviridae
NC_004666.1,Tombusviridae
NC_007757.1,Reoviridae
NC_012437.1,Astroviridae
NC_008188.1,Papillomaviridae
NC_008552.1,Betaflexiviridae
NC_008210.1,Alloherpesviridae
NC_011135.1,Geminiviridae
NC_013096.1,Nanoviridae
NC_017830.1,Caulimoviridae
NC_017824.1,Potyviridae
NC_017828.1,Geminiviridae
NC_014609.1,Totiviridae
NC_016136.1,Rhabdoviridae
NC_004660.1,Geminiviridae
NC_005228.1,Hantaviridae
NC_004807.1,Dicistroviridae
NC_003005.1,Dicistroviridae
NC_011525.1,Betaflexiviridae
NC_011639.1,Rhabdoviridae
NC_010248.1,Arenaviridae
NC_010250.1,Arenaviridae
NC_010251.1,Arenaviridae
NC_010249.1,Arenaviridae
NC_010256.1,Arenaviridae
NC_006273.2,Herpesviridae
NC_011643.1,Tombusviridae
NC_011644.1,Herpesviridae
NC_016142.1,Kitaviridae
NC_016143.1,Kitaviridae
NC_003670.1,Virgaviridae
NC_006025.1,Reoviridae
NC_003473.1,Nanoviridae
NC_003476.1,Nanoviridae
NC_014326.1,Papillomaviridae
NC_012909.1,Closteroviridae
NC_026434.1,Orthomyxoviridae
NC_026435.1,Orthomyxoviridae
NC_026438.1,Orthomyxoviridae
NC_005807.1,Geminiviridae
NC_010745.1,Reoviridae
NC_004638.1,Geminiviridae
NC_005235.1,Hantaviridae
NC_004306.1,Inoviridae
NC_012776.1,Arenaviridae
NC_009489.1,Paramyxoviridae
NC_005948.1,Inoviridae
NC_007544.1,Reoviridae
NC_003730.1,Reoviridae
NC_003731.1,Reoviridae
NC_002306.3,Coronaviridae
NC_010247.1,Arenaviridae
NC_001414.1,Retroviridae
NC_005855.1,Geminiviridae
NC_012868.1,Microviridae
NC_002034.1,Bromoviridae
NC_003659.1,Reoviridae
NC_015691.1,Papillomaviridae
NC_015692.1,Papillomaviridae
NC_001753.1,Alphaflexiviridae
NC_001930.1,Geminiviridae
NC_001359.1,Geminiviridae
NC_001931.1,Geminiviridae
NC_001741.1,Microviridae
NC_009252.1,Reoviridae
NC_005302.1,Nairoviridae
NC_003514.1,Benyviridae
NC_002187.1,Tombusviridae
NC_003006.1,Reoviridae
NC_001507.1,Geminiviridae
NC_003011.1,Reoviridae
NC_003012.1,Reoviridae
NC_003009.1,Reoviridae
NC_003566.1,Nanoviridae
NC_004016.1,Potyviridae
NC_004159.1,Nairoviridae
NC_005300.2,Nairoviridae
NC_010294.1,Geminiviridae
NC_010315.1,Nanoviridae
NC_010316.1,Nanoviridae
NC_010318.1,Nanoviridae
NC_004044.1,Geminiviridae
NC_001932.1,Geminiviridae
NC_002323.1,Phenuiviridae
AC_000007.1,Adenoviridae
NC_010319.1,Nanoviridae
NC_010703.1,Arenaviridae
NC_010648.1,Geminiviridae
NC_001539.1,Parvoviridae
NC_010591.1,Reoviridae
NC_010667.1,Reoviridae
NC_003862.1,Geminiviridae
NC_002327.1,Phenuiviridae
NC_002351.1,Virgaviridae
NC_002359.1,Virgaviridae
NC_002160.2,Tombusviridae
NC_015706.1,Alphaflexiviridae
NC_015718.1,Parvoviridae
NC_009892.1,Betaflexiviridae
NC_010739.1,Papillomaviridae
NC_002325.1,Phenuiviridae
NC_002531.1,Herpesviridae
NC_003010.1,Reoviridae
NC_001439.1,Geminiviridae
NC_004500.1,Papillomaviridae
NC_006062.1,Closteroviridae
NC_005635.1,Geminiviridae
NC_011616.1,Baculoviridae
NC_013461.1,Nodaviridae
NC_001556.1,Virgaviridae
NC_009536.1,Bromoviridae
NC_001944.1,Circoviridae
NC_012561.1,Togaviridae
NC_008585.1,Closteroviridae
NC_001617.1,Picornaviridae
NC_003820.1,Alphaflexiviridae
NC_010704.1,Hantaviridae
NC_001828.1,Geminiviridae
NC_005136.1,Potyviridae
NC_012585.1,Mitoviridae
NC_006007.1,Reoviridae
NC_003645.1,Nanoviridae
NC_002356.1,Virgaviridae
NC_003300.1,Cystoviridae
NC_003299.1,Cystoviridae
NC_003301.1,Cystoviridae
NC_007724.1,Geminiviridae
NC_003379.1,Geminiviridae
NC_001746.1,Tymoviridae
NC_003327.2,Inoviridae
NC_003657.1,Reoviridae
NC_005320.1,Geminiviridae
NC_001671.1,Potyviridae
NC_006012.1,Reoviridae
NC_004146.1,Nodaviridae
NC_006358.1,Geminiviridae
NC_003619.1,Tospoviridae
NC_001641.1,Totiviridae
NC_001868.1,Geminiviridae
NC_005074.1,Totiviridae
NC_005850.1,Geminiviridae
NC_005851.1,Geminiviridae
NC_005853.2,Geminiviridae
NC_011501.2,Reoviridae
NC_011502.2,Reoviridae
NC_012639.1,Baculoviridae
NC_009947.1,Chrysoviridae
NC_015877.1,Reoviridae
NC_015878.1,Reoviridae
NC_015883.1,Reoviridae
NC_003548.1,Bromoviridae
NC_003501.1,Potyviridae
NC_007290.1,Geminiviridae
NC_007744.1,Reoviridae
NC_003479.1,Nanoviridae
NC_007638.1,Geminiviridae
NC_009553.1,Geminiviridae
NC_014823.1,Totiviridae
NC_016157.1,Papillomaviridae
NC_001990.1,Alphatetraviridae
NC_005084.2,Paramyxoviridae
NC_023812.1,Togaviridae
NC_004828.1,Parvoviridae
NC_008040.1,Nodaviridae
NC_009894.1,Peribunyaviridae
NC_008041.1,Nodaviridae
NC_001357.1,Papillomaviridae
NC_003498.1,Caulimoviridae
NC_004121.1,Bromoviridae
NC_003554.1,Caulimoviridae
NC_016417.1,Closteroviridae
NC_011181.1,Geminiviridae
NC_004581.1,Geminiviridae
NC_005895.2,Closteroviridae
NC_001341.1,Plectroviridae
NC_003775.1,Tombusviridae
NC_003633.1,Tombusviridae
NC_003825.1,Geminiviridae
NC_011182.1,Geminiviridae
NC_011187.1,Solemoviridae
NC_002615.1,Caliciviridae
NC_003512.1,Virgaviridae
NC_003837.1,Bromoviridae
NC_001625.2,Solemoviridae
NC_002026.1,Bromoviridae
NC_002027.1,Bromoviridae
NC_008172.1,Reoviridae
NC_008174.1,Reoviridae
NC_008176.1,Reoviridae
NC_004047.1,Potyviridae
NC_003617.1,Closteroviridae
NC_001836.1,Closteroviridae
NC_001768.1,Potyviridae
NC_008181.1,Reoviridae
NC_006934.1,Retroviridae
NC_007729.1,Tombusviridae
NC_007155.1,Reoviridae
NC_001502.1,Retroviridae
NC_007915.3,Totiviridae
NC_002990.1,Potyviridae
NC_002991.1,Potyviridae
NC_003788.1,Secoviridae
NC_003003.1,Secoviridae
NC_003004.1,Secoviridae
NC_009533.1,Tombusviridae
NC_010561.1,Closteroviridae
NC_010647.1,Geminiviridae
NC_004017.1,Potyviridae
NC_004013.1,Potyviridae
NC_003433.1,Togaviridae
NC_003791.1,Secoviridae
NC_004123.1,Closteroviridae
NC_007904.1,Arenaviridae
NC_006024.2,Reoviridae
NC_005174.1,Reoviridae
NC_010590.1,Reoviridae
NC_012492.1,Geminiviridae
NC_012484.1,Tymoviridae
NC_009224.1,Totiviridae
NC_005219.1,Hantaviridae
NC_003418.1,Geminiviridae
NC_011919.1,Geminiviridae
NC_011702.1,Closteroviridae
NC_011704.1,Caliciviridae
NC_011705.1,Partitiviridae
NC_001615.3,Rhabdoviridae
NC_001634.1,Caulimoviridae
NC_004296.1,Arenaviridae
NC_006573.1,Arenaviridae
NC_012536.1,Reoviridae
NC_012537.1,Reoviridae
NC_003630.1,Virgaviridae
NC_009354.1,Geminiviridae
NC_012538.1,Reoviridae
NC_012539.1,Reoviridae
NC_012540.1,Reoviridae
NC_012543.1,Reoviridae
NC_012544.1,Reoviridae
NC_012545.1,Reoviridae
NC_012546.1,Reoviridae
NC_002036.1,Virgaviridae
NC_001343.1,Caulimoviridae
NC_008780.1,Geminiviridae
NC_016081.1,Closteroviridae
NC_011765.1,Papillomaviridae
NC_012553.1,Geminiviridae
NC_012554.2,Geminiviridae
NC_004297.1,Arenaviridae
NC_021874.1,Partitiviridae
NC_016082.1,Geminiviridae
NC_008794.1,Geminiviridae
NC_016416.1,Closteroviridae
NC_038011.1,Chrysoviridae
NC_003786.2,Secoviridae
NC_003510.1,Virgaviridae
NC_003792.2,Secoviridae
NC_006276.1,Partitiviridae
NC_006275.1,Partitiviridae
NC_007559.1,Reoviridae
NC_010329.1,Papillomaviridae
NC_001575.2,Solemoviridae
NC_002208.1,Orthomyxoviridae
NC_002209.1,Orthomyxoviridae
NC_002204.1,Orthomyxoviridae
NC_002210.1,Orthomyxoviridae
NC_010293.1,Geminiviridae
NC_014739.1,Geminiviridae
NC_001608.3,Filoviridae
NC_002207.1,Orthomyxoviridae
NC_004219.1,Reoviridae
NC_006004.1,Reoviridae
NC_003842.1,Bromoviridae
NC_003924.1,Dicistroviridae
NC_004161.1,Filoviridae
NC_003751.1,Reoviridae
NC_003866.1,Geminiviridae
NC_015843.2,Flaviviridae
NC_010276.1,Baculoviridae
NC_010437.1,Coronaviridae
NC_003500.3,Tombusviridae
NC_010759.1,Arenaviridae
NC_010760.1,Arenaviridae
NC_010761.1,Arenaviridae
NC_006269.1,Caliciviridae
NC_005997.1,Reoviridae
NC_001488.1,Retroviridae
NC_009448.2,Picornaviridae
NC_010490.1,Tospoviridae
NC_010491.1,Tospoviridae
NC_009550.1,Geminiviridae
NC_009644.1,Geminiviridae
NC_009030.1,Geminiviridae
NC_010737.1,Caulimoviridae
NC_010738.1,Caulimoviridae
NC_012798.1,Picornaviridae
NC_005234.1,Hantaviridae
NC_005233.1,Hantaviridae
NC_001661.1,Closteroviridae
NC_010746.1,Reoviridae
NC_010747.1,Reoviridae
NC_010748.1,Reoviridae
NC_010750.1,Reoviridae
NC_010753.1,Reoviridae
NC_014740.1,Geminiviridae
NC_014742.1,Potyviridae
NC_004060.2,Solemoviridae
NC_011345.1,Baculoviridae
NC_011346.1,Geminiviridae
NC_011347.1,Geminiviridae
NC_011349.1,Picornaviridae
NC_003734.1,Reoviridae
NC_003898.1,Geminiviridae
NC_002555.1,Geminiviridae
NC_001491.2,Herpesviridae
NC_003015.1,Reoviridae
NC_000936.1,Parvoviridae
NC_004809.1,Closteroviridae
NC_007592.1,Reoviridae
NC_007589.1,Reoviridae
NC_004220.1,Reoviridae
NC_003549.1,Secoviridae
NC_003622.1,Secoviridae
NC_003545.1,Secoviridae
NC_003544.1,Secoviridae
NC_013414.1,Geminiviridae
NC_007656.1,Reoviridae
NC_007658.1,Reoviridae
NC_007659.1,Reoviridae
NC_007660.1,Reoviridae
NC_007664.1,Reoviridae
NC_007665.1,Reoviridae
NC_004014.1,Virgaviridae
NC_004724.1,Closteroviridae
NC_003811.1,Virgaviridae
NC_004090.1,Geminiviridae
NC_011539.1,Tymoviridae
NC_011583.1,Geminiviridae
NC_004824.1,Geminiviridae
NC_004825.1,Geminiviridae
NC_005031.1,Geminiviridae
NC_011423.1,Baculoviridae
NC_003482.1,Potyviridae
NC_001793.1,Tymoviridae
NC_004039.1,Potyviridae
NC_007553.1,Reoviridae
NC_007554.1,Reoviridae
NC_007666.1,Reoviridae
NC_007668.1,Reoviridae
NC_007669.1,Reoviridae
NC_007671.1,Reoviridae
NC_007415.1,Alphaflexiviridae
NC_012636.1,Parvoviridae
NC_011503.2,Reoviridae
NC_011504.2,Reoviridae
NC_011506.2,Reoviridae
NC_011508.2,Reoviridae
NC_011509.2,Reoviridae
NC_003491.1,Solemoviridae
NC_002634.1,Potyviridae
NC_007017.2,Tombusviridae
NC_001486.1,Hepadnaviridae
NC_007150.1,Papillomaviridae
NC_003844.1,Bromoviridae
NC_006948.1,Alphaflexiviridae
NC_007748.1,Reoviridae
NC_007754.1,Reoviridae
NC_007756.1,Reoviridae
NC_007742.1,Reoviridae
NC_007743.1,Reoviridae
NC_007746.1,Reoviridae
NC_007747.1,Reoviridae
NC_008171.1,Reoviridae
NC_004210.1,Reoviridae
NC_005223.1,Hantaviridae
NC_002058.3,Picornaviridae
NC_003224.1,Potyviridae
NC_003805.1,Virgaviridae
NC_002194.1,Microviridae
NC_011510.2,Reoviridae
NC_017085.1,Polyomaviridae
NC_017714.1,Rhabdoviridae
NC_017716.1,Papillomaviridae
NC_016660.1,Geminiviridae
NC_007018.1,Parvoviridae
NC_006555.1,Parvoviridae
NC_003821.3,Tombusviridae
NC_004909.1,Orthomyxoviridae
NC_004910.1,Orthomyxoviridae
NC_004912.1,Orthomyxoviridae
NC_014977.1,Nodaviridae
NC_002049.1,Geminiviridae
NC_002358.1,Virgaviridae
NC_002657.1,Flaviviridae
NC_001593.1,Papillomaviridae
NC_016403.1,Picornaviridae
NC_016404.1,Betaflexiviridae
NC_017084.1,Totiviridae
NC_007376.1,Orthomyxoviridae
NC_007377.1,Orthomyxoviridae
NC_004051.1,Narnaviridae
NC_007357.1,Orthomyxoviridae
NC_007359.1,Orthomyxoviridae
NC_005977.2,Partitiviridae
NC_008039.1,Bromoviridae
NC_008178.1,Reoviridae
NC_008179.1,Reoviridae
NC_006567.1,Bromoviridae
NC_007563.1,Reoviridae
NC_003562.1,Nanoviridae
NC_007222.1,Partitiviridae
NC_013415.1,Geminiviridae
NC_013455.1,Caulimoviridae
NC_010754.1,Partitiviridae
NC_005237.1,Hantaviridae
NC_002532.2,Arteriviridae
NC_012485.1,Papillomaviridae
NC_012486.1,Papillomaviridae
NC_016405.1,Iflaviridae
NC_015785.1,Microviridae
NC_015936.1,Picornaviridae
NC_007360.1,Orthomyxoviridae
NC_007364.1,Orthomyxoviridae
NC_007366.1,Orthomyxoviridae
NC_007367.1,Orthomyxoviridae
NC_007368.1,Orthomyxoviridae
NC_007369.1,Orthomyxoviridae
NC_013774.1,Circoviridae
NC_007561.1,Reoviridae
NC_007564.1,Reoviridae
NC_007565.1,Reoviridae
NC_007568.1,Reoviridae
NC_007026.1,Picobirnaviridae
NC_007027.1,Picobirnaviridae
NC_007193.2,Bacilladnaviridae
NC_016962.1,Togaviridae
NC_009243.1,Reoviridae
NC_004751.1,Solemoviridae
NC_002198.2,Solemoviridae
NC_007370.1,Orthomyxoviridae
NC_007454.1,Paramyxoviridae
NC_007020.1,Rhabdoviridae
NC_002633.1,Virgaviridae
NC_006950.1,Tymoviridae
NC_001933.1,Geminiviridae
NC_008393.1,Potyviridae
NC_006964.1,Secoviridae
NC_006965.1,Secoviridae
NC_007433.1,Potyviridae
NC_008706.1,Bromoviridae
NC_010618.1,Geminiviridae
NC_010351.1,Partitiviridae
NC_010349.1,Partitiviridae
NC_014593.1,Amalgaviridae
NC_014743.1,Polyomaviridae
NC_004173.1,Cystoviridae
NC_004175.1,Cystoviridae
NC_003688.1,Solemoviridae
NC_003743.1,Solemoviridae
NC_001696.2,Solemoviridae
NC_001729.1,Parvoviridae
NC_002023.1,Orthomyxoviridae
NC_002019.1,Orthomyxoviridae
NC_002017.1,Orthomyxoviridae
NC_008707.1,Bromoviridae
NC_008734.1,Reoviridae
NC_008735.1,Reoviridae
NC_008184.1,Papillomaviridae
NC_011310.1,Polyomaviridae
NC_009527.1,Rhabdoviridae
NC_001929.2,Geminiviridae
NC_000870.1,Geminiviridae
NC_004071.1,Geminiviridae
NC_005330.1,Geminiviridae
NC_003776.1,Phenuiviridae
NC_003824.1,Totiviridae
NC_003833.1,Bromoviridae
NC_003834.1,Bromoviridae
NC_003835.1,Bromoviridae
NC_003857.1,Geminiviridae
NC_009011.2,Baculoviridae
NC_009088.1,Geminiviridae
NC_004286.1,Parvoviridae
NC_004288.1,Parvoviridae
NC_004363.1,Bromoviridae
NC_004364.1,Bromoviridae
NC_001407.1,Retroviridae
NC_004006.1,Bromoviridae
NC_004007.1,Bromoviridae
NC_004181.1,Reoviridae
NC_004182.1,Reoviridae
NC_004183.1,Reoviridae
NC_004184.1,Reoviridae
NC_006051.1,Aspiviridae
NC_007737.1,Reoviridae
NC_008056.1,Geminiviridae
NC_003761.1,Reoviridae
NC_004423.1,Virgaviridae
NC_003642.1,Nanoviridae
NC_004186.1,Reoviridae
NC_004187.1,Reoviridae
NC_004191.1,Reoviridae
NC_004212.1,Reoviridae
NC_004213.1,Reoviridae
NC_004214.1,Reoviridae
NC_004292.1,Arenaviridae
NC_004293.1,Arenaviridae
NC_011555.2,Bromoviridae
NC_004559.1,Geminiviridae
NC_004558.1,Geminiviridae
NC_003643.1,Nanoviridae
NC_004450.1,Caulimoviridae
NC_004541.1,Caliciviridae
NC_004752.1,Potyviridae
NC_001982.1,Alphatetraviridae
NC_002561.1,Reoviridae
NC_003542.1,Bromoviridae
NC_004188.1,Reoviridae
NC_005097.1,Secoviridae
NC_008300.1,Tospoviridae
NC_004158.1,Nairoviridae
NC_005236.1,Hantaviridae
NC_003832.1,Tospoviridae
NC_003841.1,Tospoviridae
NC_003843.1,Tospoviridae
NC_003569.1,Bromoviridae
NC_008304.1,Geminiviridae
NC_004294.1,Arenaviridae
NC_004613.1,Geminiviridae
NC_001549.1,Retroviridae
NC_004647.1,Geminiviridae
NC_005996.1,Reoviridae
NC_006020.1,Reoviridae
NC_006021.1,Reoviridae
NC_005978.1,Chrysoviridae
NC_005979.1,Chrysoviridae
NC_005980.1,Chrysoviridae
NC_002037.1,Nodaviridae
NC_007241.1,Partitiviridae
NC_003287.2,Inoviridae
NC_004648.1,Geminiviridae
NC_004657.1,Geminiviridae
NC_002363.1,Inoviridae
NC_002526.1,Rhabdoviridae
NC_002598.1,Tombusviridae
NC_002161.1,Paramyxoviridae
NC_013105.1,Fimoviridae
NC_013106.1,Fimoviridae
NC_013108.1,Fimoviridae
NC_013109.1,Partitiviridae
NC_013110.1,Partitiviridae
NC_013111.1,Botourmiaviridae
NC_013112.1,Botourmiaviridae
NC_011052.2,Geminiviridae
NC_004675.1,Geminiviridae
NC_007585.1,Reoviridae
NC_007583.1,Reoviridae
NC_001803.1,Pneumoviridae
NC_001574.1,Caulimoviridae
NC_005065.1,Closteroviridae
NC_013113.1,Botourmiaviridae
NC_012754.1,Reoviridae
NC_013117.1,Papillomaviridae
NC_006006.1,Reoviridae
NC_003557.1,Betaflexiviridae
NC_002063.1,Totiviridae
NC_004199.1,Reoviridae
NC_005903.1,Potyviridae
NC_008374.1,Geminiviridae
NC_008373.1,Geminiviridae
NC_004736.1,Inoviridae
NC_003634.1,Tymoviridae
NC_003673.1,Bromoviridae
NC_004778.3,Baculoviridae
NC_004211.1,Reoviridae
NC_004217.1,Reoviridae
NC_004218.1,Reoviridae
NC_013133.1,Mayoviridae
NC_013134.1,Mayoviridae
NC_003741.1,Secoviridae
NC_001899.1,Parvoviridae
NC_001946.1,Betaflexiviridae
NC_001954.1,Inoviridae
NC_001977.1,Tymoviridae
NC_001987.1,Herpesviridae
NC_014510.2,Geminiviridae
NC_014511.1,Reoviridae
NC_014512.1,Reoviridae
NC_001981.1,Alphatetraviridae
NC_002180.1,Microviridae
NC_001792.2,Circoviridae
NC_002041.1,Virgaviridae
NC_001466.1,Geminiviridae
NC_001484.1,Hepadnaviridae
NC_014513.1,Reoviridae
NC_014514.1,Reoviridae
NC_014517.1,Reoviridae
NC_014518.1,Reoviridae
NC_014519.1,Reoviridae
NC_014520.1,Reoviridae
NC_014522.1,Reoviridae
NC_015784.2,Caulimoviridae
NC_001513.1,Tymoviridae
NC_001652.1,Rhabdoviridae
NC_001962.1,Baculoviridae
NC_001964.1,Totiviridae
NC_000903.1,Rhabdoviridae
NC_002206.1,Orthomyxoviridae
NC_014525.1,Reoviridae
NC_014526.1,Reoviridae
NC_014528.1,Reoviridae
NC_014529.1,Reoviridae
NC_014530.1,Reoviridae
NC_014531.1,Reoviridae
NC_000960.1,Hypoviridae
NC_002064.1,Totiviridae
NC_002543.1,Geminiviridae
NC_002551.1,Caliciviridae
NC_002562.1,Reoviridae
NC_002564.1,Reoviridae
AC_000005.1,Adenoviridae
AC_000008.1,Adenoviridae
NC_014464.1,Chrysoviridae
NC_002565.1,Reoviridae
NC_002566.1,Reoviridae
NC_002567.1,Reoviridae
NC_001403.1,Retroviridae
NC_001963.1,Totiviridae
NC_002563.1,Reoviridae
NC_002042.1,Virgaviridae
NC_009612.1,Geminiviridae
NC_014542.1,Geminiviridae
NC_002557.1,Reoviridae
NC_003378.1,Caulimoviridae
NC_002201.1,Retroviridae
NC_003471.1,Partitiviridae
NC_003502.1,Secoviridae
NC_014546.1,Virgaviridae
NC_003668.1,Virgaviridae
NC_003671.1,Bromoviridae
NC_003723.1,Virgaviridae
NC_003749.1,Reoviridae
NC_011500.2,Reoviridae
NC_003543.1,Bromoviridae
NC_003601.1,Totiviridae
NC_003756.1,Tombusviridae
NC_003757.1,Reoviridae
NC_003771.1,Reoviridae
NC_003783.1,Dicistroviridae
NC_003784.1,Dicistroviridae
NC_003822.1,Geminiviridae
NC_015070.1,Nodaviridae
NC_012698.2,Potyviridae
NC_007542.1,Chrysoviridae
NC_008038.1,Bromoviridae
NC_001918.1,Picornaviridae
NC_007524.1,Reoviridae
NC_007525.1,Reoviridae
NC_007526.1,Reoviridae
NC_007528.1,Reoviridae
NC_007529.1,Reoviridae
NC_015469.1,Tospoviridae
NC_016144.1,Filoviridae
NC_009241.1,Reoviridae
NC_006507.1,Orthomyxoviridae
NC_006508.1,Orthomyxoviridae
NC_006497.1,Orthomyxoviridae
NC_000883.2,Parvoviridae
NC_005227.2,Hantaviridae
NC_007189.1,Inoviridae
NC_001409.1,Betaflexiviridae
NC_007815.2,Retroviridae
NC_011535.1,Tombusviridae
NC_007903.1,Arenaviridae
NC_007154.1,Reoviridae
NC_005947.1,Retroviridae
NC_006064.1,Bromoviridae
NC_005283.1,Paramyxoviridae
NC_003983.1,Picornaviridae
NC_016152.1,Arenaviridae
NC_016153.1,Arenaviridae
NC_003839.2,Secoviridae
NC_006558.1,Togaviridae
NC_004422.1,Virgaviridae
NC_001818.1,Tombusviridae
NC_004651.1,Geminiviridae
NC_004192.1,Geminiviridae
NC_005285.1,Tombusviridae
NC_016155.1,Astroviridae
NC_009891.1,Picornaviridae
NC_003347.1,Tymoviridae
NC_005148.1,Circoviridae
NC_004144.1,Nodaviridae
NC_003608.1,Tombusviridae
NC_004068.1,Papillomaviridae
NC_005343.1,Betaflexiviridae
NC_001812.1,Alphaflexiviridae
NC_002792.2,Virgaviridae
NC_009520.1,Partitiviridae
NC_009521.1,Partitiviridae
NC_001542.1,Rhabdoviridae
NC_010305.1,Betaflexiviridae
NC_001564.2,Flaviviridae
NC_008180.1,Reoviridae
NC_007674.1,Reoviridae
NC_001619.1,Papillomaviridae
NC_001591.1,Papillomaviridae
NC_002816.1,Baculoviridae
NC_002817.1,Geminiviridae
NC_002981.1,Geminiviridae
NC_001458.1,Papillomaviridae
NC_003113.1,Iflaviridae
NC_002169.1,Baculoviridae
NC_002560.1,Reoviridae
NC_001921.1,Paramyxoviridae
NC_004221.1,Reoviridae
NC_003397.1,Potyviridae
NC_010346.1,Partitiviridae
NC_010347.1,Partitiviridae
NC_010348.1,Partitiviridae
NC_010352.1,Geminiviridae
NC_024779.1,Geminiviridae
NC_002691.1,Nodaviridae
NC_002701.1,Totiviridae
NC_003102.1,Baculoviridae
NC_006150.1,Herpesviridae
NC_003451.1,Bromoviridae
NC_007372.1,Orthomyxoviridae
NC_006572.1,Arenaviridae
NC_007221.1,Partitiviridae
NC_001826.2,Herpesviridae
NC_002468.1,Betaflexiviridae
NC_008779.1,Geminiviridae
NC_024781.1,Filoviridae
NC_003452.1,Bromoviridae
NC_003453.1,Bromoviridae
NC_005092.1,Iflaviridae
NC_003697.1,Reoviridae
NC_003702.1,Reoviridae
NC_003703.1,Reoviridae
NC_006433.1,Hantaviridae
NC_017099.1,Hypoviridae
NC_004054.1,Mitoviridae
NC_026432.1,Orthomyxoviridae
NC_004042.1,Geminiviridae
NC_004764.2,Polyomaviridae
NC_001648.1,Caulimoviridae
NC_001605.1,Papillomaviridae
NC_003199.1,Geminiviridae
NC_003867.1,Geminiviridae
NC_003020.1,Reoviridae
NC_003021.1,Reoviridae
NC_003018.1,Reoviridae
NC_005032.1,Geminiviridae
NC_016758.1,Quadriviridae
NC_016759.1,Quadriviridae
NC_016757.1,Quadriviridae
NC_005029.1,Potyviridae
NC_004906.1,Orthomyxoviridae
NC_004907.1,Orthomyxoviridae
NC_001595.1,Papillomaviridae
NC_003700.1,Reoviridae
NC_003059.1,Retroviridae
NC_004035.1,Potyviridae
NC_003665.1,Geminiviridae
NC_008824.1,Potyviridae
NC_014598.1,Reoviridae
NC_014600.1,Reoviridae
NC_014601.1,Reoviridae
NC_014603.1,Reoviridae
NC_014604.1,Reoviridae
NC_014605.1,Reoviridae
NC_001937.1,Geminiviridae
NC_002047.1,Geminiviridae
NC_001934.1,Geminiviridae
NC_010701.1,Arenaviridae
NC_001330.1,Microviridae
NC_002014.1,Inoviridae
NC_001366.1,Picornaviridae
NC_003023.1,Reoviridae
NC_003016.1,Reoviridae
NC_003025.1,Reoviridae
NC_008236.1,Geminiviridae
NC_008514.1,Rhabdoviridae
NC_008516.1,Tobaniviridae
NC_006495.1,Orthomyxoviridae
NC_004120.1,Bromoviridae
NC_004650.1,Geminiviridae
NC_008731.1,Reoviridae
NC_005176.1,Reoviridae
NC_006320.1,Phenuiviridae
NC_004612.1,Geminiviridae
NC_004662.1,Geminiviridae
NC_015411.1,Phenuiviridae
NC_015412.1,Phenuiviridae
NC_015414.1,Secoviridae
NC_001480.1,Tymoviridae
NC_010706.1,Partitiviridae
NC_001702.1,Retroviridae
NC_001402.1,Retroviridae
NC_003852.1,Virgaviridae
NC_004106.1,Virgaviridae
NC_003019.1,Reoviridae
NC_003024.1,Reoviridae
NC_004198.1,Reoviridae
NC_001369.1,Geminiviridae
NC_001461.1,Flaviviridae
NC_003793.1,Plectroviridae
NC_004301.1,Leviviridae
NC_001420.2,Microviridae
NC_002046.1,Geminiviridae
NC_009605.1,Geminiviridae
NC_010700.1,Arenaviridae
NC_001647.1,Geminiviridae
NC_010253.1,Arenaviridae
NC_010743.1,Reoviridae
NC_003884.1,Partitiviridae
NC_004043.1,Geminiviridae
NC_002766.1,Solemoviridae
NC_004099.1,Geminiviridae
NC_015415.1,Secoviridae
NC_015413.1,Phenuiviridae
NC_002018.1,Orthomyxoviridae
NC_001493.2,Alloherpesviridae
NC_001508.1,Geminiviridae
NC_001523.1,Papillomaviridae
NC_003779.1,Dicistroviridae
NC_003355.1,Virgaviridae
NC_004995.1,Tombusviridae
NC_005846.1,Geminiviridae
NC_004690.1,Baculoviridae
NC_009244.1,Reoviridae
NC_004204.1,Reoviridae
NC_002025.1,Bromoviridae
NC_003664.1,Geminiviridae
NC_003648.1,Nanoviridae
NC_004630.1,Geminiviridae
NC_011062.1,Betaflexiviridae
NC_009250.1,Reoviridae
NC_002190.2,Parvoviridae
NC_009609.1,Rhabdoviridae
NC_007588.1,Reoviridae
NC_003809.1,Bromoviridae
NC_011592.1,Caulimoviridae
NC_004362.1,Bromoviridae
NC_003759.1,Reoviridae
NC_003758.1,Reoviridae
NC_003769.1,Reoviridae
NC_003650.1,Bromoviridae
NC_001531.1,Papillomaviridae
NC_009246.1,Reoviridae
NC_003468.2,Hantaviridae
NC_005848.1,Bromoviridae
NC_005849.1,Bromoviridae
NC_004108.1,Peribunyaviridae
NC_002692.1,Virgaviridae
NC_009896.1,Peribunyaviridae
NC_003722.1,Geminiviridae
NC_003550.1,Secoviridae
NC_003623.1,Secoviridae
NC_003694.1,Secoviridae
NC_001365.1,Plectroviridae
NC_009640.1,Paramyxoviridae
NC_012212.1,Marnaviridae
NC_013035.1,Papillomaviridae
NC_006496.1,Orthomyxoviridae
NC_004656.2,Geminiviridae
NC_001984.1,Geminiviridae
NC_014397.1,Phenuiviridae
NC_001600.1,Tombusviridae
NC_003660.1,Reoviridae
NC_004765.1,Papillomaviridae
NC_010756.1,Arenaviridae
NC_007339.1,Geminiviridae
NC_007533.1,Reoviridae
NC_001505.2,Polyomaviridae
NC_006263.1,Parvoviridae
NC_001618.1,Retroviridae
NC_005775.1,Peribunyaviridae
NC_001598.1,Closteroviridae
NC_001497.2,Caulimoviridae
NC_000869.1,Geminiviridae
NC_003644.1,Nanoviridae
NC_004100.1,Geminiviridae
NC_016769.1,Picornaviridae
NC_002328.1,Phenuiviridae
NC_003746.1,Rhabdoviridae
NC_004015.1,Virgaviridae
NC_008793.1,Geminiviridae
NC_007679.1,Alphaflexiviridae
NC_005080.1,Arenaviridae
NC_005041.2,Parvoviridae
NC_004195.1,Papillomaviridae
NC_012777.1,Arenaviridae
NC_013107.1,Fimoviridae
NC_001526.4,Papillomaviridae
NC_003518.1,Virgaviridae
NC_003519.1,Virgaviridae
NC_002500.1,Betaflexiviridae
NC_004189.1,Reoviridae
NC_001822.1,Tombusviridae
NC_004642.1,Geminiviridae
NC_001344.1,Hepadnaviridae
NC_003602.1,Betaflexiviridae
NC_001722.1,Retroviridae
NC_007159.1,Reoviridae
NC_007160.1,Reoviridae
NC_007540.1,Chrysoviridae
NC_007523.1,Totiviridae
NC_004641.1,Geminiviridae
NC_005226.1,Hantaviridae
NC_004439.1,Secoviridae
NC_004441.1,Picornaviridae
NC_004091.1,Geminiviridae
NC_009451.1,Geminiviridae
NC_002020.1,Orthomyxoviridae
NC_008168.1,Baculoviridae
NC_009608.1,Rhabdoviridae
NC_010955.1,Retroviridae
NC_008580.1,Caliciviridae
NC_003738.1,Secoviridae
NC_001350.1,Herpesviridae
NC_010560.1,Closteroviridae
NC_010562.1,Arenaviridae
NC_010563.1,Arenaviridae
NC_009742.1,Potyviridae
NC_001658.1,Alphaflexiviridae
NC_006054.1,Aspiviridae
NC_003511.1,Virgaviridae
NC_004451.1,Picornaviridae
NC_004117.1,Baculoviridae
NC_005039.1,Flaviviridae
NC_015468.1,Tospoviridae
NC_004661.1,Geminiviridae
NC_007162.1,Reoviridae
NC_006260.1,Parvoviridae
NC_006261.1,Parvoviridae
NC_003744.1,Geminiviridae
NC_003799.1,Secoviridae
NC_005224.1,Hantaviridae
NC_003326.1,Geminiviridae
NC_015939.1,Hypoviridae
NC_007572.1,Reoviridae
NC_007361.1,Orthomyxoviridae
NC_014357.1,Parvoviridae
NC_014474.1,Retroviridae
NC_014515.1,Reoviridae
NC_014602.1,Reoviridae
NC_010584.1,Reoviridae
NC_010587.1,Reoviridae
NC_010588.1,Reoviridae
NC_010592.1,Reoviridae
NC_010593.1,Reoviridae
NC_014930.1,Circoviridae
NC_003704.1,Reoviridae
NC_003705.1,Reoviridae
NC_003706.1,Reoviridae
NC_003707.1,Reoviridae
NC_003710.1,Partitiviridae
NC_003711.1,Partitiviridae
NC_003546.1,Bromoviridae
NC_003725.1,Virgaviridae
NC_015051.1,Geminiviridae
NC_003561.1,Nanoviridae
NC_004050.1,Narnaviridae
NC_004062.1,Baculoviridae
NC_005222.1,Hantaviridae
NC_005216.1,Hantaviridae
NC_003477.1,Nanoviridae
NC_010307.1,Geminiviridae
NC_004206.1,Reoviridae
NC_004207.1,Reoviridae
NC_004208.1,Reoviridae
NC_004209.1,Reoviridae
NC_004365.1,Dicistroviridae
NC_001452.1,Retroviridae
NC_004366.1,Tombusviridae
NC_004540.1,Caulimoviridae
NC_010226.1,Papillomaviridae
NC_006432.1,Filoviridae
NC_015397.1,Geminiviridae
NC_004569.1,Geminiviridae
NC_004725.1,Tombusviridae
NC_007586.1,Reoviridae
NC_007587.1,Reoviridae
NC_006561.1,Circoviridae
NC_011804.1,Geminiviridae
NC_005038.1,Baculoviridae
NC_001801.1,Virgaviridae
NC_004455.1,Retroviridae
NC_010343.1,Partitiviridae
NC_010344.1,Partitiviridae
NC_010345.1,Partitiviridae
NC_010350.1,Partitiviridae
NC_006262.1,Potyviridae
NC_004452.3,Tombusviridae
NC_002800.1,Partitiviridae
NC_004367.1,Herpesviridae
NC_004755.1,Geminiviridae
NC_003475.1,Nanoviridae
NC_009890.1,Totiviridae
NC_001906.3,Paramyxoviridae
NC_005339.1,Paramyxoviridae
NC_005341.1,Parvoviridae
NC_016044.1,Potyviridae
NC_002362.1,Inoviridae
NC_001538.1,Polyomaviridae
NC_005131.2,Inoviridae
NC_005985.1,Tombusviridae
NC_001552.1,Paramyxoviridae
NC_001739.2,Caulimoviridae
NC_003017.1,Reoviridae
NC_016896.1,Astroviridae
NC_015884.1,Reoviridae
NC_015885.1,Reoviridae
NC_015886.1,Reoviridae
NC_001831.1,Retroviridae
NC_011557.1,Partitiviridae
NC_011558.1,Rhabdoviridae
NC_011559.1,Tymoviridae
NC_001632.1,Secoviridae
NC_003448.1,Nodaviridae
NC_016881.1,Reoviridae
NC_016882.1,Reoviridae
NC_016883.1,Reoviridae
NC_016874.1,Reoviridae
NC_016875.1,Reoviridae
NC_016876.1,Reoviridae
NC_014707.1,Geminiviridae
NC_014822.1,Geminiviridae
NC_014955.1,Papillomaviridae
NC_015115.1,Parvoviridae
NC_001501.1,Retroviridae
NC_003808.1,Bromoviridae
NC_011568.1,Rhabdoviridae
NC_005078.1,Arenaviridae
NC_005082.1,Arenaviridae
NC_003870.1,Betaflexiviridae
NC_003696.1,Reoviridae
NC_005348.1,Geminiviridae
NC_005845.1,Geminiviridae
NC_015487.1,Geminiviridae
NC_007374.1,Orthomyxoviridae
NC_007535.1,Reoviridae
NC_006148.1,Parvoviridae
NC_009519.1,Partitiviridae
NC_007548.1,Reoviridae
NC_001352.1,Papillomaviridae
NC_001940.1,Retroviridae
NC_005138.1,Betaflexiviridae
NC_001450.1,Retroviridae
NC_002803.1,Rhabdoviridae
NC_007531.1,Reoviridae
NC_007532.1,Reoviridae
NC_006065.1,Bromoviridae
NC_003836.1,Bromoviridae
NC_011546.1,Retroviridae
NC_000898.1,Herpesviridae
NC_014509.2,Solemoviridae
NC_016033.1,Solemoviridae
NC_006066.1,Bromoviridae
NC_001623.1,Baculoviridae
NC_001839.2,Caulimoviridae
NC_001728.1,Virgaviridae
NC_001411.2,Nodaviridae
NC_001596.1,Papillomaviridae
NC_002665.1,Herpesviridae
NC_001576.1,Papillomaviridae
NC_002077.1,Parvoviridae
NC_011507.2,Reoviridae
NC_018381.2,Rhabdoviridae
NC_004614.1,Geminiviridae
NC_014447.1,Geminiviridae
NC_011584.1,Geminiviridae
NC_001583.1,Papillomaviridae
NC_001586.1,Papillomaviridae
NC_003084.1,Baculoviridae
NC_002549.1,Filoviridae
NC_004421.1,Picornaviridae
NC_016880.1,Reoviridae
NC_003537.1,Potyviridae
NC_006941.1,Potyviridae
NC_016961.1,Togaviridae
NC_003790.1,Astroviridae
NC_014847.1,Geminiviridae
NC_002028.2,Bromoviridae
NC_017685.1,Rhabdoviridae
NC_003735.1,Reoviridae
NC_003728.1,Reoviridae
NC_003754.1,Phenuiviridae
NC_003755.1,Phenuiviridae
NC_005261.3,Herpesviridae
NC_003474.1,Nanoviridae
NC_000947.1,Potyviridae
NC_001270.2,Plectroviridae
NC_002552.1,Betaflexiviridae
NC_007661.1,Reoviridae
NC_011051.1,Papillomaviridae
NC_004172.1,Cystoviridae
NC_007570.1,Reoviridae
NC_005993.1,Reoviridae
NC_005994.1,Reoviridae
NC_005995.1,Reoviridae
NC_005264.1,Herpesviridae
NC_001362.1,Retroviridae
NC_006623.1,Herpesviridae
NC_002797.1,Partitiviridae
NC_014708.1,Reoviridae
NC_003794.1,Alphaflexiviridae
NC_003838.1,Bromoviridae
NC_002051.1,Tospoviridae
NC_002052.1,Tospoviridae
NC_006056.1,Secoviridae
NC_003747.2,Solemoviridae
NC_014927.1,Circoviridae
NC_014928.1,Circoviridae
NC_003505.1,Geminiviridae
NC_005854.1,Bromoviridae
NC_009757.1,Marnaviridae
NC_009758.1,Marnaviridae
NC_015495.1,Partitiviridae
NC_026242.1,Nudiviridae
NC_014968.1,Geminiviridae
NC_011536.1,Solemoviridae
NC_011537.1,Tymoviridae
NC_014978.1,Nodaviridae
NC_011540.1,Betaflexiviridae
NC_011541.1,Potyviridae
NC_011543.1,Solemoviridae
NC_011549.1,Coronaviridae
NC_011550.1,Coronaviridae
NC_015044.1,Geminiviridae
NC_015045.1,Geminiviridae
NC_015046.1,Geminiviridae
NC_015047.1,Geminiviridae
NC_015048.1,Geminiviridae
NC_011552.1,Betaflexiviridae
NC_011553.1,Bromoviridae
NC_011556.1,Partitiviridae
NC_003674.1,Bromoviridae
NC_007966.1,Geminiviridae
NC_005338.2,Geminiviridae
NC_015317.1,Geminiviridae
NC_015328.1,Caulimoviridae
NC_015553.1,Geminiviridae
NC_015639.1,Totiviridae
NC_013097.1,Nanoviridae
NC_009646.1,Geminiviridae
NC_002510.1,Geminiviridae
NC_008058.1,Geminiviridae
NC_002558.1,Reoviridae
NC_003646.1,Nanoviridae
NC_003856.1,Geminiviridae
NC_004107.1,Hepadnaviridae
NC_009996.1,Picornaviridae
NC_009537.1,Bromoviridae
NC_010797.1,Geminiviridae
NC_006016.1,Reoviridae
NC_006017.1,Reoviridae
NC_002326.1,Phenuiviridae
NC_009503.1,Baculoviridae
NC_004583.1,Geminiviridae
NC_004800.1,Polyomaviridae
NC_005068.1,Baculoviridae
NC_004654.1,Geminiviridae
NC_005992.1,Reoviridae
NC_006019.1,Reoviridae
NC_007753.1,Reoviridae
NC_010837.1,Geminiviridae
NC_012799.1,Potyviridae
NC_001495.1,Bromoviridae
NC_005217.1,Hantaviridae
NC_001478.1,Geminiviridae
NC_003853.1,Tombusviridae
NC_004052.1,Mitoviridae
NC_006574.1,Arenaviridae
NC_003609.1,Geminiviridae
NC_008521.1,Circoviridae
NC_007672.1,Reoviridae
NC_007667.1,Reoviridae
NC_005905.1,Baculoviridae
NC_001512.1,Togaviridae
NC_001413.1,Retroviridae
NC_003896.1,Geminiviridae
NC_003618.1,Closteroviridae
NC_001694.1,Papillomaviridae
NC_001829.1,Parvoviridae
NC_013443.1,Astroviridae
NC_006575.1,Arenaviridae
NC_001479.1,Picornaviridae
NC_008032.1,Papillomaviridae
NC_003469.1,Virgaviridae
NC_003481.1,Virgaviridae
NC_004287.1,Parvoviridae
NC_007378.1,Orthomyxoviridae
NC_006429.1,Rhabdoviridae
NC_003564.1,Nanoviridae
NC_005842.1,Geminiviridae
NC_001973.1,Baculoviridae
NC_003899.1,Togaviridae
NC_003900.1,Togaviridae
NC_003908.1,Togaviridae
NC_003621.1,Secoviridae
NC_006428.1,Paramyxoviridae
NC_001587.1,Papillomaviridae
NC_013225.1,Reoviridae
NC_013226.1,Reoviridae
NC_013227.1,Reoviridae
NC_013447.1,Endornaviridae
NC_013439.1,Polyomaviridae
NC_005286.1,Tombusviridae
NC_001503.1,Retroviridae
NC_006560.1,Herpesviridae
AC_000010.1,Adenoviridae
NC_014396.1,Phenuiviridae
NC_013228.1,Reoviridae
NC_013229.1,Reoviridae
NC_013230.1,Reoviridae
NC_013232.1,Reoviridae
NC_013233.1,Reoviridae
NC_013234.1,Reoviridae
NC_005950.1,Hepadnaviridae
NC_008059.1,Geminiviridae
NC_003536.1,Potyviridae
NC_004190.1,Reoviridae
NC_004065.1,Herpesviridae
NC_004008.1,Bromoviridae
NC_001748.1,Alphaflexiviridae
NC_003376.1,Alphaflexiviridae
NC_001332.1,Inoviridae
NC_001716.2,Herpesviridae
NC_005890.1,Hepadnaviridae
NC_001511.1,Retroviridae
NC_003480.1,Bromoviridae
NC_012957.1,Picornaviridae
NC_003772.1,Reoviridae
NC_003603.1,Tombusviridae
NC_003446.1,Secoviridae
NC_003462.2,Betaflexiviridae
NC_003692.1,Nodaviridae
NC_003724.1,Virgaviridae
NC_004908.1,Orthomyxoviridae
NC_005214.1,Phenuiviridae
NC_001510.1,Parvoviridae
NC_009895.1,Peribunyaviridae
NC_001959.2,Caliciviridae
NC_001662.1,Parvoviridae
NC_001540.1,Parvoviridae
NC_003661.1,Reoviridae
NC_003714.1,Cystoviridae
NC_004142.1,Nodaviridae
NC_004185.1,Reoviridae
NC_004579.1,Astroviridae
NC_013258.1,Closteroviridae
NC_013259.1,Closteroviridae
NC_003760.1,Reoviridae
NC_003764.1,Reoviridae
NC_006060.1,Alphaflexiviridae
NC_003398.1,Potyviridae
NC_006440.1,Partitiviridae
NC_006504.1,Orthomyxoviridae
NC_001367.1,Virgaviridae
NC_005266.1,Secoviridae
NC_011920.1,Caulimoviridae
NC_010708.1,Hantaviridae
NC_010709.1,Secoviridae
NC_011808.1,Bromoviridae
NC_011809.1,Bromoviridae
NC_014139.1,Geminiviridae
NC_014140.1,Geminiviridae
NC_014141.1,Geminiviridae
NC_014142.1,Geminiviridae
NC_001499.1,Retroviridae
NC_001463.1,Retroviridae
NC_010791.1,Geminiviridae
NC_008250.2,Picornaviridae
NC_004180.1,Reoviridae
NC_003750.1,Reoviridae
NC_002050.1,Tospoviridae
NC_006437.1,Hantaviridae
NC_001368.1,Virgaviridae
NC_003689.1,Betaflexiviridae
NC_005988.1,Reoviridae
NC_006005.1,Reoviridae
NC_005998.1,Reoviridae
NC_009240.1,Nudiviridae
NC_001699.1,Polyomaviridae
NC_001796.2,Paramyxoviridae
NC_014902.1,Geminiviridae
NC_015493.1,Secoviridae
NC_015490.1,Geminiviridae
NC_001550.1,Retroviridae
NC_003849.1,Alphaflexiviridae
NC_003627.1,Tombusviridae
NC_006951.1,Papillomaviridae
NC_004290.1,Parvoviridae
NC_003008.1,Reoviridae
NC_013695.1,Picornaviridae
NC_012702.1,Nyamiviridae
NC_012703.1,Nyamiviridae
NC_015668.1,Mesoniviridae
NC_003495.1,Secoviridae
NC_010799.1,Geminiviridae
NC_014903.1,Geminiviridae
NC_015494.1,Partitiviridae
NC_015502.1,Caulimoviridae
NC_015503.1,Caulimoviridae
NC_015505.1,Caulimoviridae
NC_015507.1,Caulimoviridae
NC_006152.1,Parvoviridae
NC_004609.1,Geminiviridae
NC_006566.1,Bromoviridae
NC_003861.1,Geminiviridae
NC_001749.2,Betaflexiviridae
NC_003693.1,Secoviridae
NC_012699.1,Caliciviridae
NC_006961.1,Partitiviridae
NC_013668.3,Alloherpesviridae
NC_001467.1,Geminiviridae
NC_001468.1,Geminiviridae
NC_010417.1,Geminiviridae
NC_010240.1,Baculoviridae
NC_010752.1,Reoviridae
NC_010713.1,Geminiviridae
NC_010665.1,Reoviridae
NC_010662.1,Reoviridae
NC_010594.1,Reoviridae
NC_010585.1,Reoviridae
NC_004010.1,Potyviridae
NC_001472.1,Picornaviridae
NC_003800.1,Secoviridae
NC_001886.1,Potyviridae
NC_003679.1,Flaviviridae
NC_014185.1,Papillomaviridae
NC_010663.1,Reoviridae
NC_010664.1,Reoviridae
NC_010669.1,Reoviridae
NC_010806.1,Tombusviridae
NC_010809.1,Solemoviridae
NC_012542.1,Reoviridae
NC_003990.1,Picornaviridae
NC_007358.1,Orthomyxoviridae
NC_007363.1,Orthomyxoviridae
NC_007448.1,Closteroviridae
NC_010810.1,Picornaviridae
NC_010817.1,Papillomaviridae
NC_010818.1,Geminiviridae
NC_010820.1,Retroviridae
NC_014904.1,Endornaviridae
NC_002331.1,Baculoviridae
NC_006435.1,Hantaviridae
NC_007547.1,Reoviridae
NC_007556.1,Reoviridae
NC_007538.1,Partitiviridae
NC_007723.1,Geminiviridae
NC_001440.1,Bromoviridae
NC_007289.1,Betaflexiviridae
NC_004905.2,Orthomyxoviridae
NC_014406.1,Polyomaviridae
NC_014407.1,Polyomaviridae
NC_007522.1,Marnaviridae
NC_007527.1,Reoviridae
NC_007642.1,Rhabdoviridae
NC_007726.1,Geminiviridae
NC_012729.2,Parvoviridae
NC_016878.1,Reoviridae
NC_016879.1,Reoviridae
NC_001498.1,Paramyxoviridae
NC_010832.1,Alphaflexiviridae
NC_010834.1,Geminiviridae
NC_010836.1,Geminiviridae
NC_010840.1,Geminiviridae
NC_011268.1,Geminiviridae
NC_002048.1,Geminiviridae
NC_003897.1,Geminiviridae
NC_005331.1,Geminiviridae
NC_004205.1,Reoviridae
NC_010835.1,Geminiviridae
NC_013639.1,Geminiviridae
NC_013640.2,Geminiviridae
NC_008182.1,Secoviridae
NC_008183.1,Secoviridae
NC_008708.2,Bromoviridae
NC_008377.1,Geminiviridae
NC_006367.1,Totiviridae
NC_002021.1,Orthomyxoviridae
NC_003547.1,Bromoviridae
NC_003555.1,Totiviridae
NC_011067.1,Botourmiaviridae
NC_007736.1,Reoviridae
NC_007738.1,Reoviridae
NC_007739.1,Reoviridae
NC_001925.1,Peribunyaviridae
NC_013463.1,Megabirnaviridae
NC_013462.1,Megabirnaviridae
NC_004911.1,Orthomyxoviridae
NC_006296.2,Paramyxoviridae
NC_000855.1,Rhabdoviridae
NC_006874.1,Geminiviridae
NC_006876.1,Geminiviridae
NC_006306.2,Orthomyxoviridae
NC_001844.1,Herpesviridae
NC_007803.1,Paramyxoviridae
NC_007730.2,Geminiviridae
NC_001914.1,Caulimoviridae
NC_004285.1,Parvoviridae
NC_001492.1,Hypoviridae
NC_001721.1,Tombusviridae
NC_000882.1,Geminiviridae
NC_011530.1,Papillomaviridae
NC_014130.1,Geminiviridae
NC_003868.1,Geminiviridae
NC_003607.2,Totiviridae
NC_003013.1,Reoviridae
NC_010749.1,Reoviridae
NC_007362.1,Orthomyxoviridae
NC_007218.1,Parvoviridae
NC_007382.1,Orthomyxoviridae
NC_007381.1,Orthomyxoviridae
NC_007921.1,Baculoviridae
NC_008559.1,Geminiviridae
NC_011659.1,Alphaflexiviridae
NC_014128.1,Geminiviridae
NC_014137.1,Iflaviridae
NC_014138.1,Geminiviridae
NC_008574.2,Inoviridae
NC_008575.1,Inoviridae
NC_008519.1,Papillomaviridae
NC_010439.1,Geminiviridae
NC_014547.1,Geminiviridae
NC_002022.1,Orthomyxoviridae
NC_007562.1,Reoviridae
NC_007567.1,Reoviridae
NC_007740.1,Reoviridae
NC_011620.1,Alphaflexiviridae
NC_007750.1,Reoviridae
NC_009031.1,Geminiviridae
NC_001436.1,Retroviridae
NC_002066.1,Iflaviridae
NC_002588.1,Tymoviridae
NC_013231.1,Reoviridae
NC_001364.1,Retroviridae
NC_014845.1,Geminiviridae
NC_006310.2,Orthomyxoviridae
NC_008317.1,Geminiviridae
NC_004324.3,Caulimoviridae
NC_003563.1,Nanoviridae
NC_003736.1,Reoviridae
NC_009994.1,Potyviridae
NC_003976.2,Picornaviridae
NC_011803.1,Virgaviridae
NC_008033.1,Circoviridae
NC_008294.1,Fiersviridae
NC_008303.1,Tospoviridae
NC_008329.1,Geminiviridae
NC_006441.1,Partitiviridae
NC_009025.1,Dicistroviridae
NC_008173.1,Reoviridae
NC_008366.1,Closteroviridae
NC_008189.1,Papillomaviridae
NC_004098.1,Geminiviridae
NC_014064.1,Potyviridae
NC_008034.1,Caulimoviridae
NC_008494.1,Geminiviridae
NC_014567.1,Herpesviridae
NC_015522.1,Tymoviridae
NC_015523.1,Tymoviridae
NC_015521.1,Hepeviridae
NC_015524.1,Tymoviridae
NC_009249.1,Reoviridae
NC_009491.1,Geminiviridae
NC_009645.1,Geminiviridae
NC_009127.1,Alloherpesviridae
NC_007745.1,Reoviridae
NC_006963.2,Closteroviridae
NC_008522.1,Circoviridae
NC_009987.1,Plectroviridae
NC_009992.1,Closteroviridae
NC_010295.1,Alphaflexiviridae
NC_007371.1,Orthomyxoviridae
NC_007373.1,Orthomyxoviridae
NC_007916.1,Caliciviridae
NC_014066.1,Geminiviridae
NC_014067.1,Geminiviridae
NC_007566.1,Reoviridae
NC_009607.1,Geminiviridae
NC_008311.1,Caliciviridae
NC_009642.1,Virgaviridae
NC_014894.1,Geminiviridae
NC_009251.1,Reoviridae
NC_009032.1,Secoviridae
NC_009946.1,Chrysoviridae
NC_011069.1,Botourmiaviridae
NC_011800.1,Retroviridae
NC_001346.2,Geminiviridae
NC_015506.1,Caulimoviridae
NC_010668.1,Reoviridae
NC_011066.1,Botourmiaviridae
NC_010521.1,Potyviridae
NC_010586.1,Reoviridae
NC_010589.1,Reoviridae
NC_010755.1,Partitiviridae
NC_013797.1,Baculoviridae
NC_006564.1,Papillomaviridae
NC_007913.1,Potyviridae
NC_008582.1,Papillomaviridae
NC_001663.2,Polyomaviridae
NC_001515.2,Polyomaviridae
NC_010277.2,Polyomaviridae
NC_015467.1,Tospoviridae
NC_010751.1,Reoviridae
NC_010792.1,Geminiviridae
NC_010441.2,Geminiviridae
NC_010489.1,Tospoviridae
NC_010954.1,Potyviridae
NC_011189.1,Secoviridae
NC_012135.1,Bromoviridae
NC_012118.1,Geminiviridae
NC_012137.1,Geminiviridae
NC_001639.1,Arteriviridae
NC_001961.1,Arteriviridae
NC_015373.1,Phenuiviridae
NC_006939.1,Tombusviridae
NC_011400.1,Astroviridae
NC_012134.1,Bromoviridae
NC_012541.1,Reoviridae
NC_006359.1,Geminiviridae
NC_014252.1,Potyviridae
NC_015374.1,Phenuiviridae
NC_012757.1,Inoviridae
NC_012787.1,Geminiviridae
NC_013101.1,Nanoviridae
NC_013396.1,Reoviridae
NC_013402.1,Reoviridae
NC_012755.1,Reoviridae
NC_012206.1,Geminiviridae
NC_009242.1,Reoviridae
NC_009248.1,Reoviridae
NC_007210.2,Geminiviridae
NC_014324.1,Geminiviridae
NC_014524.1,Reoviridae
NC_014647.1,Geminiviridae
NC_014446.1,Geminiviridae
NC_014631.1,Geminiviridae
NC_012210.1,Betaflexiviridae
NC_012211.2,Alphaflexiviridae
NC_003732.1,Reoviridae
NC_003733.1,Reoviridae
NC_003763.1,Reoviridae
NC_003766.1,Reoviridae
NC_010710.1,Secoviridae
NC_014127.1,Tymoviridae
NC_014599.1,Reoviridae
NC_014648.1,Caulimoviridae
NC_003767.1,Reoviridae
NC_003768.1,Reoviridae
NC_003773.1,Reoviridae
NC_003774.1,Reoviridae
NC_001426.1,Leviviridae
NC_013014.1,Partitiviridae
NC_013015.1,Partitiviridae
NC_015393.1,Potyviridae
NC_011309.2,Geminiviridae
NC_014516.1,Reoviridae
NC_015267.1,Papillomaviridae
NC_015450.1,Phenuiviridae
NC_007549.1,Reoviridae
NC_007550.1,Reoviridae
NC_007551.1,Reoviridae
NC_007552.1,Reoviridae
NC_007555.1,Reoviridae
NC_013017.1,Geminiviridae
NC_013019.1,Geminiviridae
NC_013413.1,Geminiviridae
NC_013953.1,Baculoviridae
NC_009238.1,Polyomaviridae
NC_009764.1,Betaflexiviridae
NC_014905.1,Potyviridae
NC_015131.1,Reoviridae
NC_015135.1,Reoviridae
NC_015492.1,Secoviridae
NC_015504.1,Caulimoviridae
NC_004627.1,Geminiviridae
NC_013470.1,Curvulaviridae
NC_013471.1,Curvulaviridae
NC_006960.1,Partitiviridae
NC_003987.1,Picornaviridae
NC_007574.1,Reoviridae
NC_007569.1,Reoviridae
NC_010254.1,Arenaviridae
NC_010255.1,Arenaviridae
NC_015211.1,Bacilladnaviridae
NC_016013.1,Papillomaviridae
NC_016085.1,Kitaviridae
NC_016162.1,Inoviridae
NC_016580.1,Geminiviridae
NC_015935.1,Astroviridae
NC_011805.1,Geminiviridae
NC_012120.1,Geminiviridae
NC_007611.1,Polyomaviridae
NC_016752.1,Parvoviridae
NC_013022.2,Geminiviridae
NC_014236.1,Reoviridae
NC_014237.1,Reoviridae
NC_014239.1,Reoviridae
NC_014240.1,Reoviridae
NC_013036.1,Herpesviridae
NC_010666.1,Reoviridae
NC_010950.1,Geminiviridae
NC_014381.1,Geminiviridae
NC_016074.1,Papillomaviridae
NC_016141.1,Kitaviridae
NC_016156.1,Picornaviridae
NC_016647.1,Parvoviridae
NC_016760.1,Quadriviridae
NC_012123.1,Papillomaviridae
NC_014241.1,Reoviridae
NC_014242.1,Reoviridae
NC_014243.1,Reoviridae
NC_014244.1,Reoviridae
NC_014245.1,Reoviridae
NC_014481.1,Amalgaviridae
NC_011108.1,Tombusviridae
NC_011190.1,Secoviridae
NC_014527.1,Reoviridae
NC_015452.1,Phenuiviridae
NC_015043.1,Geminiviridae
NC_016959.1,Togaviridae
NC_015324.1,Geminiviridae
NC_015325.1,Papillomaviridae
NC_012564.1,Parvoviridae
NC_018872.2,Potyviridae
NC_008365.1,Virgaviridae
AC_000020.1,Adenoviridae
NC_013404.1,Reoviridae
NC_013499.1,Totiviridae
NC_014607.1,Reoviridae
NC_006494.1,Iflaviridae
AC_000017.1,Adenoviridae
AC_000018.1,Adenoviridae
AC_000019.1,Adenoviridae
AC_000004.1,Adenoviridae
AC_000009.1,Adenoviridae
AC_000016.1,Adenoviridae
AC_000011.1,Adenoviridae
NC_006383.2,Paramyxoviridae
NC_014372.1,Filoviridae
NC_010624.1,Caliciviridae
NC_005843.1,Geminiviridae
AC_000013.1,Adenoviridae
NC_014463.1,Chrysoviridae
NC_014523.1,Reoviridae
NC_014929.1,Circoviridae
NC_013796.1,Polyomaviridae
AC_000014.1,Adenoviridae
NC_002211.1,Orthomyxoviridae
NC_007543.1,Reoviridae
NC_005096.1,Secoviridae
NC_007647.1,Endornaviridae
NC_007649.1,Endornaviridae
NC_001928.2,Geminiviridae
NC_008728.1,Reoviridae
NC_013102.1,Geminiviridae
NC_001489.1,Picornaviridae
NC_001483.1,Alphaflexiviridae
NC_006013.2,Reoviridae
NC_006014.1,Reoviridae
NC_003604.2,Betaflexiviridae
NC_015297.1,Inoviridae
NC_003014.1,Reoviridae
NC_003138.2,Caulimoviridae
NC_003417.1,Togaviridae
NC_006431.1,Hypoviridae
NC_008733.1,Reoviridae
NC_004659.1,Geminiviridae
NC_004673.1,Geminiviridae
NC_004634.1,Geminiviridae
NC_004012.1,Alphaflexiviridae
NC_007609.1,Tymoviridae
NC_001612.1,Picornaviridae
NC_009538.1,Bromoviridae
NC_009532.1,Tymoviridae
NC_003478.1,Virgaviridae
NC_003828.1,Geminiviridae
NC_004202.1,Reoviridae
NC_004658.1,Geminiviridae
NC_011058.1,Geminiviridae
NC_007545.1,Reoviridae
NC_004580.1,Geminiviridae
NC_004582.1,Geminiviridae
NC_005169.1,Reoviridae
NC_004289.1,Parvoviridae
NC_010246.1,Totiviridae
NC_004291.1,Arenaviridae
NC_014411.1,Picornaviridae
NC_005347.1,Geminiviridae
NC_006015.1,Reoviridae
NC_006018.1,Reoviridae
NC_022639.1,Reoviridae
NC_005170.1,Reoviridae
NC_005172.1,Reoviridae
NC_005173.1,Reoviridae
NC_005171.1,Reoviridae
NC_005166.1,Reoviridae
NC_002795.1,Betaflexiviridae
NC_009759.1,Betaflexiviridae
NC_010434.1,Alphaflexiviridae
NC_009041.1,Virgaviridae
NC_014412.1,Picornaviridae
NC_006312.2,Orthomyxoviridae
NC_006052.1,Aspiviridae
NC_006147.2,Parvoviridae
NC_006946.1,Betaflexiviridae
NC_007002.1,Caulimoviridae
NC_011065.1,Botourmiaviridae
NC_004300.1,Geminiviridae
NC_005319.1,Geminiviridae
NC_005852.2,Geminiviridae
NC_022634.1,Reoviridae
NC_003377.1,Potyviridae
NC_004426.1,Potyviridae
NC_005168.1,Reoviridae
NC_005167.1,Reoviridae
NC_005888.1,Hepadnaviridae
NC_008730.1,Reoviridae
NC_011068.1,Botourmiaviridae
NC_011070.1,Botourmiaviridae
NC_010435.1,Geminiviridae
NC_003556.1,Geminiviridae
NC_009951.1,Polyomaviridae
NC_007242.1,Partitiviridae
NC_007539.1,Chrysoviridae
NC_006271.1,Secoviridae
NC_005081.1,Arenaviridae
NC_005636.1,Geminiviridae
NC_004346.1,Solemoviridae
NC_004097.1,Geminiviridae
NC_001482.1,Retroviridae
NC_001802.1,Retroviridae
NC_003742.1,Potyviridae
NC_013458.1,Nodaviridae
NC_007817.1,Microviridae
NC_007220.1,Circoviridae
NC_010178.1,Closteroviridae
NC_014462.1,Chrysoviridae
NC_014465.1,Chrysoviridae
NC_001867.1,Retroviridae
NC_008057.1,Geminiviridae
NC_008266.1,Betaflexiviridae
NC_004356.1,Geminiviridae
NC_004667.1,Closteroviridae
NC_001451.1,Coronaviridae
NC_003513.1,Benyviridae
NC_003515.1,Benyviridae
NC_003632.1,Alphaflexiviridae
NC_006319.1,Phenuiviridae
NC_013459.1,Nodaviridae
NC_013460.1,Nodaviridae
NC_013464.1,Geminiviridae
NC_014468.1,Parvoviridae
NC_014469.1,Papillomaviridae
NC_008732.1,Reoviridae
NC_003739.1,Mayoviridae
NC_003807.1,Tombusviridae
NC_003806.1,Tombusviridae
NC_005986.1,Reoviridae
NC_005987.1,Reoviridae
NC_005989.1,Reoviridae
NC_013467.1,Geminiviridae
NC_008316.1,Geminiviridae
NC_014473.1,Geminiviridae
NC_015227.2,Tombusviridae
NC_015228.1,Caulimoviridae
NC_015229.1,Tymoviridae
NC_016581.1,Geminiviridae
NC_016898.1,Papillomaviridae
NC_003797.1,Potyviridae
NC_001445.1,Potyviridae
NC_001517.1,Potyviridae
NC_001616.1,Potyviridae
NC_001814.1,Potyviridae
NC_007536.1,Reoviridae
NC_007663.1,Reoviridae
NC_007728.1,Potyviridae
NC_014745.1,Geminiviridae
NC_014748.1,Bacilladnaviridae
NC_014791.1,Potyviridae
NC_015627.1,Geminiviridae
NC_002686.2,Herpesviridae
NC_003031.1,Caulimoviridae
NC_004005.1,Geminiviridae
NC_003399.1,Potyviridae
NC_003492.1,Potyviridae
NC_005904.1,Potyviridae
NC_007147.1,Potyviridae
NC_007965.1,Geminiviridae
NC_008037.1,Bromoviridae
NC_008307.1,Tospoviridae
NC_015628.1,Geminiviridae
NC_002643.1,Microviridae
NC_002729.1,Betaflexiviridae
NC_016014.1,Papillomaviridae
NC_003243.1,Rhabdoviridae
NC_012664.1,Geminiviridae
NC_012665.1,Geminiviridae
NC_012783.2,Herpesviridae
NC_016075.1,Papillomaviridae
NC_008028.1,Potyviridae
NC_009741.1,Potyviridae
NC_009744.1,Potyviridae
NC_009995.1,Potyviridae
NC_010107.1,Papillomaviridae
NC_014793.1,Dicistroviridae
NC_003641.1,Nanoviridae
NC_023626.1,Nanoviridae
NC_002593.1,Baculoviridae
NC_010735.1,Potyviridae
NC_011560.1,Potyviridae
NC_011918.1,Potyviridae
NC_009490.1,Geminiviridae
NC_014794.1,Geminiviridae
NC_014795.1,Geminiviridae
NC_003509.1,Secoviridae
NC_003007.1,Reoviridae
NC_003022.1,Reoviridae
NC_014545.1,Solemoviridae
NC_004637.1,Geminiviridae
NC_007541.1,Chrysoviridae
NC_004124.1,Closteroviridae
NC_016031.1,Parvoviridae
NC_016032.1,Parvoviridae
NC_003787.1,Secoviridae
NC_016649.1,Geminiviridae
NC_014038.1,Potyviridae
NC_014325.1,Potyviridae
NC_015394.2,Potyviridae
NC_014413.1,Picornaviridae
NC_005894.1,Arenaviridae
NC_012685.1,Parvoviridae
NC_012786.1,Geminiviridae
NC_016083.1,Geminiviridae
NC_016084.1,Kitaviridae
NC_016086.1,Kitaviridae
NC_016579.1,Geminiviridae
NC_004635.2,Geminiviridae
NC_014799.1,Geminiviridae
NC_015268.1,Papillomaviridae
NC_015629.1,Mitoviridae
NC_004036.1,Caulimoviridae
NC_004730.1,Virgaviridae
AC_000001.1,Adenoviridae
NC_016087.1,Kitaviridae
NC_016960.1,Togaviridae
NC_008558.1,Potyviridae
NC_011505.2,Reoviridae
NC_011538.1,Tymoviridae
NC_011544.1,Alphaflexiviridae
NC_011706.1,Partitiviridae
NC_007455.1,Parvoviridae
NC_011024.1,Geminiviridae
AC_000189.1,Adenoviridae
AC_000190.1,Adenoviridae
AC_000191.1,Adenoviridae
NC_001650.2,Herpesviridae
NC_002361.1,Circoviridae
NC_012800.1,Picornaviridae
NC_012802.1,Picornaviridae
NC_016519.1,Virgaviridae
NC_016509.1,Closteroviridae
NC_004156.2,Nudiviridae
NC_015586.1,Inoviridae
NC_004626.1,Geminiviridae
NC_001859.1,Picornaviridae
NC_003094.2,Baculoviridae
NC_005899.1,Alphatetraviridae
NC_005883.1,Totiviridae
NC_005095.1,Nodaviridae
NC_005093.1,Rhabdoviridae
NC_001806.2,Herpesviridae
NC_004424.1,Virgaviridae
NC_004425.1,Virgaviridae
NC_003348.1,Papillomaviridae
NC_001726.1,Tombusviridae
NC_002024.2,Bromoviridae
NC_002205.1,Orthomyxoviridae
NC_008094.1,Retroviridae
NC_004046.1,Mitoviridae
NC_003752.1,Reoviridae
NC_005974.1,Rhabdoviridae
NC_001547.1,Togaviridae
NC_005777.1,Peribunyaviridae
NC_004763.2,Polyomaviridae
NC_003701.1,Reoviridae
NC_004153.1,Geminiviridae
NC_006000.1,Reoviridae
NC_002618.2,Solemoviridae
NC_003516.1,Benyviridae
NC_003517.1,Benyviridae
NC_007906.1,Arenaviridae
NC_008252.1,Baculoviridae
NC_008249.1,Solemoviridae
NC_007646.1,Herpesviridae
NC_007016.1,Herpesviridae
NC_008725.1,Baculoviridae
NC_001777.1,Tombusviridae
NC_002324.1,Phenuiviridae
NC_004203.1,Reoviridae
NC_006001.1,Reoviridae
NC_006002.1,Reoviridae
NC_006003.1,Reoviridae
NC_005776.1,Peribunyaviridae
NC_003521.1,Herpesviridae
NC_016440.1,Betaflexiviridae
NC_016561.1,Hepadnaviridae
NC_011317.1,Parvoviridae
NC_003504.1,Geminiviridae
NC_003656.1,Reoviridae
NC_003699.1,Reoviridae
NC_003765.1,Reoviridae
NC_001401.2,Parvoviridae
NC_008267.1,Geminiviridae
NC_009745.1,Potyviridae
NC_003823.1,Totiviridae
NC_006059.1,Alphaflexiviridae
NC_006053.1,Aspiviridae
NC_002512.2,Herpesviridae
NC_003698.1,Reoviridae
NC_016442.1,Virgaviridae
NC_016443.1,Secoviridae
NC_016572.1,Geminiviridae
NC_016573.1,Geminiviridae
NC_016574.1,Geminiviridae
NC_010661.1,Reoviridae
NC_003845.1,Bromoviridae
NC_003886.1,Partitiviridae
NC_003891.1,Geminiviridae
NC_004049.1,Mitoviridae
NC_001541.1,Papillomaviridae
NC_001678.1,Papillomaviridae
NC_001690.1,Papillomaviridae
NC_001693.1,Papillomaviridae
NC_001691.1,Papillomaviridae
NC_001676.1,Papillomaviridae
NC_022641.1,Reoviridae
NC_001701.1,Parvoviridae
NC_006146.1,Herpesviridae
NC_002815.2,Alphaflexiviridae
NC_005215.1,Hantaviridae
NC_005077.1,Arenaviridae
NC_005897.1,Arenaviridae
NC_004197.1,Papillomaviridae
NC_016447.1,Herpesviridae
NC_016448.1,Herpesviridae
NC_016575.1,Geminiviridae
NC_016576.1,Geminiviridae
NC_006962.2,Closteroviridae
NC_001718.1,Parvoviridae
NC_001747.1,Solemoviridae
NC_004104.1,Papillomaviridae
NC_004171.1,Cystoviridae
NC_004628.1,Geminiviridae
NC_003606.1,Potyviridae
NC_003782.1,Dicistroviridae
NC_003715.1,Cystoviridae
NC_003716.1,Cystoviridae
NC_002509.2,Potyviridae
NC_008190.1,Partitiviridae
NC_008191.1,Partitiviridae
NC_000939.2,Tombusviridae
NC_003762.1,Reoviridae
NC_006317.1,Arenaviridae
NC_002199.1,Paramyxoviridae
NC_005036.1,Paramyxoviridae
NC_005134.2,Papillomaviridae
NC_004011.1,Potyviridae
NC_004295.1,Parvoviridae
NC_003878.1,Virgaviridae
NC_016577.1,Geminiviridae
NC_016578.1,Geminiviridae
NC_003215.1,Togaviridae
NC_004640.1,Geminiviridae
NC_004810.1,Closteroviridae
NC_007537.1,Partitiviridae
NC_007767.1,Baculoviridae
NC_008283.1,Geminiviridae
NC_008284.1,Geminiviridae
NC_005221.1,Phenuiviridae
NC_001265.2,Tombusviridae
NC_002469.1,Astroviridae
NC_004215.1,Reoviridae
NC_004216.1,Reoviridae
NC_003610.1,Virgaviridae
NC_003400.1,Alphaflexiviridae
NC_004618.1,Geminiviridae
NC_004655.1,Geminiviridae
NC_005053.1,Circoviridae
NC_005132.1,Alphaflexiviridae
NC_015961.1,Geminiviridae
NC_005079.1,Arenaviridae
NC_005175.1,Reoviridae
NC_005218.1,Hantaviridae
NC_008170.1,Kitaviridae
NC_006308.2,Orthomyxoviridae
NC_006311.1,Orthomyxoviridae
NC_006309.2,Orthomyxoviridae
NC_001927.1,Peribunyaviridae
NC_005225.1,Hantaviridae
NC_003083.1,Baculoviridae
NC_012038.1,Betaflexiviridae
NC_012041.1,Geminiviridae
NC_005778.1,Potyviridae
NC_004573.1,Potyviridae
NC_005288.1,Potyviridae
NC_003605.1,Potyviridae
NC_005889.1,Parvoviridae
NC_005999.1,Reoviridae
NC_003616.1,Tospoviridae
NC_003614.1,Tospoviridae
NC_008302.1,Tospoviridae
NC_007571.1,Reoviridae
NC_009087.2,Betaflexiviridae
NC_011545.2,Parvoviridae
NC_013465.1,Geminiviridae
NC_013057.1,Arenaviridae
NC_005210.2,Closteroviridae
NC_005209.2,Closteroviridae
NC_013116.1,Genomoviridae
AC_000003.1,Adenoviridae
NC_008177.1,Reoviridae
NC_001457.1,Papillomaviridae
NC_015399.1,Circoviridae
NC_007654.1,Retroviridae
NC_007612.1,Papillomaviridae
NC_006315.1,Aspiviridae
NC_006316.1,Aspiviridae
NC_014821.1,Betaflexiviridae
NC_016964.1,Picornaviridae
NC_016965.1,Geminiviridae
NC_003559.1,Nanoviridae
NC_003560.1,Nanoviridae
NC_016877.1,Reoviridae
NC_015552.1,Virgaviridae
NC_015879.1,Reoviridae
NC_015880.1,Reoviridae
NC_015881.1,Reoviridae
NC_015882.1,Reoviridae
NC_007905.1,Arenaviridae
NC_001434.1,Hepeviridae
NC_007731.1,Alphaflexiviridae
NC_013218.1,Secoviridae
NC_013219.1,Secoviridae
NC_013397.1,Reoviridae
NC_013398.1,Reoviridae
NC_013399.1,Reoviridae
NC_013401.1,Reoviridae
NC_001866.1,Retroviridae
NC_001494.1,Retroviridae
NC_014395.1,Phenuiviridae
NC_001361.2,Betaflexiviridae
NC_013403.1,Reoviridae
NC_013405.1,Reoviridae
NC_013400.1,Reoviridae
NC_010951.1,Geminiviridae
NC_010952.1,Geminiviridae
NC_014238.1,Reoviridae
NC_007534.1,Reoviridae
NC_007560.1,Reoviridae
NC_007816.2,Tombusviridae
NC_022637.1,Reoviridae
NC_015116.1,Retroviridae
NC_004440.1,Secoviridae
NC_003443.1,Paramyxoviridae
NC_005281.1,Marnaviridae
NC_002728.1,Paramyxoviridae
NC_003729.1,Reoviridae
NC_004611.1,Geminiviridae
NC_003615.1,Secoviridae
NC_010953.1,Geminiviridae
NC_016648.1,Endornaviridae
NC_016159.1,Potyviridae
NC_015491.1,Geminiviridae
NC_017004.1,Geminiviridae
NC_015124.1,Geminiviridae
NC_015126.1,Reoviridae
NC_001331.1,Inoviridae
NC_003056.1,Tombusviridae
NC_001514.1,Retroviridae
NC_003887.1,Geminiviridae
NC_014596.1,Geminiviridae
NC_004542.1,Caliciviridae
NC_015127.1,Reoviridae
NC_015128.1,Reoviridae
NC_015129.1,Reoviridae
NC_015130.1,Reoviridae
NC_015132.1,Reoviridae
NC_015133.1,Reoviridae
NC_015134.1,Reoviridae
NC_011515.1,Tombusviridae
NC_003496.1,Secoviridae
NC_003054.1,Circoviridae
NC_005290.1,Secoviridae
NC_005289.1,Secoviridae
NC_001800.1,Alphaflexiviridae
NC_004645.1,Geminiviridae
NC_004639.1,Geminiviridae
NC_010944.1,Virgaviridae
NC_010947.1,Geminiviridae
NC_004646.1,Geminiviridae
NC_003680.1,Tombusviridae
NC_003672.1,Virgaviridae
NC_002357.1,Virgaviridae
NC_009383.1,Betaflexiviridae
NC_010946.1,Geminiviridae
NC_010707.1,Hantaviridae
NC_010838.1,Geminiviridae
NC_007408.1,Alphaflexiviridae
NC_006259.1,Parvoviridae
NC_003520.1,Virgaviridae
NC_007582.1,Reoviridae
NC_001789.1,Papillomaviridae
NC_012931.1,Solemoviridae
NC_015150.1,Polyomaviridae
NC_003530.1,Tombusviridae
NC_004676.1,Geminiviridae
NC_004674.1,Geminiviridae
NC_005267.1,Secoviridae
NC_010839.1,Geminiviridae
NC_012535.1,Reoviridae
NC_001396.1,Inoviridae
NC_006011.1,Reoviridae
NC_006009.1,Reoviridae
NC_001834.1,Dicistroviridae
NC_006265.1,Solemoviridae
NC_011554.1,Bromoviridae
NC_001935.1,Geminiviridae
NC_001939.1,Geminiviridae
NC_001938.1,Geminiviridae
NC_002641.1,Herpesviridae
NC_005301.3,Nairoviridae
NC_001354.1,Papillomaviridae
NC_001874.1,Dicistroviridae
NC_002330.1,Virgaviridae
NC_004174.1,Cystoviridae
NC_003541.1,Bromoviridae
NC_006061.1,Closteroviridae
NC_006943.1,Alphaflexiviridae
NC_015049.1,Herpesviridae
NC_015050.1,Solemoviridae
NC_015940.1,Picornaviridae
NC_001724.1,Retroviridae
NC_003434.1,Geminiviridae
NC_006875.1,Caliciviridae
NC_001943.1,Astroviridae
NC_003691.1,Nodaviridae
NC_003740.1,Mayoviridae
NC_003669.1,Virgaviridae
NC_007657.1,Reoviridae
NC_015941.1,Picornaviridae
NC_007673.1,Reoviridae
NC_007584.1,Reoviridae
NC_007749.1,Reoviridae
NC_007751.1,Reoviridae
NC_002016.1,Orthomyxoviridae
NC_015069.1,Nodaviridae
NC_005896.2,Closteroviridae
NC_006447.1,Arenaviridae
NC_001725.1,Caulimoviridae
NC_004200.1,Reoviridae
NC_001348.1,Herpesviridae
NC_008729.1,Reoviridae
NC_010646.1,Coronaviridae
NC_008310.2,Virgaviridae
NC_004122.1,Bromoviridae
NC_007003.1,Caulimoviridae
NC_010985.1,Curvulaviridae
NC_010948.1,Geminiviridae
NC_011372.2,Mitoviridae
NC_001555.1,Potyviridae
NC_002568.2,Solemoviridae
NC_007158.1,Reoviridae
NC_002164.1,Tymoviridae
NC_001449.1,Togaviridae
NC_022633.1,Reoviridae
NC_022635.1,Reoviridae
NC_022636.1,Reoviridae
NC_022638.1,Reoviridae
NC_010757.1,Arenaviridae
NC_015451.1,Phenuiviridae
NC_014380.1,Geminiviridae
NC_013920.1,Tymoviridae
NC_013528.1,Togaviridae
NC_022640.1,Reoviridae
NC_022642.1,Reoviridae
NC_015934.1,Picornaviridae
NC_003467.2,Hantaviridae
NC_003785.2,Secoviridae
NC_014645.1,Geminiviridae
NC_006944.1,Closteroviridae
NC_014143.1,Papillomaviridae
NC_028106.1,Bornaviridae
NC_019034.1,Geminiviridae
NC_004170.1,Cystoviridae
NC_004586.1,Siphoviridae
NC_004820.1,Siphoviridae
NC_004821.1,Siphoviridae
NC_024810.1,Geminiviridae
NC_013135.1,Rhabdoviridae
NC_034268.1,Chrysoviridae
NC_034269.1,Chrysoviridae
NC_034270.1,Chrysoviridae
NC_034271.1,Chrysoviridae
NC_036389.1,Iflaviridae
NC_034552.1,Hantaviridae
NC_034553.1,Hantaviridae
NC_034470.1,Hantaviridae
NC_026439.1,Arteriviridae
NC_034513.1,Partitiviridae
NC_034523.1,Partitiviridae
NC_034514.1,Partitiviridae
NC_038236.1,Rhabdoviridae
NC_038260.1,Herpesviridae
NC_038261.1,Phenuiviridae
NC_038262.1,Phenuiviridae
NC_038263.1,Phenuiviridae
NC_003346.1,Parvoviridae
NC_003812.1,Nanoviridae
NC_003813.1,Nanoviridae
NC_003815.1,Nanoviridae
NC_003816.1,Nanoviridae
NC_003817.1,Nanoviridae
NC_003819.1,Nanoviridae
NC_011547.1,Coronaviridae
NC_038264.1,Herpesviridae
NC_038265.1,Herpesviridae
NC_038266.1,Herpesviridae
NC_038267.1,Herpesviridae
NC_038268.1,Bornaviridae
NC_038269.1,Artoviridae
NC_038270.1,Paramyxoviridae
NC_038275.1,Rhabdoviridae
NC_038276.1,Rhabdoviridae
NC_038277.1,Rhabdoviridae
NC_038278.1,Rhabdoviridae
NC_038279.1,Rhabdoviridae
NC_038280.1,Rhabdoviridae
NC_038282.1,Rhabdoviridae
NC_038283.1,Rhabdoviridae
NC_038284.1,Rhabdoviridae
NC_038285.1,Rhabdoviridae
NC_038286.1,Rhabdoviridae
NC_038287.1,Rhabdoviridae
NC_038288.1,Tospoviridae
NC_038289.1,Tospoviridae
NC_038290.1,Tospoviridae
NC_038291.1,Arteriviridae
NC_038292.1,Arteriviridae
NC_038295.1,Tobaniviridae
NC_038296.1,Mesoniviridae
NC_038297.1,Mesoniviridae
NC_038302.1,Iflaviridae
NC_038303.1,Picornaviridae
NC_038305.1,Picornaviridae
NC_038307.1,Picornaviridae
NC_038308.1,Picornaviridae
NC_038310.1,Picornaviridae
NC_038313.1,Picornaviridae
NC_038314.1,Picornaviridae
NC_038315.1,Picornaviridae
NC_038316.1,Picornaviridae
NC_038317.1,Picornaviridae
NC_038318.1,Picornaviridae
NC_038320.1,Secoviridae
NC_038321.1,Marnaviridae
NC_038322.1,Betaflexiviridae
NC_038323.1,Betaflexiviridae
NC_038325.1,Betaflexiviridae
NC_038326.1,Betaflexiviridae
NC_038327.1,Tymoviridae
NC_038328.1,Tymoviridae
NC_038329.1,Tymoviridae
NC_038330.1,Tymoviridae
NC_038331.1,Tymoviridae
NC_038335.1,Alphatetraviridae
NC_038364.1,Arenaviridae
NC_038366.1,Arenaviridae
NC_038367.1,Arenaviridae
NC_038370.1,Baculoviridae
NC_038371.1,Baculoviridae
NC_038372.1,Baculoviridae
NC_038373.1,Hantaviridae
NC_038374.1,Hantaviridae
NC_038378.1,Caulimoviridae
NC_038379.1,Caulimoviridae
NC_038380.1,Caulimoviridae
NC_038381.1,Caulimoviridae
NC_038382.1,Caulimoviridae
NC_038383.1,Hantaviridae
NC_038384.1,Hantaviridae
NC_038385.1,Circoviridae
NC_038386.1,Circoviridae
NC_038387.1,Circoviridae
NC_038388.1,Circoviridae
NC_038389.1,Circoviridae
NC_038390.1,Circoviridae
NC_038391.1,Circoviridae
NC_038392.1,Circoviridae
NC_038396.1,Circoviridae
NC_038397.1,Circoviridae
NC_038398.1,Circoviridae
NC_038399.1,Circoviridae
NC_038400.1,Circoviridae
NC_038401.1,Circoviridae
NC_038402.1,Circoviridae
NC_038403.1,Circoviridae
NC_038404.1,Circoviridae
NC_038405.1,Circoviridae
NC_038406.1,Circoviridae
NC_038407.1,Circoviridae
NC_038408.1,Circoviridae
NC_038409.1,Circoviridae
NC_038410.1,Circoviridae
NC_038411.1,Circoviridae
NC_038412.1,Circoviridae
NC_038413.1,Circoviridae
NC_038414.1,Circoviridae
NC_038415.1,Circoviridae
NC_038416.1,Circoviridae
NC_038417.1,Circoviridae
NC_038418.1,Circoviridae
NC_038419.1,Closteroviridae
NC_038420.1,Closteroviridae
NC_038421.1,Closteroviridae
NC_038423.1,Hantaviridae
NC_038424.1,Hantaviridae
NC_038433.1,Flaviviridae
NC_038434.1,Flaviviridae
NC_038435.1,Flaviviridae
NC_038436.1,Flaviviridae
NC_038437.1,Flaviviridae
NC_038438.1,Geminiviridae
NC_038439.1,Geminiviridae
NC_038440.1,Geminiviridae
NC_038441.1,Geminiviridae
NC_038442.1,Geminiviridae
NC_038443.1,Geminiviridae
NC_038444.1,Geminiviridae
NC_038445.1,Geminiviridae
NC_038446.1,Hantaviridae
NC_038447.1,Hantaviridae
NC_038448.1,Geminiviridae
NC_038449.1,Geminiviridae
NC_038450.1,Geminiviridae
NC_038452.1,Geminiviridae
NC_038454.1,Geminiviridae
NC_038455.1,Geminiviridae
NC_038457.1,Geminiviridae
NC_038458.1,Geminiviridae
NC_038460.1,Geminiviridae
NC_038461.1,Geminiviridae
NC_038462.1,Geminiviridae
NC_038463.1,Geminiviridae
NC_038464.1,Geminiviridae
NC_038465.1,Geminiviridae
NC_038466.1,Geminiviridae
NC_038469.1,Geminiviridae
NC_038470.1,Geminiviridae
NC_038471.1,Geminiviridae
NC_038472.1,Geminiviridae
NC_038473.1,Geminiviridae
NC_038474.1,Geminiviridae
NC_038475.1,Geminiviridae
NC_038476.1,Geminiviridae
NC_038477.1,Geminiviridae
NC_038478.1,Geminiviridae
NC_038479.1,Genomoviridae
NC_038480.1,Genomoviridae
NC_038482.1,Genomoviridae
NC_038483.1,Genomoviridae
NC_038484.1,Genomoviridae
NC_038485.1,Genomoviridae
NC_038486.1,Genomoviridae
NC_038487.1,Genomoviridae
NC_038488.1,Genomoviridae
NC_038489.1,Genomoviridae
NC_038490.1,Genomoviridae
NC_038491.1,Genomoviridae
NC_038492.1,Genomoviridae
NC_038493.1,Genomoviridae
NC_038494.1,Genomoviridae
NC_038495.1,Genomoviridae
NC_038496.1,Genomoviridae
NC_038497.1,Genomoviridae
NC_038498.1,Genomoviridae
NC_038499.1,Genomoviridae
NC_038500.1,Genomoviridae
NC_038501.1,Genomoviridae
NC_038502.1,Genomoviridae
NC_038503.1,Hepadnaviridae
NC_038505.1,Hantaviridae
NC_038506.1,Hantaviridae
NC_038509.1,Solemoviridae
NC_038510.1,Solemoviridae
NC_038516.1,Papillomaviridae
NC_038517.1,Papillomaviridae
NC_038518.1,Papillomaviridae
NC_038519.1,Papillomaviridae
NC_038520.1,Papillomaviridae
NC_038521.1,Papillomaviridae
NC_038522.1,Papillomaviridae
NC_038525.1,Papillomaviridae
NC_038526.1,Papillomaviridae
NC_038527.1,Papillomaviridae
NC_038528.1,Hantaviridae
NC_038530.1,Hantaviridae
NC_038531.1,Papillomaviridae
NC_038532.1,Parvoviridae
NC_038533.1,Parvoviridae
NC_038534.1,Parvoviridae
NC_038535.1,Parvoviridae
NC_038537.1,Parvoviridae
NC_038538.1,Parvoviridae
NC_038539.1,Parvoviridae
NC_038540.1,Parvoviridae
NC_038541.1,Parvoviridae
NC_038542.1,Parvoviridae
NC_038543.1,Parvoviridae
NC_038544.1,Parvoviridae
NC_038547.1,Parvoviridae
NC_038550.1,Phycodnaviridae
NC_038554.1,Polyomaviridae
NC_038555.1,Polyomaviridae
NC_038556.1,Polyomaviridae
NC_038557.1,Polyomaviridae
NC_038558.1,Polyomaviridae
NC_038561.1,Potyviridae
NC_038562.1,Potyviridae
NC_038563.1,Potyviridae
NC_038564.1,Reoviridae
NC_038565.1,Reoviridae
NC_038566.1,Reoviridae
NC_038567.1,Reoviridae
NC_038568.1,Reoviridae
NC_038569.1,Reoviridae
NC_038570.1,Reoviridae
NC_038571.1,Reoviridae
NC_038572.1,Reoviridae
NC_038573.1,Reoviridae
NC_038614.1,Reoviridae
NC_038615.1,Reoviridae
NC_038616.1,Reoviridae
NC_038617.1,Reoviridae
NC_038618.1,Reoviridae
NC_038619.1,Reoviridae
NC_038620.1,Reoviridae
NC_038621.1,Reoviridae
NC_038622.1,Reoviridae
NC_038623.1,Reoviridae
NC_038624.1,Reoviridae
NC_038625.1,Reoviridae
NC_038626.1,Reoviridae
NC_038627.1,Reoviridae
NC_038628.1,Reoviridae
NC_038629.1,Reoviridae
NC_038630.1,Reoviridae
NC_038631.1,Reoviridae
NC_038632.1,Reoviridae
NC_038634.1,Reoviridae
NC_038635.1,Reoviridae
NC_038636.1,Reoviridae
NC_038637.1,Reoviridae
NC_038638.1,Reoviridae
NC_038639.1,Reoviridae
NC_038640.1,Reoviridae
NC_038641.1,Reoviridae
NC_038642.1,Reoviridae
NC_038643.1,Reoviridae
NC_038644.1,Reoviridae
NC_038645.1,Reoviridae
NC_038646.1,Reoviridae
NC_038647.1,Reoviridae
NC_038648.1,Reoviridae
NC_038649.1,Reoviridae
NC_038650.1,Reoviridae
NC_038652.1,Reoviridae
NC_038653.1,Reoviridae
NC_038654.1,Reoviridae
NC_038655.1,Reoviridae
NC_038656.1,Reoviridae
NC_038657.1,Reoviridae
NC_038658.1,Reoviridae
NC_038659.1,Reoviridae
NC_038660.1,Reoviridae
NC_038661.1,Reoviridae
NC_038662.1,Reoviridae
NC_038663.1,Reoviridae
NC_038664.1,Reoviridae
NC_038665.1,Reoviridae
NC_038666.1,Reoviridae
NC_038667.1,Reoviridae
NC_038668.1,Retroviridae
NC_038669.1,Retroviridae
NC_038670.1,Togaviridae
NC_038671.1,Togaviridae
NC_038672.1,Togaviridae
NC_038673.1,Togaviridae
NC_038674.1,Togaviridae
NC_038675.1,Togaviridae
NC_038690.1,Tombusviridae
NC_038691.1,Tombusviridae
NC_038692.1,Tombusviridae
NC_038693.1,Tombusviridae
NC_038694.1,Hantaviridae
NC_038695.1,Hantaviridae
NC_038696.1,Hantaviridae
NC_038697.1,Totiviridae
NC_038698.1,Totiviridae
NC_038699.1,Totiviridae
NC_038700.1,Totiviridae
NC_038703.1,Virgaviridae
NC_038704.1,Hantaviridae
NC_038705.1,Hantaviridae
NC_038709.1,Nairoviridae
NC_038710.1,Nairoviridae
NC_038711.1,Nairoviridae
NC_038712.1,Peribunyaviridae
NC_038713.1,Peribunyaviridae
NC_038714.1,Peribunyaviridae
NC_038715.1,Peribunyaviridae
NC_038716.1,Peribunyaviridae
NC_038717.1,Peribunyaviridae
NC_038718.1,Peribunyaviridae
NC_038719.1,Peribunyaviridae
NC_038720.1,Peribunyaviridae
NC_038721.1,Peribunyaviridae
NC_038722.1,Peribunyaviridae
NC_038723.1,Peribunyaviridae
NC_038724.1,Peribunyaviridae
NC_038725.1,Peribunyaviridae
NC_038726.1,Peribunyaviridae
NC_038727.1,Peribunyaviridae
NC_038728.1,Peribunyaviridae
NC_038729.1,Peribunyaviridae
NC_038730.1,Peribunyaviridae
NC_038731.1,Peribunyaviridae
NC_038732.1,Peribunyaviridae
NC_038733.1,Peribunyaviridae
NC_038734.1,Peribunyaviridae
NC_038735.1,Peribunyaviridae
NC_038736.1,Peribunyaviridae
NC_038737.1,Peribunyaviridae
NC_038738.1,Peribunyaviridae
NC_038739.1,Peribunyaviridae
NC_038740.1,Peribunyaviridae
NC_038741.1,Peribunyaviridae
NC_038742.1,Peribunyaviridae
NC_038743.1,Peribunyaviridae
NC_038744.1,Secoviridae
NC_038746.1,Phasmaviridae
NC_038748.1,Phenuiviridae
NC_038749.1,Phenuiviridae
NC_038750.1,Phenuiviridae
NC_038755.1,Rhabdoviridae
NC_038756.1,Rhabdoviridae
NC_038757.1,Phenuiviridae
NC_038758.1,Phenuiviridae
NC_038759.1,Secoviridae
NC_038760.1,Secoviridae
NC_038761.1,Secoviridae
NC_038762.1,Secoviridae
NC_038763.1,Secoviridae
NC_038764.1,Secoviridae
NC_038765.1,Secoviridae
NC_038766.1,Secoviridae
NC_038767.1,Secoviridae
NC_038768.1,Secoviridae
NC_038769.1,Fimoviridae
NC_038770.1,Fimoviridae
NC_038771.1,Fimoviridae
NC_038772.1,Fimoviridae
NC_038773.1,Fimoviridae
NC_038775.1,Benyviridae
NC_038776.1,Bromoviridae
NC_038777.1,Bromoviridae
NC_038782.1,Chrysoviridae
NC_038783.1,Chrysoviridae
NC_038784.1,Chrysoviridae
NC_038785.1,Chrysoviridae
NC_038786.1,Closteroviridae
NC_038787.1,Closteroviridae
NC_038788.1,Closteroviridae
NC_038789.1,Closteroviridae
NC_038792.1,Geminiviridae
NC_038793.1,Geminiviridae
NC_038794.1,Geminiviridae
NC_038795.1,Geminiviridae
NC_038796.1,Geminiviridae
NC_038797.1,Geminiviridae
NC_038798.1,Geminiviridae
NC_038799.1,Geminiviridae
NC_038800.1,Geminiviridae
NC_038801.1,Geminiviridae
NC_038802.1,Geminiviridae
NC_038803.1,Geminiviridae
NC_038804.1,Geminiviridae
NC_038805.1,Geminiviridae
NC_038806.1,Geminiviridae
NC_038807.1,Geminiviridae
NC_038808.1,Nanoviridae
NC_038809.1,Nanoviridae
NC_038810.1,Nanoviridae
NC_038811.1,Nanoviridae
NC_038812.1,Nanoviridae
NC_038813.1,Nanoviridae
NC_038814.1,Nanoviridae
NC_038815.1,Nanoviridae
NC_038816.1,Nanoviridae
NC_038823.1,Partitiviridae
NC_038824.1,Partitiviridae
NC_038825.1,Partitiviridae
NC_038826.1,Partitiviridae
NC_038837.1,Partitiviridae
NC_038838.1,Partitiviridae
NC_038845.1,Partitiviridae
NC_038846.1,Partitiviridae
NC_038847.1,Partitiviridae
NC_038848.1,Kitaviridae
NC_038849.1,Kitaviridae
NC_038852.1,Fimoviridae
NC_038853.1,Fimoviridae
NC_038854.1,Fimoviridae
NC_038855.1,Fimoviridae
NC_038856.1,Fimoviridae
NC_038857.1,Togaviridae
NC_038858.1,Retroviridae
NC_038859.1,Herpesviridae
NC_038860.1,Herpesviridae
NC_038861.1,Coronaviridae
NC_038862.1,Secoviridae
NC_038864.1,Alphaflexiviridae
NC_038865.1,Betaflexiviridae
NC_038866.1,Tymoviridae
NC_038867.1,Tymoviridae
NC_038868.1,Baculoviridae
NC_038871.1,Chrysoviridae
NC_038872.1,Chrysoviridae
NC_038873.1,Chrysoviridae
NC_038874.1,Chrysoviridae
NC_038875.1,Geminiviridae
NC_038876.1,Geminiviridae
NC_038877.1,Geminiviridae
NC_038878.1,Picornaviridae
NC_038879.1,Geminiviridae
NC_038881.1,Geminiviridae
NC_038883.1,Parvoviridae
NC_038884.1,Geminiviridae
NC_038885.1,Geminiviridae
NC_038887.1,Geminiviridae
NC_038888.1,Geminiviridae
NC_038889.1,Papillomaviridae
NC_038890.1,Geminiviridae
NC_038893.1,Geminiviridae
NC_038894.1,Geminiviridae
NC_038895.1,Parvoviridae
NC_038896.1,Geminiviridae
NC_038897.1,Geminiviridae
NC_038899.1,Geminiviridae
NC_038901.1,Geminiviridae
NC_038904.1,Nanoviridae
NC_038906.1,Nanoviridae
NC_038908.1,Nanoviridae
NC_038909.1,Nanoviridae
NC_038910.1,Nanoviridae
NC_038911.1,Nanoviridae
NC_038912.1,Flaviviridae
NC_038913.1,Geminiviridae
NC_038914.1,Papillomaviridae
NC_038915.1,Partitiviridae
NC_038916.1,Partitiviridae
NC_038917.1,Partitiviridae
NC_038918.1,Partitiviridae
NC_038922.1,Retroviridae
NC_038923.1,Retroviridae
NC_038927.1,Tombusviridae
NC_038929.1,Totiviridae
NC_038934.1,Phenuiviridae
NC_038935.1,Phenuiviridae
NC_038936.1,Phenuiviridae
NC_038937.1,Herpesviridae
NC_038938.1,Hantaviridae
NC_038939.1,Hantaviridae
NC_038940.1,Hantaviridae
NC_038941.1,Peribunyaviridae
NC_038942.1,Peribunyaviridae
NC_038943.1,Peribunyaviridae
NC_038944.1,Reoviridae
NC_038945.1,Reoviridae
NC_038946.1,Reoviridae
NC_038947.1,Reoviridae
NC_038948.1,Reoviridae
NC_038949.1,Reoviridae
NC_038950.1,Reoviridae
NC_038951.1,Reoviridae
NC_038952.1,Reoviridae
NC_038956.1,Geminiviridae
NC_038960.1,Geminiviridae
NC_038961.1,Picornaviridae
NC_038962.1,Geminiviridae
NC_038963.1,Geminiviridae
NC_038964.1,Flaviviridae
NC_038966.1,Betaflexiviridae
NC_038967.1,Geminiviridae
NC_038968.1,Geminiviridae
NC_038969.1,Geminiviridae
NC_038971.1,Geminiviridae
NC_038972.1,Geminiviridae
NC_038976.1,Geminiviridae
NC_038977.1,Deltaflexiviridae
NC_038978.1,Geminiviridae
NC_038979.1,Deltaflexiviridae
NC_038980.1,Geminiviridae
NC_038981.1,Geminiviridae
NC_038984.1,Potyviridae
NC_038985.1,Geminiviridae
NC_038986.1,Caulimoviridae
NC_038987.1,Caulimoviridae
NC_038988.1,Geminiviridae
NC_038990.1,Geminiviridae
NC_038992.1,Geminiviridae
NC_038994.1,Geminiviridae
NC_038995.1,Caulimoviridae
NC_039001.1,Geminiviridae
NC_039002.1,Potyviridae
NC_039003.1,Geminiviridae
NC_039004.1,Picornaviridae
NC_039007.1,Arenaviridae
NC_039008.1,Arenaviridae
NC_039011.1,Arenaviridae
NC_039012.1,Arenaviridae
NC_039013.1,Bornaviridae
NC_039014.1,Bornaviridae
NC_039015.1,Paramyxoviridae
NC_039016.1,Paramyxoviridae
NC_039017.1,Paramyxoviridae
NC_039018.1,Paramyxoviridae
NC_039019.1,Paramyxoviridae
NC_039020.1,Rhabdoviridae
NC_039021.1,Rhabdoviridae
NC_039022.1,Retroviridae
NC_039023.1,Retroviridae
NC_039024.1,Retroviridae
NC_039025.1,Retroviridae
NC_039026.1,Retroviridae
NC_039027.1,Retroviridae
NC_039031.1,Retroviridae
NC_039033.1,Circoviridae
NC_039035.1,Solemoviridae
NC_039036.1,Papillomaviridae
NC_039038.1,Papillomaviridae
NC_039039.1,Papillomaviridae
NC_039040.1,Papillomaviridae
NC_039041.1,Papillomaviridae
NC_039042.1,Papillomaviridae
NC_039043.1,Parvoviridae
NC_039044.1,Parvoviridae
NC_039045.1,Parvoviridae
NC_039048.1,Parvoviridae
NC_039049.1,Parvoviridae
NC_039050.1,Parvoviridae
NC_039051.1,Polyomaviridae
NC_039052.1,Polyomaviridae
NC_039053.1,Polyomaviridae
NC_039054.1,Smacoviridae
NC_039055.1,Smacoviridae
NC_039056.1,Smacoviridae
NC_039057.1,Smacoviridae
NC_039058.1,Smacoviridae
NC_039059.1,Smacoviridae
NC_039060.1,Smacoviridae
NC_039061.1,Smacoviridae
NC_039062.1,Smacoviridae
NC_039063.1,Smacoviridae
NC_039064.1,Smacoviridae
NC_039065.1,Smacoviridae
NC_039066.1,Smacoviridae
NC_039067.1,Smacoviridae
NC_039068.1,Smacoviridae
NC_039069.1,Smacoviridae
NC_039070.1,Smacoviridae
NC_039071.1,Smacoviridae
NC_039072.1,Secoviridae
NC_039073.1,Secoviridae
NC_039074.1,Bromoviridae
NC_039075.1,Bromoviridae
NC_039076.1,Bromoviridae
NC_039077.1,Secoviridae
NC_039078.1,Secoviridae
NC_039082.1,Geminiviridae
NC_039086.1,Papillomaviridae
NC_039087.1,Betaflexiviridae
NC_039088.1,Potyviridae
NC_039089.1,Papillomaviridae
NC_038319.1,Picornaviridae
NC_039190.1,Bornaviridae
NC_039194.1,Paramyxoviridae
NC_039195.1,Paramyxoviridae
NC_039196.1,Paramyxoviridae
NC_039197.1,Paramyxoviridae
NC_039198.1,Paramyxoviridae
NC_039201.1,Rhabdoviridae
NC_039202.1,Rhabdoviridae
NC_039206.1,Rhabdoviridae
NC_039209.1,Picornaviridae
NC_039211.1,Picornaviridae
NC_039212.1,Picornaviridae
NC_039213.1,Baculoviridae
NC_039214.1,Circoviridae
NC_039215.1,Circoviridae
NC_039216.1,Endornaviridae
NC_039223.1,Paramyxoviridae
NC_039228.1,Retroviridae
NC_039230.1,Paramyxoviridae
NC_039231.1,Pneumoviridae
NC_039235.1,Picornaviridae
NC_039236.1,Polycipiviridae
NC_039237.1,Flaviviridae
NC_039238.1,Retroviridae
NC_039242.1,Retroviridae
NC_039199.1,Pneumoviridae
NC_030452.1,Tombusviridae
NC_034486.1,Peribunyaviridae
NC_034487.1,Peribunyaviridae
NC_034506.1,Peribunyaviridae
NC_034534.1,Rhabdoviridae
NC_034535.1,Rhabdoviridae
NC_034540.1,Rhabdoviridae
NC_034557.1,Hantaviridae
NC_034558.1,Hantaviridae
NC_034564.1,Hantaviridae
NC_034536.1,Rhabdoviridae
NC_034532.1,Parvoviridae
NC_034559.1,Hantaviridae
NC_034560.1,Hantaviridae
NC_034565.1,Hantaviridae
NC_034549.1,Rhabdoviridae
NC_034550.1,Rhabdoviridae
NC_034530.1,Rhabdoviridae
NC_034541.1,Rhabdoviridae
NC_034538.1,Rhabdoviridae
NC_034537.1,Rhabdoviridae
NC_034533.1,Rhabdoviridae
NC_034531.1,Rhabdoviridae
NC_034529.1,Rhabdoviridae
NC_034457.1,Peribunyaviridae
NC_034459.1,Peribunyaviridae
NC_034461.1,Peribunyaviridae
NC_034458.1,Peribunyaviridae
NC_034460.1,Peribunyaviridae
NC_034468.1,Peribunyaviridae
NC_030451.1,Rhabdoviridae
NC_034544.1,Rhabdoviridae
NC_034543.1,Rhabdoviridae
NC_034542.1,Rhabdoviridae
NC_030476.1,Microviridae
NC_030466.1,Circoviridae
NC_034388.1,Nairoviridae
NC_034389.1,Nairoviridae
NC_034392.1,Nairoviridae
NC_030463.1,Circoviridae
NC_030460.1,Circoviridae
NC_030464.1,Circoviridae
NC_030468.1,Circoviridae
NC_030469.1,Circoviridae
NC_030465.1,Circoviridae
NC_030467.1,Circoviridae
NC_030470.1,Circoviridae
NC_030473.1,Circoviridae
NC_030478.1,Circoviridae
NC_030455.1,Circoviridae
NC_030457.1,Circoviridae
NC_030459.1,Circoviridae
NC_030471.1,Circoviridae
NC_030474.1,Circoviridae
NC_030477.1,Circoviridae
NC_030456.1,Circoviridae
NC_030475.1,Circoviridae
NC_034444.1,Caliciviridae
NC_034452.1,Picobirnaviridae
NC_034204.1,Flaviviridae
NC_034207.1,Solemoviridae
NC_034208.1,Potyviridae
NC_034206.1,Picornaviridae
NC_034508.1,Rhabdoviridae
NC_034509.1,Virgaviridae
NC_034515.1,Hantaviridae
NC_034525.1,Hantaviridae
NC_034528.1,Hantaviridae
NC_034518.1,Hantaviridae
NC_034519.1,Hantaviridae
NC_034527.1,Hantaviridae
NC_034517.1,Hantaviridae
NC_034526.1,Hantaviridae
NC_034456.1,Polyomaviridae
NC_039191.1,Phenuiviridae
NC_039192.1,Phenuiviridae
NC_039193.1,Phenuiviridae
NC_038751.1,Phenuiviridae
NC_038752.1,Phenuiviridae
NC_038753.1,Phenuiviridae
NC_038754.1,Phenuiviridae
NC_039183.1,Peribunyaviridae
NC_039184.1,Peribunyaviridae
NC_038932.1,Virgaviridae
NC_038369.1,Baculoviridae
NC_030403.1,Geminiviridae
NC_030445.1,Hepadnaviridae
NC_030446.1,Hepadnaviridae
NC_039224.1,Benyviridae
NC_039225.1,Benyviridae
NC_039226.1,Benyviridae
NC_039227.1,Benyviridae
NC_038574.1,Reoviridae
NC_038575.1,Reoviridae
NC_038576.1,Reoviridae
NC_038578.1,Reoviridae
NC_038579.1,Reoviridae
NC_038580.1,Reoviridae
NC_038581.1,Reoviridae
NC_038582.1,Reoviridae
NC_038583.1,Reoviridae
NC_038790.1,Geminiviridae
NC_038791.1,Geminiviridae
NC_038778.1,Chrysoviridae
NC_038779.1,Chrysoviridae
NC_038780.1,Chrysoviridae
NC_038781.1,Chrysoviridae
NC_038376.1,Bidnaviridae
NC_038377.1,Bidnaviridae
NC_038835.1,Partitiviridae
NC_038817.1,Orthomyxoviridae
NC_038818.1,Orthomyxoviridae
NC_038819.1,Orthomyxoviridae
NC_038820.1,Orthomyxoviridae
NC_038821.1,Orthomyxoviridae
NC_038822.1,Orthomyxoviridae
NC_038839.1,Partitiviridae
NC_038840.1,Partitiviridae
NC_038827.1,Partitiviridae
NC_038828.1,Partitiviridae
NC_038841.1,Partitiviridae
NC_038842.1,Partitiviridae
NC_038829.1,Partitiviridae
NC_038830.1,Partitiviridae
NC_038831.1,Partitiviridae
NC_038832.1,Partitiviridae
NC_038833.1,Partitiviridae
NC_038834.1,Partitiviridae
NC_038298.1,Hantaviridae
NC_038299.1,Hantaviridae
NC_038300.1,Hantaviridae
NC_039005.1,Arenaviridae
NC_038850.1,Virgaviridae
NC_038851.1,Virgaviridae
NC_002654.2,Baculoviridae
NC_023162.1,Picornaviridae
NC_032097.1,Parvoviridae
NC_032681.1,Togaviridae
NC_039185.1,Peribunyaviridae
NC_038933.1,Virgaviridae
NC_038836.1,Partitiviridae
NC_004162.2,Togaviridae
NC_039345.1,Filoviridae
NC_031755.1,Circoviridae
NC_033493.1,Secoviridae
NC_014373.1,Filoviridae
NC_039476.1,Caliciviridae
NC_029646.1,Caliciviridae
NC_028963.1,Arteriviridae
NC_032987.1,Arteriviridae
NC_038991.1,Geminiviridae
NC_028459.1,Genomoviridae
NC_034566.1,Hantaviridae
NC_026168.1,Genomoviridae
NC_001664.4,Herpesviridae
NC_007733.2,Tombusviridae
NC_015782.2,Betaflexiviridae
NC_016038.2,Solemoviridae
NC_028237.2,Rhabdoviridae
NC_040433.1,Amalgaviridae
NC_040590.1,Amalgaviridae
NC_040592.1,Amalgaviridae
NC_040593.1,Amalgaviridae
NC_040663.1,Amalgaviridae
NC_040777.1,Amalgaviridae
NC_040778.1,Amalgaviridae
NC_033780.2,Baculoviridae
NC_033819.1,Picornaviridae
NC_040796.1,Paramyxoviridae
NC_042068.1,Cystoviridae
NC_042069.1,Cystoviridae
NC_042070.1,Cystoviridae
NC_001477.1,Flaviviridae
NC_009823.1,Flaviviridae
NC_009827.1,Flaviviridae
NC_038429.1,Flaviviridae
NC_000943.1,Flaviviridae
NC_001655.1,Flaviviridae
NC_001672.1,Flaviviridae
NC_001809.1,Flaviviridae
NC_002031.1,Flaviviridae
NC_003635.1,Flaviviridae
NC_003687.1,Flaviviridae
NC_003690.1,Flaviviridae
NC_004119.1,Flaviviridae
NC_005062.1,Flaviviridae
NC_008718.1,Flaviviridae
NC_008719.1,Flaviviridae
NC_023424.1,Flaviviridae
NC_023439.1,Flaviviridae
NC_026620.1,Flaviviridae
NC_026624.1,Flaviviridae
NC_027709.1,Flaviviridae
NC_027999.1,Flaviviridae
NC_029054.2,Flaviviridae
NC_030289.1,Flaviviridae
NC_033693.1,Flaviviridae
NC_033694.1,Flaviviridae
NC_033697.1,Flaviviridae
NC_033698.1,Flaviviridae
NC_033699.1,Flaviviridae
NC_033721.1,Flaviviridae
NC_005064.1,Flaviviridae
NC_006551.1,Flaviviridae
NC_008604.2,Flaviviridae
NC_009029.2,Flaviviridae
NC_012671.1,Flaviviridae
NC_012932.1,Flaviviridae
NC_016997.1,Flaviviridae
NC_017086.1,Flaviviridae
NC_018705.3,Flaviviridae
NC_026623.1,Flaviviridae
NC_027817.1,Flaviviridae
NC_027819.1,Flaviviridae
NC_030401.1,Flaviviridae
NC_032088.1,Flaviviridae
NC_033723.1,Flaviviridae
NC_033724.1,Flaviviridae
NC_033726.1,Flaviviridae
NC_034018.1,Flaviviridae
NC_034151.1,Flaviviridae
NC_034242.1,Flaviviridae
NC_035889.1,Flaviviridae
NC_039218.1,Flaviviridae
NC_039219.1,Flaviviridae
NC_040776.1,Flaviviridae
NC_040682.1,Flaviviridae
NC_040610.1,Flaviviridae
NC_040788.1,Flaviviridae
NC_001669.1,Polyomaviridae
NC_002690.1,Nodaviridae
NC_004018.1,Partitiviridae
NC_004019.1,Partitiviridae
NC_004020.1,Partitiviridae
NC_007461.1,Microviridae
NC_008495.1,Geminiviridae
NC_009333.1,Herpesviridae
NC_009530.1,Iflaviridae
NC_011399.1,Inoviridae
NC_011829.1,Picornaviridae
NC_012091.2,Cystoviridae
NC_012092.1,Cystoviridae
NC_012093.1,Cystoviridae
NC_012213.1,Papillomaviridae
NC_012533.1,Flaviviridae
NC_012534.1,Flaviviridae
NC_012735.1,Flaviviridae
NC_013590.2,Herpesviridae
NC_014952.1,Papillomaviridae
NC_014953.1,Papillomaviridae
NC_014954.1,Papillomaviridae
NC_014956.1,Papillomaviridae
NC_022619.1,Endornaviridae
NC_024018.2,Flaviviridae
NC_027221.1,Megabirnaviridae
NC_027222.1,Megabirnaviridae
NC_030119.1,Smacoviridae
NC_030120.1,Smacoviridae
NC_030121.1,Smacoviridae
NC_030122.1,Smacoviridae
NC_030123.1,Smacoviridae
NC_030124.1,Smacoviridae
NC_030125.1,Smacoviridae
NC_030128.1,Smacoviridae
NC_030129.1,Smacoviridae
NC_033770.1,Partitiviridae
NC_033771.1,Partitiviridae
NC_034614.1,Amalgaviridae
NC_034615.1,Amalgaviridae
NC_035070.1,Amalgaviridae
NC_035211.1,Circoviridae
NC_035212.1,Circoviridae
NC_035213.1,Circoviridae
NC_035462.1,Betaflexiviridae
NC_035463.1,Mitoviridae
NC_038234.1,Geminiviridae
NC_038257.1,Phenuiviridae
NC_038258.1,Phenuiviridae
NC_038259.1,Phenuiviridae
NC_038273.1,Hantaviridae
NC_038274.1,Hantaviridae
NC_038309.1,Picornaviridae
NC_038312.1,Picornaviridae
NC_038365.1,Arenaviridae
NC_038368.1,Astroviridae
NC_038393.1,Circoviridae
NC_038394.1,Circoviridae
NC_038395.1,Circoviridae
NC_038422.1,Endornaviridae
NC_038451.1,Geminiviridae
NC_038504.1,Hepeviridae
NC_038513.1,Hantaviridae
NC_038514.1,Hantaviridae
NC_038515.1,Hantaviridae
NC_038546.1,Parvoviridae
NC_038559.1,Polyomaviridae
NC_038584.1,Reoviridae
NC_038585.1,Reoviridae
NC_038586.1,Reoviridae
NC_038587.1,Reoviridae
NC_038588.1,Reoviridae
NC_038589.1,Reoviridae
NC_038590.1,Reoviridae
NC_038591.1,Reoviridae
NC_038592.1,Reoviridae
NC_038593.1,Reoviridae
NC_038594.1,Reoviridae
NC_038595.1,Reoviridae
NC_038596.1,Reoviridae
NC_038597.1,Reoviridae
NC_038598.1,Reoviridae
NC_038599.1,Reoviridae
NC_038600.1,Reoviridae
NC_038601.1,Reoviridae
NC_038602.1,Reoviridae
NC_038603.1,Reoviridae
NC_038604.1,Reoviridae
NC_038605.1,Reoviridae
NC_038606.1,Reoviridae
NC_038607.1,Reoviridae
NC_038608.1,Reoviridae
NC_038609.1,Reoviridae
NC_038610.1,Reoviridae
NC_038611.1,Reoviridae
NC_038612.1,Reoviridae
NC_038613.1,Reoviridae
NC_038706.1,Phasmaviridae
NC_038707.1,Phasmaviridae
NC_038708.1,Phasmaviridae
NC_038843.1,Partitiviridae
NC_038844.1,Partitiviridae
NC_038898.1,Parvoviridae
NC_038965.1,Geminiviridae
NC_038982.1,Geminiviridae
NC_038983.1,Geminiviridae
NC_038989.1,Picornaviridae
NC_039009.1,Arenaviridae
NC_039010.1,Arenaviridae
NC_039046.1,Parvoviridae
NC_039047.1,Parvoviridae
NC_039186.1,Peribunyaviridae
NC_039187.1,Peribunyaviridae
NC_039188.1,Peribunyaviridae
NC_039203.1,Tospoviridae
NC_039204.1,Tospoviridae
NC_039205.1,Tospoviridae
NC_039210.1,Picornaviridae
NC_039217.1,Endornaviridae
NC_039220.1,Nairoviridae
NC_039221.1,Nairoviridae
NC_039222.1,Nairoviridae
NC_042071.1,Cystoviridae
NC_042072.1,Cystoviridae
NC_042073.1,Cystoviridae
NC_027716.2,Phenuiviridae
NC_024889.1,Flaviviridae
NC_038425.1,Flaviviridae
NC_038431.1,Flaviviridae
NC_027715.1,Phenuiviridae
NC_027717.1,Phenuiviridae
NC_001654.1,Retroviridae
NC_007818.1,Microviridae
NC_007819.1,Microviridae
NC_007820.1,Microviridae
NC_007822.1,Microviridae
NC_007823.1,Microviridae
NC_007824.1,Microviridae
NC_007825.1,Microviridae
NC_007827.1,Microviridae
NC_043028.1,Inoviridae
NC_043029.1,Inoviridae
NC_043034.1,Peribunyaviridae
NC_043035.1,Peribunyaviridae
NC_043036.1,Peribunyaviridae
NC_043037.1,Peribunyaviridae
NC_043042.1,Alloherpesviridae
NC_043043.1,Alloherpesviridae
NC_043044.1,Alloherpesviridae
NC_043045.1,Phenuiviridae
NC_043046.1,Phenuiviridae
NC_043047.1,Phenuiviridae
NC_043048.1,Herpesviridae
NC_043049.1,Phenuiviridae
NC_043050.1,Phenuiviridae
NC_043051.1,Phenuiviridae
NC_043052.1,Herpesviridae
NC_043053.1,Herpesviridae
NC_043054.1,Herpesviridae
NC_043056.1,Herpesviridae
NC_043058.1,Herpesviridae
NC_043059.1,Herpesviridae
NC_043060.1,Herpesviridae
NC_043061.1,Herpesviridae
NC_043062.1,Herpesviridae
NC_043063.1,Herpesviridae
NC_043064.1,Rhabdoviridae
NC_043066.1,Rhabdoviridae
NC_043068.1,Hantaviridae
NC_043069.1,Hantaviridae
NC_043070.1,Hantaviridae
NC_043071.1,Picornaviridae
NC_043072.1,Picornaviridae
NC_043073.1,Hantaviridae
NC_043074.1,Hantaviridae
NC_043075.1,Hantaviridae
NC_043076.1,Secoviridae
NC_043077.1,Secoviridae
NC_043078.1,Secoviridae
NC_043079.1,Alphaflexiviridae
NC_043080.1,Betaflexiviridae
NC_043082.1,Betaflexiviridae
NC_043083.1,Betaflexiviridae
NC_043084.1,Betaflexiviridae
NC_043085.1,Betaflexiviridae
NC_043086.1,Betaflexiviridae
NC_043087.1,Betaflexiviridae
NC_043088.1,Betaflexiviridae
NC_043090.1,Tymoviridae
NC_043091.1,Tymoviridae
NC_043095.1,Amalgaviridae
NC_043096.1,Astroviridae
NC_043097.1,Astroviridae
NC_043099.1,Astroviridae
NC_043102.1,Astroviridae
NC_043104.1,Caulimoviridae
NC_043105.1,Closteroviridae
NC_043106.1,Closteroviridae
NC_043107.1,Closteroviridae
NC_043109.1,Endornaviridae
NC_043111.1,Flaviviridae
NC_043112.1,Flaviviridae
NC_043113.1,Flaviviridae
NC_043114.1,Flaviviridae
NC_043115.1,Flaviviridae
NC_043116.1,Flaviviridae
NC_043117.1,Flaviviridae
NC_043118.1,Flaviviridae
NC_043119.1,Geminiviridae
NC_043120.1,Geminiviridae
NC_043121.1,Geminiviridae
NC_043122.1,Geminiviridae
NC_043123.1,Tombusviridae
NC_043125.1,Hantaviridae
NC_043126.1,Hantaviridae
NC_043127.1,Hantaviridae
NC_043133.1,Potyviridae
NC_043134.1,Potyviridae
NC_043135.1,Potyviridae
NC_043136.1,Potyviridae
NC_043137.1,Potyviridae
NC_043138.1,Potyviridae
NC_043139.1,Potyviridae
NC_043140.1,Potyviridae
NC_043142.1,Potyviridae
NC_043143.1,Potyviridae
NC_043144.1,Potyviridae
NC_043145.1,Potyviridae
NC_043146.1,Potyviridae
NC_043147.1,Potyviridae
NC_043148.1,Potyviridae
NC_043149.1,Potyviridae
NC_043150.1,Potyviridae
NC_043151.1,Potyviridae
NC_043152.1,Potyviridae
NC_043153.1,Potyviridae
NC_043154.1,Potyviridae
NC_043155.1,Potyviridae
NC_043156.1,Potyviridae
NC_043157.1,Potyviridae
NC_043158.1,Potyviridae
NC_043159.1,Potyviridae
NC_043160.1,Potyviridae
NC_043161.1,Potyviridae
NC_043162.1,Potyviridae
NC_043163.1,Potyviridae
NC_043164.1,Potyviridae
NC_043165.1,Potyviridae
NC_043167.1,Potyviridae
NC_043168.1,Potyviridae
NC_043169.1,Potyviridae
NC_043170.1,Potyviridae
NC_043171.1,Potyviridae
NC_043172.1,Potyviridae
NC_043173.1,Potyviridae
NC_043174.1,Hantaviridae
NC_043175.1,Hantaviridae
NC_043176.1,Hantaviridae
NC_043177.1,Potyviridae
NC_043180.1,Reoviridae
NC_043181.1,Reoviridae
NC_043182.1,Reoviridae
NC_043183.1,Reoviridae
NC_043184.1,Reoviridae
NC_043185.1,Reoviridae
NC_043186.1,Reoviridae
NC_043187.1,Reoviridae
NC_043188.1,Reoviridae
NC_043189.1,Reoviridae
NC_043190.1,Reoviridae
NC_043191.1,Reoviridae
NC_043192.1,Reoviridae
NC_043193.1,Retroviridae
NC_043194.1,Retroviridae
NC_043196.1,Retroviridae
NC_043199.1,Togaviridae
NC_043206.1,Tombusviridae
NC_043207.1,Phenuiviridae
NC_043208.1,Phenuiviridae
NC_043209.1,Phenuiviridae
NC_043210.1,Tospoviridae
NC_043213.1,Tobaniviridae
NC_043223.1,Marseilleviridae
NC_043224.1,Marseilleviridae
NC_043225.1,Marseilleviridae
NC_043226.1,Marseilleviridae
NC_043227.1,Marseilleviridae
NC_043228.1,Marseilleviridae
NC_043382.1,Retroviridae
NC_043385.1,Secoviridae
NC_043386.1,Secoviridae
NC_043392.1,Partitiviridae
NC_043393.1,Partitiviridae
NC_043394.1,Partitiviridae
NC_043395.1,Partitiviridae
NC_043396.1,Partitiviridae
NC_043397.1,Partitiviridae
NC_043400.1,Virgaviridae
NC_043401.1,Virgaviridae
NC_043402.1,Togaviridae
NC_043403.1,Togaviridae
NC_043407.1,Hantaviridae
NC_043408.1,Hantaviridae
NC_043409.1,Hantaviridae
NC_043411.1,Secoviridae
NC_043412.1,Betaflexiviridae
NC_043416.1,Astroviridae
NC_043417.1,Closteroviridae
NC_043418.1,Geminiviridae
NC_043419.1,Solemoviridae
NC_043420.1,Potyviridae
NC_043421.1,Potyviridae
NC_043422.1,Potyviridae
NC_043423.1,Potyviridae
NC_043424.1,Potyviridae
NC_043425.1,Potyviridae
NC_043426.1,Retroviridae
NC_043431.1,Peribunyaviridae
NC_043432.1,Bacilladnaviridae
NC_043433.1,Geminiviridae
NC_043445.1,Retroviridae
NC_043446.1,Parvoviridae
NC_043450.1,Phenuiviridae
NC_043451.1,Phenuiviridae
NC_043452.1,Phenuiviridae
NC_043453.1,Closteroviridae
NC_043470.1,Chuviridae
NC_043471.1,Chuviridae
NC_043472.1,Chuviridae
NC_043473.1,Chuviridae
NC_043474.1,Tobaniviridae
NC_043476.1,Chuviridae
NC_043484.1,Xinmoviridae
NC_043485.1,Nyamiviridae
NC_043486.1,Nyamiviridae
NC_043488.1,Mesoniviridae
NC_043489.1,Mesoniviridae
NC_043490.1,Tobaniviridae
NC_043499.1,Wupedeviridae
NC_043500.1,Wupedeviridae
NC_043501.1,Wupedeviridae
NC_043512.1,Caliciviridae
NC_043513.1,Geminiviridae
NC_043514.1,Geminiviridae
NC_043515.1,Marnaviridae
NC_043516.1,Caliciviridae
NC_043518.1,Marnaviridae
NC_043519.1,Marnaviridae
NC_043521.1,Botourmiaviridae
NC_043522.1,Botourmiaviridae
NC_043523.1,Caulimoviridae
NC_043525.1,Rhabdoviridae
NC_043527.1,Hantaviridae
NC_043528.1,Hepadnaviridae
NC_043529.1,Baculoviridae
NC_043530.1,Baculoviridae
NC_043531.1,Geminiviridae
NC_043532.1,Potyviridae
NC_043533.1,Geminiviridae
NC_043534.1,Caulimoviridae
NC_043535.1,Caulimoviridae
NC_043536.1,Potyviridae
NC_043537.1,Potyviridae
NC_043538.1,Rhabdoviridae
NC_043539.1,Paramyxoviridae
NC_043540.1,Paramyxoviridae
NC_043541.1,Marnaviridae
NC_043542.1,Marnaviridae
NC_043543.1,Marnaviridae
NC_043544.1,Picornaviridae
NC_043561.1,Peribunyaviridae
NC_043562.1,Peribunyaviridae
NC_043563.1,Peribunyaviridae
NC_043606.1,Peribunyaviridae
NC_043607.1,Peribunyaviridae
NC_043608.1,Peribunyaviridae
NC_043609.1,Phenuiviridae
NC_043610.1,Phenuiviridae
NC_043611.1,Phenuiviridae
NC_043656.1,Chrysoviridae
NC_043657.1,Chrysoviridae
NC_043658.1,Chrysoviridae
NC_043659.1,Chrysoviridae
NC_043660.1,Chrysoviridae
NC_043661.1,Chrysoviridae
NC_043669.1,Chrysoviridae
NC_043670.1,Chrysoviridae
NC_043671.1,Chrysoviridae
NC_043672.1,Chrysoviridae
NC_043673.1,Peribunyaviridae
NC_043674.1,Peribunyaviridae
NC_043675.1,Peribunyaviridae
NC_043676.1,Chrysoviridae
NC_043677.1,Chrysoviridae
NC_043678.1,Chrysoviridae
NC_043682.1,Marnaviridae
NC_043683.1,Botourmiaviridae
NC_043487.1,Arteriviridae
NC_001474.2,Flaviviridae
NC_001475.2,Flaviviridae
NC_002640.1,Flaviviridae
NC_004102.1,Flaviviridae
NC_025672.1,Flaviviridae
NC_031916.1,Flaviviridae
NC_038426.1,Flaviviridae
NC_038428.1,Flaviviridae
NC_038430.1,Flaviviridae
NC_038432.1,Flaviviridae
NC_044045.1,Caliciviridae
NC_044046.1,Caliciviridae
NC_001563.2,Flaviviridae
NC_009942.1,Flaviviridae
NC_012532.1,Flaviviridae
NC_029055.1,Flaviviridae
NC_031950.1,Flaviviridae
NC_044047.1,Caliciviridae
NC_029645.1,Caliciviridae
NC_029647.1,Caliciviridae
NC_039475.1,Caliciviridae
NC_021153.1,Flaviviridae
NC_039477.1,Caliciviridae
NC_040876.1,Caliciviridae
NC_025349.3,Paramyxoviridae
NC_043503.1,Tospoviridae
NC_043504.1,Tospoviridae
NC_043502.1,Tospoviridae
NC_043689.1,Peribunyaviridae
NC_043690.1,Peribunyaviridae
NC_043691.1,Peribunyaviridae
NC_043558.1,Peribunyaviridae
NC_043559.1,Peribunyaviridae
NC_043560.1,Peribunyaviridae
NC_043628.1,Peribunyaviridae
NC_043635.1,Peribunyaviridae
NC_043636.1,Peribunyaviridae
NC_043637.1,Peribunyaviridae
NC_043638.1,Peribunyaviridae
NC_043639.1,Peribunyaviridae
NC_043640.1,Peribunyaviridae
NC_043641.1,Peribunyaviridae
NC_043684.1,Secoviridae
NC_043685.1,Secoviridae
NC_043618.1,Peribunyaviridae
NC_043619.1,Peribunyaviridae
NC_043620.1,Peribunyaviridae
NC_043630.1,Peribunyaviridae
NC_043631.1,Peribunyaviridae
NC_043632.1,Peribunyaviridae
NC_043579.1,Peribunyaviridae
NC_043580.1,Peribunyaviridae
NC_043581.1,Peribunyaviridae
NC_043576.1,Peribunyaviridae
NC_043577.1,Peribunyaviridae
NC_043552.1,Peribunyaviridae
NC_043553.1,Peribunyaviridae
NC_043554.1,Peribunyaviridae
NC_043598.1,Peribunyaviridae
NC_043599.1,Peribunyaviridae
NC_043594.1,Peribunyaviridae
NC_043595.1,Peribunyaviridae
NC_043588.1,Peribunyaviridae
NC_043589.1,Peribunyaviridae
NC_043590.1,Peribunyaviridae
NC_043591.1,Peribunyaviridae
NC_043592.1,Peribunyaviridae
NC_043593.1,Peribunyaviridae
NC_043697.1,Peribunyaviridae
NC_043699.1,Peribunyaviridae
NC_043549.1,Peribunyaviridae
NC_043550.1,Peribunyaviridae
NC_043551.1,Peribunyaviridae
NC_043555.1,Peribunyaviridae
NC_043556.1,Peribunyaviridae
NC_043557.1,Peribunyaviridae
NC_043585.1,Peribunyaviridae
NC_043586.1,Peribunyaviridae
NC_043587.1,Peribunyaviridae
NC_043615.1,Peribunyaviridae
NC_043616.1,Peribunyaviridae
NC_043617.1,Peribunyaviridae
NC_043546.1,Peribunyaviridae
NC_043547.1,Peribunyaviridae
NC_043548.1,Peribunyaviridae
NC_043655.1,Peribunyaviridae
NC_043570.1,Peribunyaviridae
NC_043571.1,Peribunyaviridae
NC_043572.1,Peribunyaviridae
NC_043564.1,Peribunyaviridae
NC_043565.1,Peribunyaviridae
NC_043566.1,Peribunyaviridae
NC_043567.1,Peribunyaviridae
NC_043568.1,Peribunyaviridae
NC_043569.1,Peribunyaviridae
NC_043650.1,Peribunyaviridae
NC_043651.1,Peribunyaviridae
NC_043652.1,Peribunyaviridae
NC_043645.1,Peribunyaviridae
NC_043646.1,Peribunyaviridae
NC_043647.1,Peribunyaviridae
NC_043387.1,Secoviridae
NC_043388.1,Secoviridae
NC_043692.1,Peribunyaviridae
NC_043693.1,Peribunyaviridae
NC_043694.1,Peribunyaviridae
NC_043648.1,Rhabdoviridae
NC_043649.1,Rhabdoviridae
NC_043582.1,Peribunyaviridae
NC_043583.1,Peribunyaviridae
NC_043584.1,Peribunyaviridae
NC_043573.1,Peribunyaviridae
NC_043575.1,Peribunyaviridae
NC_043437.1,Nairoviridae
NC_043438.1,Nairoviridae
NC_043439.1,Nairoviridae
NC_043600.1,Peribunyaviridae
NC_043601.1,Peribunyaviridae
NC_043602.1,Peribunyaviridae
NC_043603.1,Peribunyaviridae
NC_043604.1,Peribunyaviridae
NC_043605.1,Peribunyaviridae
NC_043509.1,Phenuiviridae
NC_043510.1,Phenuiviridae
NC_043511.1,Phenuiviridae
NC_043506.1,Chrysoviridae
NC_043507.1,Chrysoviridae
NC_043508.1,Chrysoviridae
NC_043038.1,Phasmaviridae
NC_043040.1,Phasmaviridae
NC_043041.1,Phasmaviridae
NC_043398.1,Virgaviridae
NC_043399.1,Virgaviridae
NC_043031.1,Phasmaviridae
NC_043032.1,Phasmaviridae
NC_043033.1,Phasmaviridae
NC_043443.1,Arenaviridae
NC_043444.1,Arenaviridae
NC_043662.1,Chrysoviridae
NC_043663.1,Chrysoviridae
NC_043665.1,Chrysoviridae
NC_043667.1,Chrysoviridae
NC_043612.1,Peribunyaviridae
NC_043613.1,Peribunyaviridae
NC_043614.1,Peribunyaviridae
NC_043621.1,Peribunyaviridae
NC_043622.1,Peribunyaviridae
NC_043623.1,Peribunyaviridae
NC_043624.1,Phasmaviridae
NC_043625.1,Phasmaviridae
NC_043626.1,Phasmaviridae
NC_043477.1,Phenuiviridae
NC_043478.1,Phenuiviridae
NC_043479.1,Phenuiviridae
NC_043480.1,Phenuiviridae
NC_043481.1,Phenuiviridae
NC_043482.1,Phenuiviridae
NC_043642.1,Phasmaviridae
NC_043643.1,Phasmaviridae
NC_043644.1,Phasmaviridae
NC_043680.1,Phenuiviridae
NC_043440.1,Nairoviridae
NC_043441.1,Nairoviridae
NC_043442.1,Nairoviridae
NC_043434.1,Nairoviridae
NC_043435.1,Nairoviridae
NC_043436.1,Nairoviridae
NC_043686.1,Peribunyaviridae
NC_043687.1,Peribunyaviridae
NC_043688.1,Peribunyaviridae
NC_043383.1,Virgaviridae
NC_043384.1,Virgaviridae
NC_043367.1,Reoviridae
NC_043368.1,Reoviridae
NC_043369.1,Reoviridae
NC_043370.1,Reoviridae
NC_043371.1,Reoviridae
NC_043372.1,Reoviridae
NC_043373.1,Reoviridae
NC_043238.1,Phycodnaviridae
NC_043221.1,Closteroviridae
NC_043222.1,Closteroviridae
NC_043390.1,Aspiviridae
NC_043391.1,Aspiviridae
NC_043466.1,Alloherpesviridae
NC_043467.1,Alloherpesviridae
NC_043468.1,Alloherpesviridae
NC_040671.1,Parvoviridae
NC_040656.1,Mitoviridae
NC_040621.1,Baculoviridae
NC_040362.1,Circoviridae
NC_040434.1,Mitoviridae
NC_040600.1,Polyomaviridae
NC_031947.1,Flaviviridae
NC_040363.1,Circoviridae
NC_040650.1,Potyviridae
NC_040797.1,Betaflexiviridae
NC_040664.1,Rhabdoviridae
NC_040528.1,Circoviridae
NC_040773.1,Totiviridae
NC_040429.1,Totiviridae
NC_040467.1,Totiviridae
NC_040657.1,Totiviridae
NC_040658.1,Totiviridae
NC_040774.1,Totiviridae
NC_040430.1,Totiviridae
NC_040468.1,Totiviridae
NC_040659.1,Totiviridae
NC_040660.1,Totiviridae
NC_040775.1,Totiviridae
NC_040431.1,Totiviridae
NC_040588.1,Endornaviridae
NC_040589.1,Flaviviridae
NC_040661.1,Narnaviridae
NC_040598.1,Polyomaviridae
NC_040183.1,Geminiviridae
NC_040793.1,Totiviridae
NC_040184.1,Geminiviridae
NC_040599.1,Rhabdoviridae
NC_040669.1,Rhabdoviridae
NC_040535.1,Arteriviridae
NC_040562.1,Parvoviridae
NC_040188.1,Geminiviridae
NC_040670.1,Totiviridae
NC_040530.1,Totiviridae
NC_040785.1,Papillomaviridae
NC_040190.1,Geminiviridae
NC_040602.1,Rhabdoviridae
NC_040786.1,Rhabdoviridae
NC_040383.1,Circoviridae
NC_040382.1,Circoviridae
NC_040380.1,Circoviridae
NC_040386.1,Circoviridae
NC_040787.1,Papillomaviridae
NC_040532.1,Rhabdoviridae
NC_040379.1,Genomoviridae
NC_040792.1,Geminiviridae
NC_040537.1,Geminiviridae
NC_040533.1,Parvoviridae
NC_040554.1,Betaflexiviridae
NC_040616.1,Betaflexiviridae
NC_040541.1,Geminiviridae
NC_040538.1,Polyomaviridae
NC_040607.1,Polyomaviridae
NC_040676.1,Polyomaviridae
NC_040677.1,Polyomaviridae
NC_040611.1,Picornaviridae
NC_040317.1,Genomoviridae
NC_040545.1,Betaflexiviridae
NC_040550.1,Papillomaviridae
NC_040619.1,Papillomaviridae
NC_040620.1,Papillomaviridae
NC_040688.1,Papillomaviridae
NC_040691.1,Papillomaviridae
NC_040803.1,Papillomaviridae
NC_040804.1,Papillomaviridae
NC_040805.1,Papillomaviridae
NC_040806.1,Papillomaviridae
NC_040604.1,Papillomaviridae
NC_040555.1,Flaviviridae
NC_040534.1,Mesoniviridae
NC_040623.1,Parvoviridae
NC_040694.1,Parvoviridae
NC_040695.1,Parvoviridae
NC_040789.1,Nudiviridae
NC_040539.1,Herpesviridae
NC_040549.1,Tombusviridae
NC_040601.1,Iflaviridae
NC_040809.1,Caulimoviridae
NC_040692.1,Caulimoviridae
NC_040807.1,Caulimoviridae
NC_040808.1,Caulimoviridae
NC_040552.1,Caulimoviridae
NC_040622.1,Caulimoviridae
NC_040693.1,Caulimoviridae
NC_040699.1,Nudiviridae
NC_040635.1,Caulimoviridae
NC_040673.1,Picornaviridae
NC_040432.1,Amalgaviridae
NC_040662.1,Amalgaviridae
NC_040591.1,Amalgaviridae
NC_040536.1,Nudiviridae
NC_040351.1,Genomoviridae
NC_040810.1,Smacoviridae
NC_040818.1,Papillomaviridae
NC_040684.1,Picornaviridae
NC_040652.1,Parvoviridae
NC_040603.1,Parvoviridae
NC_040672.1,Parvoviridae
NC_040800.1,Betaflexiviridae
NC_040633.1,Totiviridae
NC_040704.1,Totiviridae
NC_040632.1,Totiviridae
NC_040702.1,Mitoviridae
NC_040816.1,Mitoviridae
NC_040559.1,Mitoviridae
NC_040560.1,Mitoviridae
NC_040564.1,Betaflexiviridae
NC_040640.1,Papillomaviridae
NC_040556.1,Tymoviridae
NC_040548.1,Papillomaviridae
NC_040675.1,Iflaviridae
NC_040719.1,Hepadnaviridae
NC_040613.1,Virgaviridae
NC_040614.1,Virgaviridae
NC_040330.1,Genomoviridae
NC_040639.1,Circoviridae
NC_040703.1,Betaflexiviridae
NC_040817.1,Geminiviridae
NC_040714.1,Polyomaviridae
NC_040802.1,Potyviridae
NC_040608.1,Totiviridae
NC_040678.1,Totiviridae
NC_040568.1,Betaflexiviridae
NC_040826.1,Circoviridae
NC_040710.1,Hepeviridae
NC_040605.1,Picornaviridae
NC_040674.1,Caliciviridae
NC_040706.1,Geminiviridae
NC_040609.1,Endornaviridae
NC_040715.1,Polyomaviridae
NC_040819.1,Mitoviridae
NC_040683.1,Narnaviridae
NC_040566.1,Polyomaviridae
NC_040821.1,Polyomaviridae
NC_040822.1,Polyomaviridae
NC_040634.1,Polyomaviridae
NC_040705.1,Polyomaviridae
NC_040565.1,Tymoviridae
NC_040680.1,Tombusviridae
NC_040799.1,Endornaviridae
NC_040630.1,Betaflexiviridae
NC_040543.1,Mitoviridae
NC_040835.1,Hepeviridae
NC_040627.1,Betaflexiviridae
NC_040570.1,Closteroviridae
NC_040638.1,Polyomaviridae
NC_040642.1,Picornaviridae
NC_040649.1,Deltaflexiviridae
NC_040348.1,Genomoviridae
NC_040340.1,Genomoviridae
NC_040371.1,Genomoviridae
NC_040372.1,Genomoviridae
NC_040350.1,Microviridae
NC_040342.1,Microviridae
NC_040328.1,Microviridae
NC_040374.1,Microviridae
NC_040373.1,Microviridae
NC_040349.1,Microviridae
NC_040375.1,Microviridae
NC_040329.1,Microviridae
NC_040359.1,Smacoviridae
NC_040327.1,Genomoviridae
NC_040341.1,Microviridae
NC_040347.1,Genomoviridae
NC_040370.1,Genomoviridae
NC_040551.1,Totiviridae
NC_040381.1,Circoviridae
NC_040841.1,Caulimoviridae
NC_040580.1,Papillomaviridae
NC_040558.1,Endornaviridae
NC_040653.1,Totiviridae
NC_040842.1,Alphaflexiviridae
NC_040339.1,Genomoviridae
NC_040582.1,Closteroviridae
NC_040722.1,Closteroviridae
NC_040644.1,Alphaflexiviridae
NC_040325.1,Circoviridae
NC_040336.1,Smacoviridae
NC_040346.1,Genomoviridae
NC_040338.1,Genomoviridae
NC_040324.1,Circoviridae
NC_040326.1,Genomoviridae
NC_040679.1,Circoviridae
NC_040709.1,Papillomaviridae
NC_040827.1,Papillomaviridae
NC_040569.1,Papillomaviridae
NC_040583.1,Papillomaviridae
NC_040643.1,Betaflexiviridae
NC_040712.1,Caulimoviridae
NC_040573.1,Polyomaviridae
NC_040713.1,Tombusviridae
NC_040716.1,Iflaviridae
NC_040832.1,Iflaviridae
NC_040578.1,Papillomaviridae
NC_040579.1,Papillomaviridae
NC_040836.1,Potyviridae
NC_040725.1,Tombusviridae
NC_040843.1,Parvoviridae
NC_040572.1,Closteroviridae
NC_040844.1,Mitoviridae
NC_040726.1,Mitoviridae
NC_040585.1,Mitoviridae
NC_040834.1,Closteroviridae
NC_040825.1,Endornaviridae
NC_040724.1,Iflaviridae
NC_040829.1,Narnaviridae
NC_040641.1,Narnaviridae
NC_040571.1,Narnaviridae
NC_040728.1,Papillomaviridae
NC_040655.1,Papillomaviridae
NC_040727.1,Papillomaviridae
NC_040586.1,Secoviridae
NC_040689.1,Betaflexiviridae
NC_040690.1,Amalgaviridae
NC_040563.1,Mitoviridae
NC_040492.1,Phenuiviridae
NC_040493.1,Phenuiviridae
NC_040494.1,Phenuiviridae
NC_040469.1,Bromoviridae
NC_040470.1,Bromoviridae
NC_040471.1,Bromoviridae
NC_040764.1,Narnaviridae
NC_040765.1,Narnaviridae
NC_040752.1,Picobirnaviridae
NC_040753.1,Picobirnaviridae
NC_040438.1,Picobirnaviridae
NC_040439.1,Picobirnaviridae
NC_040389.1,Bromoviridae
NC_040390.1,Bromoviridae
NC_040391.1,Bromoviridae
NC_040763.1,Arenaviridae
NC_040426.1,Arenaviridae
NC_040427.1,Arenaviridae
NC_040428.1,Arenaviridae
NC_040464.1,Arenaviridae
NC_040465.1,Arenaviridae
NC_040466.1,Arenaviridae
NC_040760.1,Benyviridae
NC_040761.1,Benyviridae
NC_040401.1,Kitaviridae
NC_040402.1,Kitaviridae
NC_040403.1,Kitaviridae
NC_040404.1,Kitaviridae
NC_040435.1,Bromoviridae
NC_040436.1,Bromoviridae
NC_040437.1,Bromoviridae
NC_043211.1,Tobaniviridae
NC_043212.1,Tobaniviridae
NC_040507.1,Potyviridae
NC_040508.1,Potyviridae
NC_040405.1,Reoviridae
NC_040406.1,Reoviridae
NC_040407.1,Reoviridae
NC_040408.1,Reoviridae
NC_040409.1,Reoviridae
NC_040410.1,Reoviridae
NC_040411.1,Reoviridae
NC_040412.1,Reoviridae
NC_040413.1,Reoviridae
NC_040414.1,Reoviridae
NC_040415.1,Reoviridae
NC_040770.1,Nairoviridae
NC_040771.1,Nairoviridae
NC_040772.1,Nairoviridae
NC_040512.1,Nairoviridae
NC_040513.1,Nairoviridae
NC_040514.1,Nairoviridae
NC_040458.1,Nairoviridae
NC_040459.1,Nairoviridae
NC_040460.1,Nairoviridae
NC_040440.1,Reoviridae
NC_040441.1,Reoviridae
NC_040442.1,Reoviridae
NC_040443.1,Reoviridae
NC_040444.1,Reoviridae
NC_040445.1,Reoviridae
NC_040446.1,Reoviridae
NC_040447.1,Reoviridae
NC_040456.1,Partitiviridae
NC_040457.1,Partitiviridae
NC_040397.1,Partitiviridae
NC_040398.1,Partitiviridae
NC_040744.1,Nanoviridae
NC_040745.1,Nanoviridae
NC_040746.1,Nanoviridae
NC_040747.1,Nanoviridae
NC_040748.1,Nanoviridae
NC_040749.1,Nanoviridae
NC_040750.1,Nanoviridae
NC_040751.1,Nanoviridae
NC_040399.1,Secoviridae
NC_040400.1,Secoviridae
NC_040736.1,Chrysoviridae
NC_040737.1,Chrysoviridae
NC_040738.1,Chrysoviridae
NC_040739.1,Chrysoviridae
NC_040740.1,Chrysoviridae
NC_040387.1,Partitiviridae
NC_040388.1,Partitiviridae
NC_040472.1,Reoviridae
NC_040473.1,Reoviridae
NC_040392.1,Bromoviridae
NC_040393.1,Bromoviridae
NC_040394.1,Bromoviridae
NC_040730.1,Orthomyxoviridae
NC_040731.1,Orthomyxoviridae
NC_040732.1,Orthomyxoviridae
NC_040733.1,Orthomyxoviridae
NC_040734.1,Orthomyxoviridae
NC_040735.1,Orthomyxoviridae
NC_040416.1,Secoviridae
NC_040417.1,Secoviridae
NC_040741.1,Tospoviridae
NC_040742.1,Tospoviridae
NC_040743.1,Tospoviridae
NC_040498.1,Reoviridae
NC_040499.1,Reoviridae
NC_040500.1,Reoviridae
NC_040501.1,Reoviridae
NC_040502.1,Reoviridae
NC_040503.1,Reoviridae
NC_040504.1,Reoviridae
NC_040505.1,Reoviridae
NC_040506.1,Reoviridae
NC_040756.1,Partitiviridae
NC_040757.1,Partitiviridae
NC_040485.1,Chrysoviridae
NC_040486.1,Chrysoviridae
NC_040487.1,Chrysoviridae
NC_040488.1,Chrysoviridae
NC_040489.1,Chrysoviridae
NC_040490.1,Chrysoviridae
NC_040491.1,Chrysoviridae
NC_040483.1,Partitiviridae
NC_040484.1,Partitiviridae
NC_040474.1,Reoviridae
NC_040475.1,Reoviridae
NC_040476.1,Reoviridae
NC_040477.1,Reoviridae
NC_040478.1,Reoviridae
NC_040479.1,Reoviridae
NC_040480.1,Reoviridae
NC_040481.1,Reoviridae
NC_040482.1,Reoviridae
NC_040847.1,Reoviridae
NC_040768.1,Curvulaviridae
NC_040769.1,Curvulaviridae
NC_040461.1,Retroviridae
NC_040462.1,Retroviridae
NC_040463.1,Retroviridae
NC_040509.1,Chrysoviridae
NC_040510.1,Chrysoviridae
NC_040448.1,Phenuiviridae
NC_040449.1,Phenuiviridae
NC_040450.1,Phenuiviridae
NC_040451.1,Phenuiviridae
NC_040452.1,Phenuiviridae
NC_040453.1,Phenuiviridae
NC_040454.1,Phenuiviridae
NC_040455.1,Phenuiviridae
NC_040495.1,Partitiviridae
NC_040496.1,Partitiviridae
NC_040497.1,Partitiviridae
NC_044932.1,Caliciviridae
NC_044944.1,Asfarviridae
NC_044948.1,Asfarviridae
NC_044949.1,Asfarviridae
NC_044950.1,Asfarviridae
NC_044951.1,Asfarviridae
NC_044952.1,Asfarviridae
NC_044953.1,Asfarviridae
NC_044954.1,Asfarviridae
NC_044853.1,Caliciviridae
NC_044854.1,Caliciviridae
NC_044855.1,Caliciviridae
NC_044856.1,Caliciviridae
NC_019559.2,Herpesviridae
NC_019850.1,Polyomaviridae
NC_019855.1,Polyomaviridae
NC_019856.1,Polyomaviridae
NC_019857.1,Polyomaviridae
NC_019858.1,Polyomaviridae
NC_025892.1,Polyomaviridae
NC_040685.2,Virgaviridae
NC_036579.1,Alloherpesviridae
NC_006008.2,Reoviridae
NC_028379.1,Herpesviridae
NC_045762.1,Caliciviridae
NC_025897.1,Polyomaviridae
NC_030889.1,Partitiviridae
NC_030890.1,Partitiviridae
NC_046955.1,Coronaviridae
NC_046956.1,Tobaniviridae
NC_046963.1,Tobaniviridae
NC_028234.1,Rhabdoviridae
NC_033835.1,Phenuiviridae
NC_033836.1,Phenuiviridae
NC_033837.1,Phenuiviridae
NC_033838.1,Phenuiviridae
NC_033839.1,Phenuiviridae
NC_033840.1,Phenuiviridae
NC_033841.1,Phenuiviridae
NC_033842.1,Phenuiviridae
NC_033843.1,Phenuiviridae
NC_033844.1,Phenuiviridae
NC_033845.1,Phenuiviridae
NC_033848.1,Phenuiviridae
NC_033849.1,Phenuiviridae
NC_033850.1,Phenuiviridae
NC_033846.1,Phenuiviridae
NC_005949.1,Inoviridae
NC_047765.1,Inoviridae
NC_047800.1,Autographiviridae
NC_048209.1,Arteriviridae
NC_048210.1,Arteriviridae
NC_048213.1,Coronaviridae
NC_003449.1,Nodaviridae
NC_006999.2,Bromoviridae
NC_013266.1,Bromoviridae
NC_013267.1,Bromoviridae
NC_007000.2,Bromoviridae
NC_007001.1,Bromoviridae
NC_013268.1,Bromoviridae
NC_035450.1,Polycipiviridae
NC_035455.1,Polycipiviridae
NC_035456.1,Polycipiviridae
NC_035457.1,Polycipiviridae
NC_019946.1,Geminiviridae
NC_010463.1,Myoviridae
NC_004584.1,Siphoviridae
NC_004585.1,Siphoviridae
NC_004587.1,Siphoviridae
NC_004589.1,Siphoviridae
NC_004740.1,Siphoviridae
NC_049200.1,Geminiviridae
NC_043110.1,Flaviviridae
NC_045512.2,Coronaviridae
NC_049947.1,Siphoviridae
NC_025479.2,Secoviridae
NC_026767.1,Polyomaviridae
NC_039207.1,Coronaviridae
NC_019843.3,Coronaviridae
NC_025217.1,Coronaviridae
NC_030886.1,Coronaviridae
NC_010354.1,Picornaviridae
NC_020236.1,Geminiviridae
NC_025379.2,Astroviridae
NC_028121.1,Polyomaviridae
NC_028122.1,Polyomaviridae
NC_048217.1,Coronaviridae
NC_006213.1,Coronaviridae
NC_003045.1,Coronaviridae
NC_026314.1,Picornaviridae
NC_028380.1,Picornaviridae
AC_000192.1,Coronaviridae
NC_012936.1,Coronaviridae
NC_018400.1,Picornaviridae
NC_002786.2,Tymoviridae
NC_043517.1,Geminiviridae
NC_050698.1,Geminiviridae
NC_032126.1,Picornaviridae
NC_046954.1,Coronaviridae
NC_001846.1,Coronaviridae
NC_017083.1,Coronaviridae
NC_026011.1,Coronaviridae
NC_006577.2,Coronaviridae
NC_034440.1,Coronaviridae
NC_009019.1,Coronaviridae
NC_004718.3,Coronaviridae
NC_002232.1,Papillomaviridae
NC_003973.1,Papillomaviridae
NC_028366.1,Picornaviridae
NC_035207.1,Adenoviridae
NC_038294.1,Coronaviridae
NC_048212.1,Coronaviridae
NC_048167.1,Autographiviridae
NC_047883.1,Autographiviridae
NC_051726.1,Siphoviridae
NC_006579.1,Pneumoviridae
NC_001989.1,Pneumoviridae
NC_001781.1,Pneumoviridae
NC_038235.1,Pneumoviridae
NC_038272.1,Pneumoviridae
NC_051610.1,Siphoviridae
NC_048630.1,Zobellviridae
NC_042115.1,Siphoviridae
NC_051591.1,Siphoviridae
NC_051628.1,Siphoviridae
NC_051613.1,Siphoviridae
NC_047797.2,Autographiviridae
NC_047801.2,Autographiviridae
NC_051604.1,Siphoviridae
NC_051605.1,Siphoviridae
NC_051601.1,Siphoviridae
NC_051627.1,Siphoviridae
NC_051599.1,Siphoviridae
NC_051606.1,Siphoviridae
NC_051607.1,Siphoviridae
NC_051620.1,Siphoviridae
NC_051616.1,Siphoviridae
NC_042013.1,Myoviridae
NC_051614.1,Siphoviridae
NC_047896.1,Autographiviridae
NC_051621.1,Siphoviridae
NC_051595.1,Siphoviridae
NC_051611.1,Siphoviridae
NC_051721.1,Siphoviridae
NC_051594.1,Siphoviridae
NC_051612.1,Siphoviridae
NC_051641.1,Siphoviridae
NC_051615.1,Siphoviridae
NC_051580.1,Siphoviridae
NC_051596.1,Siphoviridae
NC_051587.1,Siphoviridae
NC_051583.1,Siphoviridae
NC_051585.1,Siphoviridae
NC_051626.1,Siphoviridae
NC_051589.1,Siphoviridae
NC_051619.1,Siphoviridae
NC_051624.1,Siphoviridae
NC_051592.1,Siphoviridae
NC_043767.1,Siphoviridae
NC_051608.1,Siphoviridae
NC_051629.1,Siphoviridae
NC_051631.1,Siphoviridae
NC_051582.1,Siphoviridae
NC_051623.1,Siphoviridae
NC_051600.1,Siphoviridae
NC_051584.1,Siphoviridae
NC_051581.1,Siphoviridae
NC_051586.1,Siphoviridae
NC_049496.1,Ackermannviridae
NC_049497.1,Ackermannviridae
NC_049495.1,Ackermannviridae
NC_051590.1,Siphoviridae
NC_051603.1,Siphoviridae
NC_051622.1,Siphoviridae
NC_051617.1,Siphoviridae
NC_051609.1,Siphoviridae
NC_003663.2,Poxviridae
NC_001611.1,Poxviridae
NC_027213.1,Poxviridae
NC_005336.1,Poxviridae
NC_002188.1,Poxviridae
NC_004002.1,Poxviridae
NC_001266.1,Poxviridae
NC_003389.1,Poxviridae
NC_001731.1,Poxviridae
NC_021248.1,Poxviridae
NC_038921.1,Poxviridae
NC_005946.1,Iridoviridae
NC_001659.2,Asfarviridae
NC_044941.1,Asfarviridae
NC_044943.1,Asfarviridae
NC_044945.1,Asfarviridae
NC_044946.1,Asfarviridae
NC_044947.1,Asfarviridae
NC_044955.1,Asfarviridae
NC_044959.2,Asfarviridae
NC_000852.5,Phycodnaviridae
NC_001421.2,Tectiviridae
NC_043027.1,Myoviridae
NC_011421.1,Herelleviridae
NC_019457.1,Myoviridae
NC_042564.1,Demerecviridae
NC_005859.1,Demerecviridae
NC_001825.1,Salasmaviridae
NC_002520.1,Poxviridae
NC_043363.1,Poxviridae
NC_043364.1,Poxviridae
NC_043365.1,Poxviridae
NC_043366.1,Poxviridae
NC_008291.1,Poxviridae
NC_003391.1,Poxviridae
NC_031033.1,Poxviridae
NC_002515.1,Podoviridae
NC_038334.1,Adenoviridae
NC_001824.1,Iridoviridae
NC_002687.1,Phycodnaviridae
NC_028107.1,Adenoviridae
NC_006144.1,Adenoviridae
NC_028103.1,Adenoviridae
NC_005179.1,Poxviridae
NC_011183.1,Phycodnaviridae
NC_043093.1,Adenoviridae
NC_005309.1,Poxviridae
NC_043233.1,Phycodnaviridae
NC_043234.1,Phycodnaviridae
NC_030792.1,Adenoviridae
NC_043237.1,Phycodnaviridae
NC_043239.1,Phycodnaviridae
NC_043240.1,Phycodnaviridae
NC_043241.1,Phycodnaviridae
NC_023426.1,Poxviridae
NC_032111.1,Poxviridae
NC_027705.1,Adenoviridae
NC_015780.1,Iridoviridae
NC_024451.1,Iridoviridae
NC_001993.1,Poxviridae
NC_043236.1,Phycodnaviridae
NC_017940.1,Iridoviridae
NC_003387.1,Siphoviridae
NC_011222.1,Siphoviridae
NC_028461.1,Iridoviridae
NC_038507.1,Iridoviridae
NC_011202.1,Adenoviridae
NC_011203.1,Adenoviridae
NC_043455.1,Poxviridae
NC_043456.1,Poxviridae
NC_043457.1,Poxviridae
NC_043458.1,Poxviridae
NC_043459.1,Poxviridae
NC_043460.1,Poxviridae
NC_043461.1,Poxviridae
NC_043462.1,Poxviridae
NC_043463.1,Poxviridae
NC_043464.1,Poxviridae
NC_043465.1,Poxviridae
NC_020074.1,Adenoviridae
NC_002501.1,Adenoviridae
NC_004037.2,Adenoviridae
NC_007023.1,Myoviridae
NC_007918.1,Pleolipoviridae
NC_013804.1,Poxviridae
NC_005337.1,Poxviridae
NC_003266.2,Adenoviridae
NC_001454.1,Adenoviridae
NC_010956.1,Adenoviridae
NC_002685.2,Adenoviridae
NC_002642.1,Poxviridae
NC_004735.1,Myoviridae
NC_043214.1,Adenoviridae
NC_043215.1,Adenoviridae
NC_003390.2,Autographiviridae
NC_011335.1,Ascoviridae
NC_043216.1,Ascoviridae
NC_043217.1,Ascoviridae
NC_031038.1,Poxviridae
NC_021221.1,Adenoviridae
NC_038332.1,Adenoviridae
NC_003214.2,Lipothrixviridae
NC_003038.1,Iridoviridae
NC_003494.1,Iridoviridae
NC_007346.1,Phycodnaviridae
NC_035188.1,Poxviridae
NC_009989.1,Adenoviridae
NC_015323.1,Adenoviridae
NC_038508.1,Iridoviridae
NC_010821.1,Myoviridae
NC_004684.1,Siphoviridae
NC_004685.1,Siphoviridae
NC_004687.1,Myoviridae
NC_004689.1,Siphoviridae
NC_004333.2,Myoviridae
NC_005259.1,Siphoviridae
NC_005260.1,Myoviridae
NC_004814.1,Podoviridae
NC_043242.1,Phycodnaviridae
NC_043243.1,Phycodnaviridae
NC_043244.1,Phycodnaviridae
NC_043245.1,Phycodnaviridae
NC_043246.1,Phycodnaviridae
NC_043247.1,Phycodnaviridae
NC_043248.1,Phycodnaviridae
NC_043249.1,Phycodnaviridae
NC_043250.1,Phycodnaviridae
NC_043251.1,Phycodnaviridae
NC_043252.1,Phycodnaviridae
NC_043253.1,Phycodnaviridae
NC_043254.1,Phycodnaviridae
NC_043255.1,Phycodnaviridae
NC_043257.1,Phycodnaviridae
NC_008208.1,Myoviridae
NC_005830.1,Lipothrixviridae
NC_022563.1,Poxviridae
NC_005091.2,Siphoviridae
NC_021312.1,Phycodnaviridae
NC_005284.1,Siphoviridae
NC_005902.1,Iridoviridae
NC_005342.2,Myoviridae
NC_009233.1,Ascoviridae
NC_006549.1,Iridoviridae
NC_005882.1,Myoviridae
NC_005832.1,Iridoviridae
NC_005884.1,Podoviridae
NC_005885.1,Siphoviridae
NC_006938.1,Siphoviridae
NC_005886.2,Myoviridae
NC_006356.2,Siphoviridae
NC_009884.1,Lipothrixviridae
NC_006966.1,Poxviridae
NC_006879.1,Adenoviridae
NC_007451.1,Tectiviridae
NC_016434.1,Siphoviridae
NC_007022.1,Myoviridae
NC_007217.1,Sphaerolipoviridae
NC_044938.1,Ascoviridae
NC_008518.1,Ascoviridae
NC_014467.1,Myoviridae
NC_007149.1,Autographiviridae
NC_009814.1,Siphoviridae
NC_016163.1,Myoviridae
NC_028238.1,Poxviridae
NC_009643.1,Podoviridae
NC_023615.1,Iridoviridae
NC_023611.1,Iridoviridae
NC_010155.1,Lipothrixviridae
NC_010152.1,Lipothrixviridae
NC_010154.1,Lipothrixviridae
NC_007806.1,Siphoviridae
NC_007807.1,Podoviridae
NC_007808.1,Zobellviridae
NC_007809.1,Siphoviridae
NC_043130.1,Phycodnaviridae
NC_008207.1,Myoviridae
NC_008195.1,Siphoviridae
NC_008202.2,Siphoviridae
NC_008197.1,Siphoviridae
NC_008198.1,Siphoviridae
NC_008200.1,Siphoviridae
NC_008204.1,Siphoviridae
NC_003027.1,Poxviridae
NC_004003.1,Poxviridae
NC_043092.1,Adenoviridae
NC_008364.1,Siphoviridae
NC_009816.1,Siphoviridae
NC_009936.1,Autographiviridae
NC_043094.1,Adenoviridae
NC_008603.1,Phycodnaviridae
NC_008367.1,Podoviridae
NC_043178.1,Poxviridae
NC_008584.1,Myoviridae
NC_028113.1,Adenoviridae
NC_009015.1,Myoviridae
NC_009014.1,Autographiviridae
NC_022751.1,Podoviridae
NC_009447.1,Siphoviridae
NC_009531.1,Autographiviridae
NC_009904.1,Herelleviridae
NC_044956.1,Asfarviridae
NC_044957.1,Asfarviridae
NC_027119.1,Ackermannviridae
NC_028094.1,Phycodnaviridae
NC_009760.1,Myoviridae
NC_029031.1,Autographiviridae
NC_010116.1,Siphoviridae
NC_012696.1,Schitoviridae
NC_010583.1,Demerecviridae
NC_011646.1,Siphoviridae
NC_010363.1,Salasmaviridae
NC_034382.1,Adenoviridae
NC_011523.1,Tectiviridae
NC_011085.3,Autographiviridae
NC_043179.1,Poxviridae
NC_012742.1,Siphoviridae
NC_039034.1,Iridoviridae
NC_011044.1,Siphoviridae
NC_011132.1,Lavidaviridae
NC_011271.1,Myoviridae
NC_011272.1,Myoviridae
NC_011269.2,Myoviridae
NC_011270.1,Myoviridae
NC_011201.1,Autographiviridae
NC_011308.1,Siphoviridae
NC_011290.1,Siphoviridae
NC_011292.1,Siphoviridae
NC_021068.1,Podoviridae
NC_029067.1,Myoviridae
NC_021067.1,Myoviridae
NC_021073.1,Myoviridae
NC_012584.1,Adenoviridae
NC_020485.1,Adenoviridae
NC_020872.1,Autographiviridae
NC_003310.1,Poxviridae
NC_012223.2,Siphoviridae
NC_012419.1,Siphoviridae
NC_012530.1,Herelleviridae
NC_012558.1,Pleolipoviridae
NC_013693.1,Ackermannviridae
NC_030394.2,Iridoviridae
NC_012663.1,Siphoviridae
NC_012662.1,Autographiviridae
NC_013651.1,Autographiviridae
NC_024446.1,Poxviridae
NC_012959.1,Adenoviridae
NC_013691.1,Schitoviridae
NC_013692.1,Schitoviridae
NC_013021.1,Siphoviridae
NC_028689.1,Siphoviridae
NC_027985.1,Siphoviridae
NC_013697.1,Myoviridae
NC_019496.1,Siphoviridae
NC_043405.1,Adenoviridae
NC_019913.1,Myoviridae
NC_013698.1,Siphoviridae
NC_028675.1,Autographiviridae
NC_043695.1,Adenoviridae
NC_043696.1,Adenoviridae
NC_023722.1,Siphoviridae
NC_023706.1,Siphoviridae
NC_014637.1,Mimiviridae
NC_013638.1,Autographiviridae
NC_013756.1,Marseilleviridae
NC_015932.1,Adenoviridae
NC_015937.1,Myoviridae
NC_016567.1,Siphoviridae
NC_014036.1,Myoviridae
NC_013758.1,Pleolipoviridae
NC_027120.1,Siphoviridae
NC_048032.1,Autographiviridae
NC_048030.1,Autographiviridae
NC_027987.1,Siphoviridae
NC_015463.1,Siphoviridae
NC_015465.1,Siphoviridae
NC_020853.1,Siphoviridae
NC_020862.2,Schitoviridae
NC_020846.1,Siphoviridae
NC_020849.1,Schitoviridae
NC_020863.1,Myoviridae
NC_020852.1,Phycodnaviridae
NC_023841.1,Podoviridae
NC_020840.1,Siphoviridae
NC_020868.1,Schitoviridae
NC_020848.1,Schitoviridae
NC_020850.1,Myoviridae
NC_020864.1,Phycodnaviridae
NC_016766.1,Siphoviridae
NC_025455.1,Autographiviridae
NC_020860.1,Myoviridae
NC_020842.1,Siphoviridae
NC_014663.1,Myoviridae
NC_024474.1,Adenoviridae
NC_018088.1,Siphoviridae
NC_015270.1,Siphoviridae
NC_014457.1,Siphoviridae
NC_024684.1,Adenoviridae
NC_015293.1,Siphoviridae
NC_014564.2,Adenoviridae
NC_014635.1,Myoviridae
NC_014636.1,Myoviridae
NC_014765.1,Phycodnaviridae
NC_014767.1,Phycodnaviridae
NC_014766.1,Phycodnaviridae
NC_019454.1,Autographiviridae
NC_020854.1,Siphoviridae
NC_020857.1,Siphoviridae
NC_020847.1,Siphoviridae
NC_022266.1,Adenoviridae
NC_016164.1,Siphoviridae
NC_023736.1,Autographiviridae
NC_019926.1,Autographiviridae
NC_023688.1,Myoviridae
NC_049345.1,Schitoviridae
NC_019452.1,Ackermannviridae
NC_016924.1,Poxviridae
NC_014899.1,Adenoviridae
NC_019485.1,Schitoviridae
NC_015264.1,Autographiviridae
NC_024150.1,Adenoviridae
NC_023693.1,Myoviridae
NC_015269.1,Demerecviridae
NC_015157.1,Myoviridae
NC_015159.1,Autographiviridae
NC_015720.1,Siphoviridae
NC_015210.1,Siphoviridae
NC_019930.1,Myoviridae
NC_015208.1,Autographiviridae
NC_042112.1,Myoviridae
NC_020487.1,Adenoviridae
NC_015225.1,Adenoviridae
NC_028999.1,Myoviridae
NC_021347.1,Myoviridae
NC_042325.1,Siphoviridae
NC_028986.1,Myoviridae
NC_042034.1,Siphoviridae
NC_042032.1,Siphoviridae
NC_028942.1,Siphoviridae
NC_042033.1,Siphoviridae
NC_028801.1,Siphoviridae
NC_042035.1,Siphoviridae
NC_042031.1,Siphoviridae
NC_015721.1,Myoviridae
NC_019508.1,Siphoviridae
NC_018087.3,Myoviridae
NC_042332.1,Siphoviridae
NC_019510.1,Autographiviridae
NC_019514.1,Schitoviridae
NC_019504.1,Chaseviridae
NC_023711.1,Siphoviridae
NC_041993.1,Myoviridae
NC_015938.1,Podoviridae
NC_041960.1,Siphoviridae
NC_023696.1,Myoviridae
NC_023714.1,Myoviridae
NC_023691.1,Siphoviridae
NC_015960.1,Poxviridae
NC_023737.1,Myoviridae
NC_016073.1,Ackermannviridae
NC_023733.1,Myoviridae
NC_023725.1,Myoviridae
NC_023727.1,Siphoviridae
NC_028907.1,Siphoviridae
NC_023740.1,Siphoviridae
NC_023741.1,Siphoviridae
NC_019925.1,Ackermannviridae
NC_016764.1,Autographiviridae
NC_016166.1,Siphoviridae
NC_019530.1,Ackermannviridae
NC_016435.1,Siphoviridae
NC_016569.1,Siphoviridae
NC_016655.1,Siphoviridae
NC_016653.1,Siphoviridae
NC_016651.1,Siphoviridae
NC_016566.1,Siphoviridae
NC_017971.2,Podoviridae
NC_017825.1,Adenoviridae
NC_019525.1,Myoviridae
NC_019518.1,Myoviridae
NC_019523.1,Guelinviridae
NC_020080.1,Myoviridae
NC_017981.1,Myoviridae
NC_018278.1,Siphoviridae
NC_018283.1,Siphoviridae
NC_019528.1,Autographiviridae
NC_019402.1,Podoviridae
NC_019398.1,Myoviridae
NC_017864.1,Siphoviridae
NC_019924.1,Siphoviridae
NC_019724.1,Siphoviridae
NC_019529.1,Demerecviridae
NC_019521.1,Myoviridae
NC_025822.1,Autographiviridae
NC_016989.1,Sphaerolipoviridae
NC_017976.1,Siphoviridae
NC_018270.1,Podoviridae
NC_017972.1,Myoviridae
NC_019519.1,Myoviridae
NC_019540.1,Zobellviridae
NC_025467.1,Rountreeviridae
NC_023717.1,Myoviridae
NC_017974.1,Myoviridae
NC_017980.1,Guelinviridae
NC_018083.1,Guelinviridae
NC_018084.1,Guelinviridae
NC_020488.1,Podoviridae
NC_018271.1,Siphoviridae
NC_018272.1,Siphoviridae
NC_018086.1,Siphoviridae
NC_017975.1,Myoviridae
NC_024375.1,Siphoviridae
NC_021787.2,Siphoviridae
NC_021785.1,Siphoviridae
NC_021772.1,Schitoviridae
NC_021782.1,Schitoviridae
NC_024359.1,Herelleviridae
NC_047745.1,Herelleviridae
NC_021781.2,Herelleviridae
NC_041953.1,Siphoviridae
NC_028770.1,Siphoviridae
NC_028879.1,Siphoviridae
NC_018276.1,Siphoviridae
NC_018269.1,Siphoviridae
NC_019933.2,Siphoviridae
NC_020205.1,Podoviridae
NC_019507.1,Myoviridae
NC_017979.1,Adenoviridae
NC_042338.1,Siphoviridae
NC_021531.1,Myoviridae
NC_018280.1,Zobellviridae
NC_019543.1,Myoviridae
NC_019538.1,Myoviridae
NC_025441.1,Myoviridae
NC_025446.1,Ackermannviridae
NC_019910.1,Ackermannviridae
NC_042061.1,Ackermannviridae
NC_021062.1,Autographiviridae
NC_018837.1,Demerecviridae
NC_025465.1,Siphoviridae
NC_041907.1,Schitoviridae
NC_021868.1,Siphoviridae
NC_029000.1,Myoviridae
NC_019406.1,Siphoviridae
NC_019410.1,Siphoviridae
NC_019407.1,Siphoviridae
NC_019725.1,Drexlerviridae
NC_019542.1,Autographiviridae
NC_047868.1,Autographiviridae
NC_041908.1,Myoviridae
NC_027296.1,Myoviridae
NC_047869.1,Autographiviridae
NC_047870.1,Autographiviridae
NC_018831.1,Siphoviridae
NC_018861.1,Myoviridae
NC_020079.1,Myoviridae
NC_021776.1,Podoviridae
NC_019923.1,Podoviridae
NC_021316.1,Autographiviridae
NC_018835.1,Podoviridae
NC_019420.1,Podoviridae
NC_019419.2,Siphoviridae
NC_019413.1,Rudiviridae
NC_044939.1,Ascoviridae
NC_020083.1,Ackermannviridae
NC_024388.1,Siphoviridae
NC_024378.1,Siphoviridae
NC_024389.1,Siphoviridae
NC_020159.1,Myoviridae
NC_020082.1,Myoviridae
NC_021337.1,Autographiviridae
NC_020480.1,Siphoviridae
NC_041858.1,Siphoviridae
NC_021328.1,Myoviridae
NC_023005.1,Autographiviridae
NC_020998.1,Sphaerolipoviridae
NC_021563.1,Siphoviridae
NC_021540.1,Schitoviridae
NC_049350.1,Schitoviridae
NC_020484.1,Myoviridae
NC_020482.1,Autographiviridae
NC_008030.1,Poxviridae
NC_047741.1,Autographiviridae
NC_021249.1,Poxviridae
NC_021247.1,Poxviridae
NC_021246.1,Poxviridae
NC_028674.1,Siphoviridae
NC_028982.1,Herelleviridae
NC_028983.1,Herelleviridae
NC_021901.1,Iridoviridae
NC_023613.1,Iridoviridae
NC_021063.1,Siphoviridae
NC_021344.2,Myoviridae
NC_023007.1,Siphoviridae
NC_041934.1,Siphoviridae
NC_021300.1,Zobellviridae
NC_021342.2,Myoviridae
NC_023614.1,Siphoviridae
NC_021349.1,Myoviridae
NC_021310.1,Siphoviridae
NC_024354.1,Myoviridae
NC_028773.1,Myoviridae
NC_021346.1,Myoviridae
NC_021348.1,Myoviridae
NC_021556.1,Siphoviridae
NC_022986.1,Myoviridae
NC_021799.1,Siphoviridae
NC_021798.1,Podoviridae
NC_021800.1,Siphoviridae
NC_021791.1,Siphoviridae
NC_021796.1,Podoviridae
NC_021795.1,Siphoviridae
NC_021802.1,Siphoviridae
NC_021790.1,Siphoviridae
NC_021794.1,Podoviridae
NC_021792.1,Podoviridae
NC_021806.1,Podoviridae
NC_021804.1,Siphoviridae
NC_021788.1,Podoviridae
NC_021803.1,Podoviridae
NC_035460.1,Poxviridae
NC_021333.1,Lavidaviridae
NC_029044.1,Myoviridae
NC_022057.1,Siphoviridae
NC_022064.1,Siphoviridae
NC_022061.1,Siphoviridae
NC_022325.1,Siphoviridae
NC_041959.1,Siphoviridae
NC_022328.1,Siphoviridae
NC_022331.2,Siphoviridae
NC_027342.1,Autographiviridae
NC_025422.1,Myoviridae
NC_024358.1,Podoviridae
NC_022063.1,Siphoviridae
NC_022053.1,Siphoviridae
NC_025423.1,Herelleviridae
NC_023865.1,Chaseviridae
NC_022762.1,Siphoviridae
NC_022916.1,Autographiviridae
NC_023610.1,Myoviridae
NC_022917.1,Autographiviridae
NC_023570.1,Autographiviridae
NC_023581.1,Schitoviridae
NC_022761.1,Herelleviridae
NC_022766.1,Siphoviridae
NC_022764.1,Podoviridae
NC_022765.1,Siphoviridae
NC_022770.1,Podoviridae
NC_022774.1,Siphoviridae
NC_022767.1,Siphoviridae
NC_023549.1,Siphoviridae
NC_022772.1,Ackermannviridae
NC_022768.1,Ackermannviridae
NC_022612.1,Adenoviridae
NC_022613.1,Adenoviridae
NC_022990.1,Lavidaviridae
NC_023574.1,Siphoviridae
NC_023569.1,Siphoviridae
NC_023563.1,Siphoviridae
NC_022982.1,Autographiviridae
NC_022987.1,Autographiviridae
NC_042345.1,Siphoviridae
NC_042344.1,Siphoviridae
NC_037656.1,Poxviridae
NC_023557.1,Myoviridae
NC_023554.1,Siphoviridae
NC_047737.1,Autographiviridae
NC_023578.1,Siphoviridae
NC_023594.2,Chaseviridae
NC_024139.1,Demerecviridae
NC_023590.1,Siphoviridae
NC_023859.1,Siphoviridae
NC_023566.1,Siphoviridae
NC_028682.1,Siphoviridae
NC_024209.1,Siphoviridae
NC_028658.1,Siphoviridae
NC_023863.2,Podoviridae
NC_023604.1,Siphoviridae
NC_023612.1,Siphoviridae
NC_024212.1,Siphoviridae
NC_041861.1,Siphoviridae
NC_041862.1,Herelleviridae
NC_024383.1,Herelleviridae
NC_024392.1,Siphoviridae
NC_025436.1,Myoviridae
NC_025470.1,Myoviridae
NC_025458.1,Myoviridae
NC_025463.1,Siphoviridae
NC_025466.1,Siphoviridae
NC_023605.1,Podoviridae
NC_023603.1,Siphoviridae
NC_024145.1,Siphoviridae
NC_023600.1,Siphoviridae
NC_024138.1,Siphoviridae
NC_024697.1,Phycodnaviridae
NC_024140.1,Schitoviridae
NC_024215.1,Siphoviridae
NC_024203.1,Siphoviridae
NC_024208.1,Siphoviridae
NC_024214.1,Siphoviridae
NC_024367.1,Schitoviridae
NC_025452.1,Ackermannviridae
NC_047746.1,Autographiviridae
NC_025462.1,Myoviridae
NC_025457.1,Autographiviridae
NC_028988.1,Autographiviridae
NC_024363.1,Siphoviridae
NC_024149.1,Rountreeviridae
NC_024135.1,Siphoviridae
NC_024371.1,Siphoviridae
NC_024366.1,Siphoviridae
NC_041835.1,Herelleviridae
NC_041836.1,Herelleviridae
NC_041837.1,Herelleviridae
NC_041838.1,Herelleviridae
NC_041839.1,Herelleviridae
NC_041840.1,Herelleviridae
NC_041841.1,Herelleviridae
NC_041842.1,Herelleviridae
NC_027335.2,Herelleviridae
NC_027330.1,Autographiviridae
NC_024369.2,Myoviridae
NC_025420.1,Siphoviridae
NC_025415.1,Siphoviridae
NC_025459.1,Chaseviridae
NC_028979.1,Siphoviridae
NC_027395.1,Podoviridae
NC_015455.1,Adenoviridae
NC_016437.1,Adenoviridae
NC_024486.1,Adenoviridae
NC_028690.1,Siphoviridae
NC_024783.1,Siphoviridae
NC_025471.1,Siphoviridae
NC_025414.1,Myoviridae
NC_025429.1,Ackermannviridae
NC_027345.1,Schitoviridae
NC_025439.1,Siphoviridae
NC_027358.1,Siphoviridae
NC_029007.1,Autographiviridae
NC_026610.2,Siphoviridae
NC_027366.1,Herelleviridae
NC_027374.1,Herelleviridae
NC_027372.1,Podoviridae
NC_027394.1,Podoviridae
NC_027381.1,Schitoviridae
NC_027378.1,Siphoviridae
NC_027297.1,Demerecviridae
NC_031909.1,Myoviridae
NC_025428.1,Siphoviridae
NC_028269.1,Lavidaviridae
NC_028270.1,Lavidaviridae
NC_028257.1,Lavidaviridae
NC_027363.1,Autographiviridae
NC_027341.1,Siphoviridae
NC_027332.1,Myoviridae
NC_025678.1,Adenoviridae
NC_025412.1,Marseilleviridae
NC_027292.1,Autographiviridae
NC_027348.2,Schitoviridae
NC_027340.1,Ackermannviridae
NC_026606.1,Myoviridae
NC_027388.1,Schitoviridae
NC_027356.1,Demerecviridae
NC_047749.1,Demerecviridae
NC_026603.1,Siphoviridae
NC_028812.1,Siphoviridae
NC_028754.1,Demerecviridae
NC_025962.1,Adenoviridae
NC_028950.1,Myoviridae
NC_028104.1,Mimiviridae
NC_028112.1,Phycodnaviridae
NC_028110.1,Phycodnaviridae
NC_028108.1,Phycodnaviridae
NC_028799.1,Schitoviridae
NC_028895.1,Demerecviridae
NC_029075.1,Siphoviridae
NC_028926.1,Podoviridae
NC_047751.1,Autographiviridae
NC_018859.1,Podoviridae
NC_031280.1,Myoviridae
NC_029033.1,Siphoviridae
NC_028776.1,Siphoviridae
NC_028856.1,Siphoviridae
NC_028777.1,Siphoviridae
NC_028972.1,Siphoviridae
NC_029060.1,Siphoviridae
NC_029074.1,Siphoviridae
NC_030932.1,Siphoviridae
NC_027988.2,Zobellviridae
NC_028974.1,Siphoviridae
NC_028818.1,Siphoviridae
NC_029101.1,Schitoviridae
NC_028819.1,Siphoviridae
NC_029061.1,Podoviridae
NC_029047.1,Siphoviridae
NC_028865.1,Siphoviridae
NC_028966.1,Siphoviridae
NC_041962.1,Siphoviridae
NC_031104.1,Schitoviridae
NC_028885.1,Schitoviridae
NC_027708.1,Adenoviridae
NC_029019.1,Siphoviridae
NC_028668.1,Siphoviridae
NC_030906.1,Myoviridae
NC_028673.1,Siphoviridae
NC_028934.1,Siphoviridae
NC_028742.1,Siphoviridae
NC_028846.1,Siphoviridae
NC_028848.1,Autographiviridae
NC_028702.1,Autographiviridae
NC_028924.1,Siphoviridae
NC_031042.1,Demerecviridae
NC_048785.1,Demerecviridae
NC_030907.1,Siphoviridae
NC_030935.1,Siphoviridae
NC_028665.1,Siphoviridae
NC_028653.1,Siphoviridae
NC_029042.1,Ackermannviridae
NC_029094.1,Myoviridae
NC_047754.1,Demerecviridae
NC_029097.1,Siphoviridae
NC_041963.1,Siphoviridae
NC_028954.1,Siphoviridae
NC_042049.1,Siphoviridae
NC_028091.1,Phycodnaviridae
NC_028093.1,Phycodnaviridae
NC_028092.1,Phycodnaviridae
NC_029106.1,Siphoviridae
NC_029100.1,Siphoviridae
NC_028691.1,Siphoviridae
NC_029013.1,Myoviridae
NC_029078.1,Siphoviridae
NC_042050.1,Siphoviridae
NC_028782.1,Podoviridae
NC_047756.1,Siphoviridae
NC_047757.1,Siphoviridae
NC_028750.1,Myoviridae
NC_041981.1,Myoviridae
NC_029017.1,Schitoviridae
NC_041980.1,Myoviridae
NC_028672.1,Myoviridae
NC_047758.1,Autographiviridae
NC_028899.1,Myoviridae
NC_027778.1,Iridoviridae
NC_028968.1,Siphoviridae
NC_028692.1,Siphoviridae
NC_029118.1,Siphoviridae
NC_031086.1,Autographiviridae
NC_028869.1,Myoviridae
NC_041930.1,Myoviridae
NC_028684.1,Autographiviridae
NC_028679.1,Autographiviridae
NC_029092.1,Autographiviridae
NC_028755.1,Myoviridae
NC_028677.1,Siphoviridae
NC_038333.1,Adenoviridae
NC_044960.1,Adenoviridae
NC_028105.1,Adenoviridae
NC_028826.1,Siphoviridae
NC_028831.1,Siphoviridae
NC_031465.1,Marseilleviridae
NC_028840.1,Demerecviridae
NC_029314.1,Rudiviridae
NC_028789.1,Salasmaviridae
NC_028987.2,Autographiviridae
NC_030848.1,Sphaerolipoviridae
NC_041872.1,Podoviridae
NC_047866.1,Autographiviridae
NC_029016.1,Siphoviridae
NC_028693.2,Rountreeviridae
NC_028990.1,Siphoviridae
NC_049931.1,Rountreeviridae
NC_041964.1,Podoviridae
NC_029005.2,Siphoviridae
NC_028484.1,Rhabdoviridae
NC_041949.1,Siphoviridae
NC_041938.1,Siphoviridae
NC_041951.1,Siphoviridae
NC_041948.1,Siphoviridae
NC_041939.1,Siphoviridae
NC_041940.1,Siphoviridae
NC_041952.1,Siphoviridae
NC_041941.1,Siphoviridae
NC_041875.1,Podoviridae
NC_041942.1,Siphoviridae
NC_041943.1,Siphoviridae
NC_041947.1,Siphoviridae
NC_041932.1,Myoviridae
NC_041944.1,Siphoviridae
NC_041945.1,Siphoviridae
NC_041933.1,Myoviridae
NC_041961.1,Siphoviridae
NC_041946.1,Siphoviridae
NC_041876.1,Siphoviridae
NC_041931.1,Myoviridae
NC_042053.1,Myoviridae
NC_041877.1,Siphoviridae
NC_030923.1,Autographiviridae
NC_030928.1,Autographiviridae
NC_030937.1,Autographiviridae
NC_031274.1,Zobellviridae
NC_010191.2,Phycodnaviridae
NC_030948.1,Ackermannviridae
NC_029899.1,Adenoviridae
NC_029902.1,Adenoviridae
NC_030860.1,Adenoviridae
NC_030874.1,Adenoviridae
NC_029898.1,Adenoviridae
NC_031245.1,Myoviridae
NC_041879.1,Siphoviridae
NC_031252.1,Myoviridae
NC_031231.1,Siphoviridae
NC_031254.1,Siphoviridae
NC_031224.2,Siphoviridae
NC_029692.1,Marseilleviridae
NC_031933.1,Demerecviridae
NC_031902.1,Demerecviridae
NC_031931.1,Podoviridae
NC_031912.1,Podoviridae
NC_031904.1,Podoviridae
NC_031039.1,Myoviridae
NC_041880.1,Myoviridae
NC_041881.1,Myoviridae
NC_049371.1,Schitoviridae
NC_049372.1,Schitoviridae
NC_041972.1,Myoviridae
NC_041973.1,Myoviridae
NC_041974.1,Myoviridae
NC_041975.1,Myoviridae
NC_031247.1,Siphoviridae
NC_031234.1,Siphoviridae
NC_031229.1,Siphoviridae
NC_041950.1,Siphoviridae
NC_031112.1,Siphoviridae
NC_031239.1,Siphoviridae
NC_031230.1,Siphoviridae
NC_031063.1,Schitoviridae
NC_041884.1,Myoviridae
NC_030936.1,Siphoviridae
NC_030901.1,Siphoviridae
NC_030941.1,Siphoviridae
NC_030944.1,Siphoviridae
NC_030914.1,Siphoviridae
NC_030924.1,Siphoviridae
NC_030915.1,Siphoviridae
NC_030696.1,Siphoviridae
NC_030927.1,Siphoviridae
NC_030911.1,Siphoviridae
NC_030905.1,Siphoviridae
NC_031058.1,Siphoviridae
NC_041885.1,Autographiviridae
NC_042047.1,Ackermannviridae
NC_031022.1,Demerecviridae
NC_031045.1,Ackermannviridae
NC_031128.1,Ackermannviridae
NC_031057.1,Myoviridae
NC_047768.1,Autographiviridae
NC_030656.1,Poxviridae
NC_031102.1,Siphoviridae
NC_031014.1,Autographiviridae
NC_048646.1,Myoviridae
NC_031096.1,Autographiviridae
NC_047873.1,Autographiviridae
NC_031917.1,Siphoviridae
NC_031908.1,Podoviridae
NC_042138.1,Myoviridae
NC_047770.1,Myoviridae
NC_048124.1,Schitoviridae
NC_048125.1,Schitoviridae
NC_048123.1,Autographiviridae
NC_049431.1,Schitoviridae
NC_049430.1,Schitoviridae
NC_031927.1,Myoviridae
NC_031007.1,Myoviridae
NC_031010.1,Myoviridae
NC_031043.1,Myoviridae
NC_048645.1,Myoviridae
NC_030842.1,Iridoviridae
NC_031074.1,Siphoviridae
NC_031109.1,Siphoviridae
NC_031001.1,Siphoviridae
NC_031080.1,Myoviridae
NC_031035.1,Siphoviridae
NC_041887.1,Siphoviridae
NC_047776.2,Myoviridae
NC_041889.1,Siphoviridae
NC_047778.1,Autographiviridae
NC_033423.1,Iridoviridae
NC_041896.1,Myoviridae
NC_031503.1,Adenoviridae
NC_041899.1,Demerecviridae
NC_041901.1,Myoviridae
NC_049379.1,Schitoviridae
NC_048650.1,Myoviridae
NC_049380.1,Schitoviridae
NC_041905.1,Autographiviridae
NC_047791.1,Chaseviridae
NC_032001.1,Phycodnaviridae
NC_047859.1,Demerecviridae
NC_041911.1,Myoviridae
NC_032105.1,Adenoviridae
NC_041912.1,Autographiviridae
NC_041913.1,Siphoviridae
NC_047802.1,Autographiviridae
NC_041914.1,Autographiviridae
NC_041915.1,Autographiviridae
NC_047803.1,Autographiviridae
NC_015230.1,Lavidaviridae
NC_041916.1,Myoviridae
NC_049382.1,Ackermannviridae
NC_048653.1,Schitoviridae
NC_048654.1,Schitoviridae
NC_047815.1,Myoviridae
NC_047819.1,Autographiviridae
NC_041917.1,Myoviridae
NC_048659.1,Schitoviridae
NC_041921.1,Siphoviridae
NC_047821.1,Autographiviridae
NC_049807.1,Siphoviridae
NC_042137.1,Siphoviridae
NC_047824.1,Chaseviridae
NC_048660.1,Ackermannviridae
NC_041927.1,Siphoviridae
NC_010811.2,Myoviridae
NC_049960.1,Salasmaviridae
NC_023701.1,Siphoviridae
NC_049961.1,Salasmaviridae
NC_041967.1,Autographiviridae
NC_048661.1,Guelinviridae
NC_047880.1,Myoviridae
NC_047981.1,Autographiviridae
NC_042131.1,Autographiviridae
NC_042074.1,Demerecviridae
NC_047882.1,Demerecviridae
NC_034626.1,Adenoviridae
NC_035072.1,Adenoviridae
NC_015296.1,Ackermannviridae
NC_047831.1,Autographiviridae
NC_041994.1,Myoviridae
NC_047832.1,Autographiviridae
NC_035132.1,Rhabdoviridae
NC_041997.1,Myoviridae
NC_031948.1,Adenoviridae
NC_041999.1,Myoviridae
NC_048669.1,Siphoviridae
NC_042000.1,Myoviridae
NC_042001.1,Siphoviridae
NC_042002.1,Siphoviridae
NC_047834.1,Autographiviridae
NC_042003.1,Autographiviridae
NC_042004.1,Autographiviridae
NC_042006.1,Autographiviridae
NC_042007.1,Autographiviridae
NC_049937.1,Rountreeviridae
NC_047835.1,Demerecviridae
NC_047836.1,Autographiviridae
NC_047839.1,Myoviridae
NC_047840.1,Autographiviridae
NC_048668.1,Myoviridae
NC_047845.1,Autographiviridae
NC_047846.1,Autographiviridae
NC_042014.1,Myoviridae
NC_042015.1,Myoviridae
NC_042016.1,Siphoviridae
NC_047884.1,Demerecviridae
NC_047885.1,Demerecviridae
NC_047860.1,Autographiviridae
NC_035468.1,Poxviridae
NC_035469.1,Poxviridae
NC_049396.1,Ackermannviridae
NC_047999.1,Demerecviridae
NC_042018.1,Myoviridae
NC_042020.1,Podoviridae
NC_042040.1,Siphoviridae
NC_042021.1,Siphoviridae
NC_042022.1,Siphoviridae
NC_042023.1,Siphoviridae
NC_040612.1,Iridoviridae
NC_048000.1,Demerecviridae
NC_048677.1,Herelleviridae
NC_047982.1,Autographiviridae
NC_048678.1,Myoviridae
NC_048679.1,Myoviridae
NC_048035.1,Autographiviridae
NC_048036.1,Autographiviridae
NC_047887.1,Demerecviridae
NC_047888.1,Autographiviridae
NC_042045.1,Siphoviridae
NC_042350.1,Siphoviridae
NC_042352.1,Siphoviridae
NC_042082.1,Siphoviridae
NC_042083.1,Tectiviridae
NC_047892.1,Siphoviridae
NC_042085.1,Siphoviridae
NC_042086.1,Siphoviridae
NC_042087.1,Siphoviridae
NC_042088.1,Siphoviridae
NC_042089.1,Siphoviridae
NC_042090.1,Demerecviridae
NC_042092.1,Myoviridae
NC_047894.1,Autographiviridae
NC_042354.1,Siphoviridae
NC_042355.1,Siphoviridae
NC_042093.1,Demerecviridae
NC_049427.1,Ackermannviridae
NC_048684.1,Podoviridae
NC_048685.1,Podoviridae
NC_048686.1,Podoviridae
NC_047900.1,Ackermannviridae
NC_047901.1,Ackermannviridae
NC_049428.1,Ackermannviridae
NC_036582.1,Poxviridae
NC_048134.1,Herelleviridae
NC_048687.1,Siphoviridae
NC_047902.1,Siphoviridae
NC_047903.1,Autographiviridae
NC_047930.1,Autographiviridae
NC_042099.1,Siphoviridae
NC_042100.1,Myoviridae
NC_042101.1,Siphoviridae
NC_047917.1,Autographiviridae
NC_049433.1,Ackermannviridae
NC_048698.1,Siphoviridae
NC_037057.1,Phycodnaviridae
NC_047932.1,Ackermannviridae
NC_047921.1,Siphoviridae
NC_048207.1,Siphoviridae
NC_042102.1,Siphoviridae
NC_048697.1,Schitoviridae
NC_042104.1,Autographiviridae
NC_048695.1,Siphoviridae
NC_042105.1,Siphoviridae
NC_047931.1,Siphoviridae
NC_042108.1,Siphoviridae
NC_042109.1,Siphoviridae
NC_042110.1,Siphoviridae
NC_042111.1,Siphoviridae
NC_047941.1,Autographiviridae
NC_043128.1,Phycodnaviridae
NC_048702.1,Ackermannviridae
NC_042119.1,Siphoviridae
NC_042117.1,Siphoviridae
NC_042118.1,Siphoviridae
NC_042120.1,Siphoviridae
NC_048703.1,Schitoviridae
NC_042124.1,Autographiviridae
NC_049384.1,Ackermannviridae
NC_047949.1,Demerecviridae
NC_047950.1,Demerecviridae
NC_047961.1,Autographiviridae
NC_047964.1,Autographiviridae
NC_047963.1,Autographiviridae
NC_048704.1,Schitoviridae
NC_047962.1,Myoviridae
NC_047965.1,Autographiviridae
NC_047966.1,Autographiviridae
NC_047956.1,Autographiviridae
NC_047957.1,Autographiviridae
NC_047955.1,Autographiviridae
NC_047954.1,Autographiviridae
NC_022343.1,Ackermannviridae
NC_039032.1,Adenoviridae
NC_034834.1,Adenoviridae
NC_048707.1,Guelinviridae
NC_042127.1,Siphoviridae
NC_047977.1,Siphoviridae
NC_048147.1,Myoviridae
NC_047979.1,Demerecviridae
NC_047978.1,Chaseviridae
NC_042132.1,Siphoviridae
NC_047973.1,Siphoviridae
NC_047975.1,Siphoviridae
NC_049929.1,Siphoviridae
NC_048706.1,Podoviridae
NC_048627.1,Demerecviridae
NC_047995.1,Myoviridae
NC_047990.1,Siphoviridae
NC_047991.1,Siphoviridae
NC_047986.1,Siphoviridae
NC_047992.1,Siphoviridae
NC_048708.1,Siphoviridae
NC_047997.1,Autographiviridae
NC_049435.1,Schitoviridae
NC_049436.1,Schitoviridae
NC_048005.1,Demerecviridae
NC_048006.1,Demerecviridae
NC_048007.1,Demerecviridae
NC_049437.1,Ackermannviridae
NC_048013.1,Demerecviridae
NC_048008.1,Demerecviridae
NC_048009.1,Demerecviridae
NC_048010.1,Demerecviridae
NC_048011.1,Demerecviridae
NC_048012.1,Demerecviridae
NC_048067.1,Podoviridae
NC_040811.1,Adenoviridae
NC_048017.1,Siphoviridae
NC_048719.1,Siphoviridae
NC_048720.1,Siphoviridae
NC_048027.1,Siphoviridae
NC_048028.1,Siphoviridae
NC_048709.1,Ackermannviridae
NC_048104.1,Siphoviridae
NC_048016.1,Myoviridae
NC_048003.1,Schitoviridae
NC_048029.1,Autographiviridae
NC_048725.1,Siphoviridae
NC_048022.1,Siphoviridae
NC_048054.1,Myoviridae
NC_048053.1,Myoviridae
NC_048052.1,Autographiviridae
NC_048045.1,Siphoviridae
NC_048047.1,Siphoviridae
NC_048046.1,Siphoviridae
NC_048021.1,Siphoviridae
NC_048672.1,Zobellviridae
NC_048671.1,Zobellviridae
NC_048038.1,Siphoviridae
NC_048068.1,Siphoviridae
NC_049440.1,Ackermannviridae
NC_049439.1,Ackermannviridae
NC_048041.1,Demerecviridae
NC_048728.1,Siphoviridae
NC_049977.1,Podoviridae
NC_048037.1,Lipothrixviridae
NC_048080.1,Myoviridae
NC_048074.1,Myoviridae
NC_048075.1,Myoviridae
NC_048076.1,Autographiviridae
NC_048073.1,Myoviridae
NC_048086.1,Demerecviridae
NC_048081.1,Autographiviridae
NC_049442.1,Myoviridae
NC_048733.1,Podoviridae
NC_048062.1,Demerecviridae
NC_048712.1,Guelinviridae
NC_048057.1,Autographiviridae
NC_048059.1,Autographiviridae
NC_048060.1,Autographiviridae
NC_048056.1,Autographiviridae
NC_048058.1,Autographiviridae
NC_048061.1,Autographiviridae
NC_048077.1,Myoviridae
NC_048735.1,Myoviridae
NC_049444.1,Schitoviridae
NC_049443.1,Ackermannviridae
NC_048203.1,Demerecviridae
NC_048205.1,Demerecviridae
NC_048736.1,Ackermannviridae
NC_048098.1,Siphoviridae
NC_048099.1,Siphoviridae
NC_048100.1,Siphoviridae
NC_048090.1,Siphoviridae
NC_048738.1,Guelinviridae
NC_048133.1,Autographiviridae
NC_048089.1,Demerecviridae
NC_048110.1,Demerecviridae
NC_048101.1,Siphoviridae
NC_048739.1,Podoviridae
NC_048740.1,Podoviridae
NC_048151.1,Demerecviridae
NC_049805.1,Siphoviridae
NC_048115.1,Siphoviridae
NC_048111.1,Autographiviridae
NC_048116.1,Autographiviridae
NC_048118.1,Autographiviridae
NC_048119.1,Autographiviridae
NC_048120.1,Autographiviridae
NC_048128.1,Lipothrixviridae
NC_048127.1,Lipothrixviridae
NC_026608.1,Siphoviridae
NC_049973.1,Salasmaviridae
NC_048743.1,Siphoviridae
NC_048139.1,Siphoviridae
NC_048137.1,Drexlerviridae
NC_048144.1,Siphoviridae
NC_049930.1,Rountreeviridae
NC_048746.1,Siphoviridae
NC_047865.1,Autographiviridae
NC_048157.1,Pleolipoviridae
NC_048158.1,Pleolipoviridae
NC_048156.1,Pleolipoviridae
NC_048749.1,Siphoviridae
NC_048149.1,Demerecviridae
NC_048145.1,Demerecviridae
NC_048751.1,Myoviridae
NC_048148.1,Autographiviridae
NC_048747.1,Myoviridae
NC_048748.1,Demerecviridae
NC_048194.1,Myoviridae
NC_048195.1,Myoviridae
NC_048186.1,Ackermannviridae
NC_048196.1,Myoviridae
NC_048193.1,Podoviridae
NC_048152.1,Siphoviridae
NC_048754.1,Herelleviridae
NC_048752.1,Herelleviridae
NC_048753.1,Herelleviridae
NC_048173.1,Myoviridae
NC_049850.1,Myoviridae
NC_049851.1,Myoviridae
NC_049455.1,Ackermannviridae
NC_048166.1,Siphoviridae
NC_049934.1,Rountreeviridae
NC_049939.1,Rountreeviridae
NC_049940.1,Rountreeviridae
NC_049932.1,Rountreeviridae
NC_049933.1,Rountreeviridae
NC_049936.1,Rountreeviridae
NC_049938.1,Rountreeviridae
NC_049935.1,Rountreeviridae
NC_048755.1,Myoviridae
NC_048759.1,Myoviridae
NC_048757.1,Siphoviridae
NC_042348.1,Siphoviridae
NC_042349.1,Siphoviridae
NC_042353.1,Siphoviridae
NC_048182.1,Myoviridae
NC_048761.1,Podoviridae
NC_048760.1,Demerecviridae
NC_048189.1,Myoviridae
NC_048190.1,Myoviridae
NC_048191.1,Myoviridae
NC_048187.1,Myoviridae
NC_048188.1,Myoviridae
NC_042094.1,Demerecviridae
NC_042095.1,Demerecviridae
NC_048777.1,Podoviridae
NC_048792.1,Myoviridae
NC_048766.1,Myoviridae
NC_048767.1,Myoviridae
NC_048769.1,Myoviridae
NC_048768.1,Siphoviridae
NC_048770.1,Myoviridae
NC_048773.1,Podoviridae
NC_048771.1,Myoviridae
NC_048795.1,Demerecviridae
NC_049462.1,Ackermannviridae
NC_048796.1,Myoviridae
NC_048778.1,Podoviridae
NC_049928.1,Siphoviridae
NC_049927.1,Siphoviridae
NC_048801.1,Podoviridae
NC_048775.1,Podoviridae
NC_048776.1,Podoviridae
NC_048783.1,Siphoviridae
NC_048781.1,Demerecviridae
NC_049970.1,Salasmaviridae
NC_049849.1,Myoviridae
NC_048794.1,Demerecviridae
NC_048786.1,Demerecviridae
NC_049512.1,Ackermannviridae
NC_049458.1,Ackermannviridae
NC_048779.1,Myoviridae
NC_049465.1,Myoviridae
NC_049463.1,Schitoviridae
NC_048808.1,Demerecviridae
NC_049467.1,Schitoviridae
NC_049471.1,Myoviridae
NC_048812.1,Siphoviridae
NC_048814.1,Siphoviridae
NC_048813.1,Siphoviridae
NC_048815.1,Siphoviridae
NC_048811.1,Demerecviridae
NC_048802.1,Myoviridae
NC_048809.1,Demerecviridae
NC_049468.1,Myoviridae
NC_048818.1,Demerecviridae
NC_048803.1,Chaseviridae
NC_048804.1,Myoviridae
NC_049473.1,Siphoviridae
NC_048819.1,Demerecviridae
NC_048820.1,Siphoviridae
NC_049808.1,Siphoviridae
NC_049472.1,Ackermannviridae
NC_048826.1,Siphoviridae
NC_048824.1,Siphoviridae
NC_049971.1,Salasmaviridae
NC_049972.1,Salasmaviridae
NC_049857.1,Siphoviridae
NC_048821.1,Myoviridae
NC_042005.1,Autographiviridae
NC_017969.1,Demerecviridae
NC_049950.1,Siphoviridae
NC_049391.1,Myoviridae
NC_049386.1,Myoviridae
NC_049385.1,Myoviridae
NC_049390.1,Myoviridae
NC_049387.1,Myoviridae
NC_049388.1,Myoviridae
NC_049389.1,Myoviridae
NC_049489.1,Myoviridae
NC_048829.1,Myoviridae
NC_048830.1,Myoviridae
NC_048831.1,Siphoviridae
NC_048833.1,Siphoviridae
NC_048837.1,Siphoviridae
NC_048838.1,Siphoviridae
NC_048842.1,Siphoviridae
NC_048843.1,Siphoviridae
NC_048844.1,Siphoviridae
NC_048845.1,Chaseviridae
NC_048664.1,Podoviridae
NC_048847.1,Myoviridae
NC_048854.1,Podoviridae
NC_048851.1,Siphoviridae
NC_049509.1,Ackermannviridae
NC_048861.1,Podoviridae
NC_048853.1,Demerecviridae
NC_048855.1,Demerecviridae
NC_048856.1,Demerecviridae
NC_048857.1,Demerecviridae
NC_048852.1,Demerecviridae
NC_048859.1,Podoviridae
NC_048858.1,Podoviridae
NC_049498.1,Myoviridae
NC_048860.1,Podoviridae
NC_049503.1,Ackermannviridae
NC_049501.1,Ackermannviridae
NC_048862.1,Podoviridae
NC_048872.1,Demerecviridae
NC_049505.1,Ackermannviridae
NC_048870.1,Demerecviridae
NC_049502.1,Ackermannviridae
NC_048866.1,Demerecviridae
NC_049504.1,Ackermannviridae
NC_048867.1,Demerecviridae
NC_048869.1,Demerecviridae
NC_049500.1,Ackermannviridae
NC_049508.1,Ackermannviridae
NC_049506.1,Ackermannviridae
NC_048865.1,Demerecviridae
NC_048871.1,Demerecviridae
NC_049507.1,Ackermannviridae
NC_049499.1,Ackermannviridae
NC_048868.1,Demerecviridae
NC_048874.1,Microviridae
NC_048875.1,Chaseviridae
NC_048877.1,Podoviridae
NC_048878.1,Siphoviridae
NC_047706.1,Autographiviridae
NC_047710.1,Autographiviridae
NC_047707.1,Autographiviridae
NC_047700.1,Autographiviridae
NC_047708.1,Autographiviridae
NC_047704.1,Autographiviridae
NC_047701.1,Autographiviridae
NC_047705.1,Autographiviridae
NC_047703.1,Autographiviridae
NC_047711.1,Autographiviridae
NC_028803.1,Siphoviridae
NC_034974.1,Astroviridae
NC_031137.1,Nairoviridae
NC_031143.1,Nairoviridae
NC_031219.1,Nairoviridae
NC_031223.1,Peribunyaviridae
NC_031286.1,Nairoviridae
NC_031289.1,Nairoviridae
NC_031290.1,Phenuiviridae
NC_031296.1,Phasmaviridae
NC_031297.1,Phenuiviridae
NC_030751.1,Phasmaviridae
NC_031310.1,Phasmaviridae
NC_031311.1,Phasmaviridae
NC_031315.1,Phenuiviridae
NC_031322.1,Phenuiviridae
NC_028681.1,Siphoviridae
NC_031319.1,Phenuiviridae
NC_002200.1,Paramyxoviridae
NC_052230.1,Rhabdoviridae
NC_052231.1,Rhabdoviridae
NC_023747.1,Siphoviridae
NC_028978.1,Siphoviridae
NC_028861.1,Siphoviridae
NC_028922.1,Siphoviridae
NC_028791.1,Siphoviridae
NC_052652.1,Myoviridae
NC_052654.1,Myoviridae
NC_052653.1,Myoviridae
NC_052655.1,Myoviridae
NC_052656.1,Myoviridae
NC_052657.1,Myoviridae
NC_052658.1,Myoviridae
NC_052659.1,Myoviridae
NC_052660.1,Myoviridae
NC_052661.1,Myoviridae
NC_052662.1,Myoviridae
NC_052663.1,Myoviridae
NC_052925.1,Orthomyxoviridae
NC_052926.1,Orthomyxoviridae
NC_052927.1,Orthomyxoviridae
NC_052928.1,Orthomyxoviridae
NC_052929.1,Orthomyxoviridae
NC_052930.1,Orthomyxoviridae
NC_052931.1,Orthomyxoviridae
NC_052940.1,Siphoviridae
NC_052932.1,Siphoviridae
NC_052939.1,Siphoviridae
NC_052937.1,Siphoviridae
NC_052941.1,Siphoviridae
NC_052935.1,Siphoviridae
NC_052933.1,Siphoviridae
NC_052936.1,Siphoviridae
NC_052938.1,Siphoviridae
NC_052934.1,Siphoviridae
NC_052680.1,Orthomyxoviridae
NC_052681.1,Orthomyxoviridae
NC_052682.1,Orthomyxoviridae
NC_052683.1,Orthomyxoviridae
NC_052684.1,Orthomyxoviridae
NC_052685.1,Orthomyxoviridae
NC_052686.1,Orthomyxoviridae
NC_052964.1,Siphoviridae
NC_052968.1,Siphoviridae
NC_052976.1,Siphoviridae
NC_052975.1,Siphoviridae
NC_052981.1,Siphoviridae
NC_052971.1,Siphoviridae
NC_052969.1,Siphoviridae
NC_052970.1,Siphoviridae
NC_053012.1,Siphoviridae
NC_053011.1,Siphoviridae
NC_052977.1,Siphoviridae
NC_052983.1,Siphoviridae
NC_052973.1,Siphoviridae
NC_053015.1,Siphoviridae
NC_052989.1,Siphoviridae
NC_052979.1,Siphoviridae
NC_044942.1,Asfarviridae
NC_053245.1,Siphoviridae
NC_053211.1,Siphoviridae
NC_053249.1,Siphoviridae
NC_053248.1,Siphoviridae
NC_053243.1,Siphoviridae
NC_053242.1,Siphoviridae
NC_053244.1,Siphoviridae
NC_053247.1,Siphoviridae
NC_053235.1,Siphoviridae
NC_053236.1,Siphoviridae
NC_053210.1,Siphoviridae
NC_053246.1,Siphoviridae
NC_053503.1,Siphoviridae
NC_053512.1,Siphoviridae
NC_003977.2,Hepadnaviridae
NC_031253.1,Siphoviridae
NC_031028.1,Siphoviridae
NC_054146.1,Myoviridae
NC_054393.1,Siphoviridae
NC_054392.1,Siphoviridae
NC_054421.1,Siphoviridae
NC_054427.1,Siphoviridae
NC_054426.1,Siphoviridae
NC_054422.1,Siphoviridae
NC_054429.1,Siphoviridae
NC_054428.1,Siphoviridae
NC_054431.1,Siphoviridae
NC_054418.1,Siphoviridae
NC_054420.1,Siphoviridae
NC_054424.1,Siphoviridae
NC_054430.1,Siphoviridae
NC_054419.1,Siphoviridae
NC_054425.1,Siphoviridae
NC_054423.1,Siphoviridae
NC_054434.1,Siphoviridae
NC_054436.1,Siphoviridae
NC_054435.1,Siphoviridae
NC_054438.1,Siphoviridae
NC_054437.1,Siphoviridae
NC_038882.1,Flaviviridae
NC_054440.1,Siphoviridae
NC_054443.1,Siphoviridae
NC_054442.1,Siphoviridae
NC_054447.1,Siphoviridae
NC_054441.1,Siphoviridae
NC_054444.1,Siphoviridae
NC_054445.1,Siphoviridae
NC_054446.1,Siphoviridae
NC_054461.1,Myoviridae
NC_054465.1,Myoviridae
NC_054466.1,Myoviridae
NC_054463.1,Myoviridae
NC_054715.1,Myoviridae
NC_054716.1,Myoviridae
NC_054717.1,Myoviridae
NC_054722.1,Myoviridae
NC_054720.1,Myoviridae
NC_054719.1,Myoviridae
NC_054718.1,Myoviridae
NC_054721.1,Myoviridae
NC_054724.1,Myoviridae
NC_054723.1,Myoviridae
NC_054725.1,Myoviridae
NC_054762.1,Siphoviridae
NC_055459.1,Paramyxoviridae
NC_047853.1,Herelleviridae
NC_055210.1,Peribunyaviridae
NC_055211.1,Peribunyaviridae
NC_055212.1,Peribunyaviridae
NC_055196.1,Peribunyaviridae
NC_055197.1,Peribunyaviridae
NC_055198.1,Peribunyaviridae
NC_055117.1,Peribunyaviridae
NC_055118.1,Peribunyaviridae
NC_055119.1,Peribunyaviridae
NC_055193.1,Peribunyaviridae
NC_055195.1,Peribunyaviridae
NC_055205.1,Peribunyaviridae
NC_055206.1,Peribunyaviridae
NC_055207.1,Peribunyaviridae
NC_055135.1,Herpesviridae
NC_055141.1,Herpesviridae
NC_055184.1,Peribunyaviridae
NC_055185.1,Peribunyaviridae
NC_055234.1,Herpesviridae
NC_055387.1,Phenuiviridae
NC_055388.1,Phenuiviridae
NC_055389.1,Phenuiviridae
NC_055219.1,Chrysoviridae
NC_055220.1,Chrysoviridae
NC_055221.1,Chrysoviridae
NC_055222.1,Chrysoviridae
NC_055223.1,Chrysoviridae
NC_055411.1,Tospoviridae
NC_055412.1,Tospoviridae
NC_055413.1,Tospoviridae
NC_055528.1,Adenoviridae
NC_055414.1,Phenuiviridae
NC_055415.1,Phenuiviridae
NC_055416.1,Phenuiviridae
NC_055420.1,Phenuiviridae
NC_055421.1,Phenuiviridae
NC_055422.1,Phenuiviridae
NC_055233.1,Herpesviridae
NC_055124.1,Geminiviridae
NC_055336.1,Phenuiviridae
NC_055337.1,Phenuiviridae
NC_055338.1,Phenuiviridae
NC_055333.1,Phenuiviridae
NC_055334.1,Phenuiviridae
NC_055335.1,Phenuiviridae
NC_055601.1,Potyviridae
NC_055330.1,Phenuiviridae
NC_055331.1,Phenuiviridae
NC_055332.1,Phenuiviridae
NC_055327.1,Phenuiviridae
NC_055328.1,Phenuiviridae
NC_055329.1,Phenuiviridae
NC_055318.1,Phenuiviridae
NC_055319.1,Phenuiviridae
NC_055320.1,Phenuiviridae
NC_055315.1,Phenuiviridae
NC_055316.1,Phenuiviridae
NC_055317.1,Phenuiviridae
NC_055312.1,Phenuiviridae
NC_055313.1,Phenuiviridae
NC_055314.1,Phenuiviridae
NC_055306.1,Phenuiviridae
NC_055307.1,Phenuiviridae
NC_055308.1,Phenuiviridae
NC_055303.1,Phenuiviridae
NC_055304.1,Phenuiviridae
NC_055305.1,Phenuiviridae
NC_055529.1,Rhabdoviridae
NC_055530.1,Rhabdoviridae
NC_055051.1,Inoviridae
NC_055130.1,Geminiviridae
NC_055294.1,Phenuiviridae
NC_055295.1,Phenuiviridae
NC_055296.1,Phenuiviridae
NC_055531.1,Rhabdoviridae
NC_055532.1,Rhabdoviridae
NC_016154.1,Herpesviridae
NC_055178.1,Tospoviridae
NC_055179.1,Tospoviridae
NC_055180.1,Tospoviridae
NC_055339.1,Phenuiviridae
NC_055340.1,Phenuiviridae
NC_055341.1,Phenuiviridae
NC_055342.1,Phenuiviridae
NC_055343.1,Phenuiviridae
NC_055344.1,Phenuiviridae
NC_055345.1,Phenuiviridae
NC_055346.1,Phenuiviridae
NC_055347.1,Phenuiviridae
NC_055348.1,Phenuiviridae
NC_055349.1,Phenuiviridae
NC_055350.1,Phenuiviridae
NC_055351.1,Phenuiviridae
NC_055352.1,Phenuiviridae
NC_055353.1,Phenuiviridae
NC_055125.1,Marnaviridae
NC_055357.1,Phenuiviridae
NC_055358.1,Phenuiviridae
NC_055359.1,Phenuiviridae
NC_055453.1,Baculoviridae
NC_055454.1,Rhabdoviridae
NC_020803.1,Rhabdoviridae
NC_055147.1,Hantaviridae
NC_055456.1,Rhabdoviridae
NC_055457.1,Rhabdoviridae
NC_055542.1,Alphaflexiviridae
NC_023421.1,Circoviridae
NC_055458.1,Parvoviridae
NC_055166.1,Herpesviridae
NC_055363.1,Phenuiviridae
NC_055364.1,Phenuiviridae
NC_055365.1,Phenuiviridae
NC_055054.1,Inoviridae
NC_055236.1,Caulimoviridae
NC_055366.1,Phenuiviridae
NC_055367.1,Phenuiviridae
NC_055368.1,Phenuiviridae
NC_055369.1,Phenuiviridae
NC_055370.1,Phenuiviridae
NC_055371.1,Phenuiviridae
NC_055228.1,Poxviridae
NC_055460.1,Rhabdoviridae
NC_055137.1,Rhabdoviridae
NC_055138.1,Rhabdoviridae
NC_055423.1,Phenuiviridae
NC_055424.1,Phenuiviridae
NC_055190.1,Phasmaviridae
NC_055191.1,Phasmaviridae
NC_055192.1,Phasmaviridae
NC_055111.1,Xinmoviridae
NC_055425.1,Phenuiviridae
NC_055426.1,Phenuiviridae
NC_055427.1,Phenuiviridae
NC_055428.1,Phenuiviridae
NC_055461.1,Rhabdoviridae
NC_055199.1,Peribunyaviridae
NC_055200.1,Peribunyaviridae
NC_055201.1,Peribunyaviridae
NC_054952.1,Myoviridae
NC_055053.1,Inoviridae
NC_055143.1,Botourmiaviridae
NC_055144.1,Botourmiaviridae
NC_055145.1,Botourmiaviridae
NC_055142.1,Herpesviridae
NC_055372.1,Phenuiviridae
NC_055373.1,Phenuiviridae
NC_055374.1,Phenuiviridae
NC_055033.1,Siphoviridae
NC_055381.1,Phenuiviridae
NC_055382.1,Phenuiviridae
NC_055383.1,Phenuiviridae
NC_055159.1,Picornaviridae
NC_055462.1,Endornaviridae
NC_055711.1,Podoviridae
NC_055146.1,Geminiviridae
NC_055431.1,Phenuiviridae
NC_055432.1,Phenuiviridae
NC_055108.1,Picornaviridae
NC_055735.1,Schitoviridae
NC_055736.1,Schitoviridae
NC_055714.1,Siphoviridae
NC_055465.1,Parvoviridae
NC_055112.1,Xinmoviridae
NC_055466.1,Rhabdoviridae
NC_055706.1,Podoviridae
NC_055115.1,Artoviridae
NC_055114.1,Artoviridae
NC_055113.1,Artoviridae
NC_055224.1,Chrysoviridae
NC_055225.1,Chrysoviridae
NC_055226.1,Chrysoviridae
NC_055227.1,Chrysoviridae
NC_055056.1,Leviviridae
NC_055468.1,Endornaviridae
NC_055545.1,Tombusviridae
NC_055717.1,Schitoviridae
NC_055470.1,Potyviridae
NC_055061.1,Tectiviridae
NC_055055.1,Inoviridae
NC_055050.1,Siphoviridae
NC_055157.1,Geminiviridae
NC_055158.1,Geminiviridae
NC_055471.1,Geminiviridae
NC_055472.1,Geminiviridae
NC_055032.1,Siphoviridae
NC_055034.1,Siphoviridae
NC_055161.1,Picornaviridae
NC_055473.1,Rhabdoviridae
NC_055474.1,Rhabdoviridae
NC_054966.1,Podoviridae
NC_055057.1,Leviviridae
NC_055058.1,Leviviridae
NC_055476.1,Geminiviridae
NC_055237.1,Caulimoviridae
NC_055165.1,Iridoviridae
NC_055477.1,Rhabdoviridae
NC_055731.1,Siphoviridae
NC_055732.1,Siphoviridae
NC_055229.1,Poxviridae
NC_055479.1,Rhabdoviridae
NC_055481.1,Caulimoviridae
NC_055733.1,Myoviridae
NC_055738.1,Siphoviridae
NC_055482.1,Closteroviridae
NC_055173.1,Hantaviridae
NC_055172.1,Hantaviridae
NC_055170.1,Hantaviridae
NC_055174.1,Hantaviridae
NC_055175.1,Filoviridae
NC_055176.1,Filoviridae
NC_055169.1,Bornaviridae
NC_055168.1,Paramyxoviridae
NC_055484.1,Rhabdoviridae
NC_055746.1,Myoviridae
NC_055747.1,Myoviridae
NC_055232.1,Herpesviridae
NC_055107.1,Aspiviridae
NC_055559.1,Polyomaviridae
NC_055556.1,Polyomaviridae
NC_055557.1,Polyomaviridae
NC_055485.1,Parvoviridae
NC_055486.1,Parvoviridae
NC_055487.1,Parvoviridae
NC_055488.1,Polyomaviridae
NC_055491.1,Potyviridae
NC_055558.1,Polyomaviridae
NC_055492.1,Geminiviridae
NC_055230.1,Poxviridae
NC_055493.1,Potyviridae
NC_055756.1,Podoviridae
NC_055760.1,Podoviridae
NC_055755.1,Siphoviridae
NC_055753.1,Siphoviridae
NC_055750.1,Siphoviridae
NC_055439.1,Arenaviridae
NC_055440.1,Arenaviridae
NC_055494.1,Geminiviridae
NC_054964.1,Podoviridae
NC_055758.1,Siphoviridae
NC_055759.1,Siphoviridae
NC_055495.1,Solemoviridae
NC_055496.1,Potyviridae
NC_055497.1,Potyviridae
NC_055763.1,Siphoviridae
NC_055764.1,Siphoviridae
NC_055766.1,Siphoviridae
NC_055767.1,Siphoviridae
NC_055498.1,Geminiviridae
NC_055499.1,Geminiviridae
NC_055500.1,Baculoviridae
NC_055121.1,Circoviridae
NC_055501.1,Potyviridae
NC_055770.1,Siphoviridae
NC_055771.1,Siphoviridae
NC_055769.1,Siphoviridae
NC_055502.1,Baculoviridae
NC_055503.1,Potyviridae
NC_055504.1,Rhabdoviridae
NC_055231.1,Poxviridae
NC_055773.1,Siphoviridae
NC_055774.1,Siphoviridae
NC_055775.1,Siphoviridae
NC_055776.1,Siphoviridae
NC_055778.1,Siphoviridae
NC_055779.1,Siphoviridae
NC_055772.1,Siphoviridae
NC_055505.1,Rhabdoviridae
NC_055177.1,Closteroviridae
NC_055506.1,Potyviridae
NC_055507.1,Potyviridae
NC_055508.1,Paramyxoviridae
NC_055509.1,Rhabdoviridae
NC_055510.1,Filoviridae
NC_055511.1,Geminiviridae
NC_055512.1,Rhabdoviridae
NC_055569.1,Togaviridae
NC_055784.1,Schitoviridae
NC_055060.1,Tectiviridae
NC_055788.1,Siphoviridae
NC_055571.1,Nudiviridae
NC_055546.1,Alphaflexiviridae
NC_055789.1,Siphoviridae
NC_055564.1,Tombusviridae
NC_055513.1,Solemoviridae
NC_055562.1,Caulimoviridae
NC_055518.1,Parvoviridae
NC_055519.1,Geminiviridae
NC_055122.1,Circoviridae
NC_055132.1,Geminiviridae
NC_055136.1,Geminiviridae
NC_055131.1,Geminiviridae
NC_055129.1,Solemoviridae
NC_055152.1,Circoviridae
NC_055155.1,Circoviridae
NC_055154.1,Circoviridae
NC_055151.1,Circoviridae
NC_055149.1,Circoviridae
NC_055153.1,Circoviridae
NC_055150.1,Circoviridae
NC_055148.1,Circoviridae
NC_055163.1,Polyomaviridae
NC_055164.1,Polyomaviridae
NC_055123.1,Circoviridae
NC_055133.1,Geminiviridae
NC_055134.1,Geminiviridae
NC_055126.1,Geminiviridae
NC_055140.1,Geminiviridae
NC_055059.1,Tectiviridae
NC_055520.1,Potyviridae
NC_055524.1,Geminiviridae
NC_055525.1,Geminiviridae
NC_055794.1,Demerecviridae
NC_055574.1,Alphaflexiviridae
NC_055807.1,Siphoviridae
NC_055806.1,Siphoviridae
NC_055808.1,Siphoviridae
NC_055801.1,Demerecviridae
NC_055800.1,Demerecviridae
NC_055568.1,Potyviridae
NC_055581.1,Geminiviridae
NC_055572.1,Geminiviridae
NC_055573.1,Geminiviridae
NC_055526.1,Adenoviridae
NC_055585.1,Potyviridae
NC_055821.1,Siphoviridae
NC_055818.1,Siphoviridae
NC_055819.1,Siphoviridae
NC_054897.1,Drexlerviridae
NC_055820.1,Siphoviridae
NC_055824.1,Schitoviridae
NC_055823.1,Schitoviridae
NC_055595.1,Polyomaviridae
NC_055826.1,Siphoviridae
NC_055599.1,Closteroviridae
NC_055591.1,Geminiviridae
NC_055593.1,Geminiviridae
NC_055592.1,Geminiviridae
NC_055590.1,Circoviridae
NC_055567.1,Rhabdoviridae
NC_055156.1,Picornaviridae
NC_055580.1,Circoviridae
NC_055598.1,Caulimoviridae
NC_055603.1,Iridoviridae
NC_055584.1,Geminiviridae
NC_055828.1,Podoviridae
NC_055832.1,Podoviridae
NC_055830.1,Demerecviridae
NC_055588.1,Caulimoviridae
NC_055833.1,Siphoviridae
NC_055834.1,Siphoviridae
NC_055575.1,Polyomaviridae
NC_055578.1,Polyomaviridae
NC_055576.1,Polyomaviridae
NC_055840.1,Schitoviridae
NC_055841.1,Ackermannviridae
NC_055836.1,Myoviridae
NC_055837.1,Myoviridae
NC_055839.1,Siphoviridae
NC_055600.1,Potyviridae
NC_055604.1,Caulimoviridae
NC_055483.1,Potyviridae
NC_055829.1,Demerecviridae
NC_055848.1,Demerecviridae
NC_055851.1,Demerecviridae
NC_055849.1,Demerecviridae
NC_055850.1,Demerecviridae
NC_055847.1,Demerecviridae
NC_055852.1,Podoviridae
NC_055855.1,Podoviridae
NC_055853.1,Podoviridae
NC_055854.1,Podoviridae
NC_055856.1,Siphoviridae
NC_055354.1,Phenuiviridae
NC_055355.1,Phenuiviridae
NC_055356.1,Phenuiviridae
NC_055866.1,Rountreeviridae
NC_054956.1,Podoviridae
NC_054963.1,Podoviridae
NC_054898.2,Drexlerviridae
NC_055860.1,Siphoviridae
NC_055907.1,Siphoviridae
NC_055868.1,Podoviridae
NC_055869.1,Podoviridae
NC_055870.1,Podoviridae
NC_055871.1,Podoviridae
NC_055872.1,Podoviridae
NC_055873.1,Podoviridae
NC_055874.1,Podoviridae
NC_055875.1,Podoviridae
NC_055876.1,Podoviridae
NC_055878.1,Podoviridae
NC_055879.1,Podoviridae
NC_055880.1,Podoviridae
NC_055881.1,Podoviridae
NC_055882.1,Podoviridae
NC_055883.1,Podoviridae
NC_055884.1,Podoviridae
NC_055885.1,Podoviridae
NC_055886.1,Podoviridae
NC_055887.1,Podoviridae
NC_055889.1,Podoviridae
NC_055891.1,Podoviridae
NC_055892.1,Podoviridae
NC_055895.1,Podoviridae
NC_055896.1,Podoviridae
NC_055899.1,Podoviridae
NC_055901.1,Podoviridae
NC_055902.1,Podoviridae
NC_055903.1,Podoviridae
NC_055904.1,Podoviridae
NC_055910.1,Siphoviridae
NC_055915.1,Myoviridae
NC_055913.1,Demerecviridae
NC_055919.1,Schitoviridae
NC_055921.1,Schitoviridae
NC_055127.1,Geminiviridae
NC_055128.1,Geminiviridae
NC_055216.1,Nairoviridae
NC_055217.1,Nairoviridae
NC_055218.1,Nairoviridae
NC_055239.1,Reoviridae
NC_055240.1,Reoviridae
NC_055241.1,Reoviridae
NC_055242.1,Reoviridae
NC_055243.1,Reoviridae
NC_055244.1,Reoviridae
NC_055245.1,Reoviridae
NC_055246.1,Reoviridae
NC_055247.1,Reoviridae
NC_055248.1,Reoviridae
NC_055249.1,Reoviridae
NC_055250.1,Reoviridae
NC_055390.1,Phenuiviridae
NC_055391.1,Phenuiviridae
NC_055392.1,Phenuiviridae
NC_055393.1,Phasmaviridae
NC_055394.1,Phasmaviridae
NC_055395.1,Phasmaviridae
NC_055396.1,Phenuiviridae
NC_055398.1,Phenuiviridae
NC_055399.1,Phenuiviridae
NC_055400.1,Phenuiviridae
NC_055401.1,Phenuiviridae
NC_055402.1,Phenuiviridae
NC_055403.1,Phenuiviridae
NC_055405.1,Phenuiviridae
NC_055406.1,Phenuiviridae
NC_055407.1,Phenuiviridae
NC_055408.1,Peribunyaviridae
NC_055409.1,Peribunyaviridae
NC_055410.1,Peribunyaviridae
NC_055435.1,Phenuiviridae
NC_055436.1,Phenuiviridae
NC_055437.1,Phenuiviridae
NC_055438.1,Phenuiviridae
NC_055441.1,Arenaviridae
NC_055442.1,Arenaviridae
NC_055443.1,Arenaviridae
NC_055444.1,Arenaviridae
NC_055445.1,Arenaviridae
NC_055446.1,Arenaviridae
NC_055447.1,Mayoviridae
NC_055448.1,Mayoviridae
NC_055449.1,Phenuiviridae
NC_055450.1,Phenuiviridae
NC_055489.1,Geminiviridae
NC_055490.1,Geminiviridae
NC_055514.1,Geminiviridae
NC_055515.1,Geminiviridae
NC_055516.1,Geminiviridae
NC_055517.1,Geminiviridae
NC_055521.1,Geminiviridae
NC_055522.1,Geminiviridae
NC_055533.1,Phenuiviridae
NC_055534.1,Phenuiviridae
NC_055535.1,Phenuiviridae
NC_055536.1,Phenuiviridae
NC_055537.1,Phenuiviridae
NC_055539.1,Geminiviridae
NC_055540.1,Geminiviridae
NC_055605.1,Chrysoviridae
NC_055606.1,Chrysoviridae
NC_055607.1,Chrysoviridae
NC_055608.1,Chrysoviridae
NC_055609.1,Nanoviridae
NC_055610.1,Nanoviridae
NC_055611.1,Nanoviridae
NC_055612.1,Nanoviridae
NC_055613.1,Nanoviridae
NC_055614.1,Nanoviridae
NC_055615.1,Nanoviridae
NC_055616.1,Nanoviridae
NC_055617.1,Nanoviridae
NC_055618.1,Nanoviridae
NC_055620.1,Nanoviridae
NC_055622.1,Nanoviridae
NC_055623.1,Nanoviridae
NC_055624.1,Chrysoviridae
NC_055625.1,Chrysoviridae
NC_055626.1,Chrysoviridae
NC_055627.1,Chrysoviridae
NC_055628.1,Chrysoviridae
NC_055629.1,Chrysoviridae
NC_055630.1,Chrysoviridae
NC_055631.1,Chrysoviridae
NC_055632.1,Hantaviridae
NC_055633.1,Hantaviridae
NC_055635.1,Hantaviridae
NC_055636.1,Hantaviridae
NC_055637.1,Hantaviridae
NC_055641.1,Fimoviridae
NC_055642.1,Fimoviridae
NC_055643.1,Fimoviridae
NC_055644.1,Fimoviridae
NC_055646.1,Fimoviridae
NC_055647.1,Fimoviridae
NC_055648.1,Fimoviridae
NC_055649.1,Fimoviridae
NC_055650.1,Fimoviridae
NC_055651.1,Fimoviridae
NC_055654.1,Chrysoviridae
NC_055656.1,Chrysoviridae
NC_055657.1,Chrysoviridae
NC_055384.1,Phenuiviridae
NC_055385.1,Phenuiviridae
NC_055386.1,Phenuiviridae
NC_055182.1,Peribunyaviridae
NC_055183.1,Peribunyaviridae
NC_055418.1,Phenuiviridae
NC_055419.1,Phenuiviridae
NC_055324.1,Phenuiviridae
NC_055326.1,Phenuiviridae
NC_055321.1,Phenuiviridae
NC_055322.1,Phenuiviridae
NC_055323.1,Phenuiviridae
NC_055309.1,Phenuiviridae
NC_055310.1,Phenuiviridae
NC_055311.1,Phenuiviridae
NC_055300.1,Phenuiviridae
NC_055301.1,Phenuiviridae
NC_055302.1,Phenuiviridae
NC_055299.1,Tospoviridae
NC_055652.1,Kitaviridae
NC_055653.1,Kitaviridae
NC_055290.1,Rhabdoviridae
NC_055291.1,Rhabdoviridae
NC_055292.1,Rhabdoviridae
NC_055293.1,Rhabdoviridae
NC_055360.1,Phenuiviridae
NC_055362.1,Phenuiviridae
NC_055187.1,Peribunyaviridae
NC_055188.1,Peribunyaviridae
NC_055189.1,Peribunyaviridae
NC_055429.1,Tospoviridae
NC_055430.1,Tospoviridae
NC_055375.1,Hantaviridae
NC_055376.1,Hantaviridae
NC_055377.1,Hantaviridae
NC_055378.1,Phenuiviridae
NC_055379.1,Phenuiviridae
NC_055380.1,Phenuiviridae
NC_055202.1,Leishbuviridae
NC_055203.1,Leishbuviridae
NC_055204.1,Leishbuviridae
NC_055463.1,Geminiviridae
NC_055464.1,Geminiviridae
NC_055263.1,Reoviridae
NC_055264.1,Reoviridae
NC_055265.1,Reoviridae
NC_055266.1,Reoviridae
NC_055267.1,Reoviridae
NC_055268.1,Reoviridae
NC_055269.1,Reoviridae
NC_055270.1,Reoviridae
NC_055271.1,Reoviridae
NC_055272.1,Reoviridae
NC_055273.1,Reoviridae
NC_055208.1,Rhabdoviridae
NC_055209.1,Rhabdoviridae
NC_055213.1,Phasmaviridae
NC_055214.1,Phasmaviridae
NC_055215.1,Phasmaviridae
NC_055251.1,Reoviridae
NC_055252.1,Reoviridae
NC_055253.1,Reoviridae
NC_055254.1,Reoviridae
NC_055255.1,Reoviridae
NC_055256.1,Reoviridae
NC_055257.1,Reoviridae
NC_055258.1,Reoviridae
NC_055259.1,Reoviridae
NC_055260.1,Reoviridae
NC_055261.1,Reoviridae
NC_055262.1,Reoviridae
NC_055433.1,Phenuiviridae
NC_055434.1,Phenuiviridae
NC_055621.1,Nanoviridae
NC_055619.1,Nanoviridae
NC_040181.1,Geminiviridae
NC_043526.1,Geminiviridae
NC_050697.1,Geminiviridae
NC_003801.1,Partitiviridae
NC_055638.1,Hantaviridae
NC_055639.1,Hantaviridae
NC_055640.1,Hantaviridae
NC_040180.1,Geminiviridae
NC_040185.1,Geminiviridae
NC_040186.1,Geminiviridae
NC_040187.1,Geminiviridae
NC_040189.1,Geminiviridae
NC_040191.1,Geminiviridae
NC_040192.1,Geminiviridae
NC_049466.2,Chaseviridae
NC_048048.2,Siphoviridae
NC_033829.1,Nudiviridae
NC_002645.1,Coronaviridae
NC_016991.1,Coronaviridae
NC_035191.1,Coronaviridae
NC_004166.2,Siphoviridae
NC_009898.1,Phycodnaviridae
NC_002321.1,Siphoviridae
NC_005083.2,Myoviridae
NC_021529.2,Myoviridae
NC_004086.1,Rudiviridae
NC_004682.2,Siphoviridae
NC_007810.1,Myoviridae
NC_008695.1,Siphoviridae
NC_009990.1,Podoviridae
NC_025375.1,Rudiviridae
NC_020883.1,Myoviridae
NC_011811.1,Myoviridae
NC_015272.2,Myoviridae
NC_015294.2,Myoviridae
NC_042037.1,Siphoviridae
NC_021534.1,Siphoviridae
NC_021537.1,Siphoviridae
NC_019450.1,Myoviridae
NC_027125.1,Myoviridae
NC_015292.1,Myoviridae
NC_015585.1,Autographiviridae
NC_042029.1,Siphoviridae
NC_022970.1,Myoviridae
NC_041845.1,Myoviridae
NC_043469.1,Drexlerviridae
NC_016654.1,Siphoviridae
NC_018860.1,Herelleviridae
NC_019520.1,Autographiviridae
NC_041854.1,Autographiviridae
NC_020203.1,Siphoviridae
NC_020198.1,Siphoviridae
NC_020202.1,Siphoviridae
NC_018855.1,Myoviridae
NC_041856.1,Siphoviridae
NC_023568.1,Myoviridae
NC_020078.1,Autographiviridae
NC_022966.1,Myoviridae
NC_022974.1,Myoviridae
NC_022096.1,Myoviridae
NC_022967.1,Myoviridae
NC_029002.1,Myoviridae
NC_022776.1,Siphoviridae
NC_023555.1,Siphoviridae
NC_023502.1,Siphoviridae
NC_023589.1,Schitoviridae
NC_023556.1,Schitoviridae
NC_023595.2,Siphoviridae
NC_024356.1,Siphoviridae
NC_047872.1,Herelleviridae
NC_030903.1,Herelleviridae
NC_024355.1,Siphoviridae
NC_026595.1,Siphoviridae
NC_028882.1,Myoviridae
NC_042113.1,Myoviridae
NC_026587.1,Myoviridae
NC_026010.1,Drexlerviridae
NC_028829.1,Myoviridae
NC_028676.1,Ackermannviridae
NC_028763.1,Siphoviridae
NC_028908.2,Schitoviridae
NC_028850.1,Autographiviridae
NC_028662.1,Siphoviridae
NC_028807.1,Siphoviridae
NC_028952.1,Siphoviridae
NC_047759.1,Autographiviridae
NC_029070.1,Autographiviridae
NC_004462.2,Sphaerolipoviridae
NC_028817.1,Myoviridae
NC_029065.1,Myoviridae
NC_028652.1,Myoviridae
NC_041874.1,Drexlerviridae
NC_030910.1,Myoviridae
NC_048637.1,Siphoviridae
NC_031932.1,Siphoviridae
NC_031945.1,Siphoviridae
NC_047852.1,Autographiviridae
NC_031110.1,Myoviridae
NC_030230.1,Marseilleviridae
NC_047764.1,Siphoviridae
NC_031051.1,Siphoviridae
NC_048121.1,Schitoviridae
NC_048122.1,Schitoviridae
NC_054674.1,Siphoviridae
NC_041903.1,Myoviridae
NC_041904.1,Myoviridae
NC_047798.1,Autographiviridae
NC_047799.1,Autographiviridae
NC_047805.1,Autographiviridae
NC_055716.1,Myoviridae
NC_049856.1,Siphoviridae
NC_041925.1,Siphoviridae
NC_041968.1,Myoviridae
NC_034625.1,Rudiviridae
NC_034624.1,Rudiviridae
NC_034619.1,Rudiviridae
NC_034623.1,Rudiviridae
NC_034620.1,Rudiviridae
NC_055730.1,Siphoviridae
NC_048675.1,Myoviridae
NC_047890.1,Autographiviridae
NC_047863.1,Drexlerviridae
NC_054970.1,Schitoviridae
NC_047946.1,Autographiviridae
NC_042122.1,Drexlerviridae
NC_047918.1,Siphoviridae
NC_047926.1,Herelleviridae
NC_042125.1,Siphoviridae
NC_042126.1,Siphoviridae
NC_051588.1,Siphoviridae
NC_053241.1,Siphoviridae
NC_048002.1,Autographiviridae
NC_051597.1,Siphoviridae
NC_048729.1,Siphoviridae
NC_048117.1,Autographiviridae
NC_021331.1,Drexlerviridae
NC_049445.1,Myoviridae
NC_054967.1,Schitoviridae
NC_054971.1,Schitoviridae
NC_054972.1,Schitoviridae
NC_054968.1,Schitoviridae
NC_054969.1,Schitoviridae
NC_048800.1,Myoviridae
NC_054790.1,Siphoviridae
NC_051618.1,Siphoviridae
NC_051648.1,Siphoviridae
NC_054946.1,Myoviridae
NC_054462.1,Myoviridae
NC_054962.1,Podoviridae
NC_054957.1,Podoviridae
NC_054958.1,Podoviridae
NC_054959.1,Podoviridae
NC_054960.1,Podoviridae
NC_055877.1,Podoviridae
NC_005856.1,Myoviridae
NC_001895.1,Myoviridae
NC_041848.1,Myoviridae
NC_050152.1,Myoviridae
NC_001697.1,Myoviridae
NC_054906.1,Myoviridae
NC_012635.1,Myoviridae
NC_005345.2,Siphoviridae
NC_011103.1,Siphoviridae
NC_005178.1,Siphoviridae
NC_001416.1,Siphoviridae
NC_021190.1,Siphoviridae
NC_004167.1,Siphoviridae
NC_048631.1,Siphoviridae
NC_000924.1,Podoviridae
NC_019414.1,Siphoviridae
NC_002166.1,Siphoviridae
NC_042114.1,Salasmaviridae
NC_008720.1,Schitoviridae
NC_049976.1,Salasmaviridae
NC_011048.1,Salasmaviridae
NC_001423.1,Salasmaviridae
NC_003298.1,Autographiviridae
NC_047864.1,Autographiviridae
NC_001604.1,Autographiviridae
NC_005344.1,Podoviridae
NC_004165.1,Salasmaviridae
NC_001417.2,Leviviridae
NC_007581.1,Siphoviridae
NC_009554.1,Siphoviridae
NC_004928.1,Myoviridae
NC_004615.1,Siphoviridae
NC_005822.1,Siphoviridae
NC_005294.1,Myoviridae
NC_005340.1,Myoviridae
NC_000896.1,Siphoviridae
NC_004105.1,Poxviridae
NC_009799.3,Siphoviridae
NC_001900.2,Siphoviridae
NC_001835.1,Siphoviridae
NC_025419.1,Myoviridae
NC_002484.2,Siphoviridae
NC_001706.1,Siphoviridae
NC_002796.1,Siphoviridae
NC_001335.1,Siphoviridae
NC_003345.2,Myoviridae
NC_002703.1,Siphoviridae
NC_003278.1,Myoviridae
NC_028700.1,Siphoviridae
NC_002747.1,Siphoviridae
NC_027979.1,Myoviridae
NC_001629.1,Siphoviridae
NC_019456.1,Siphoviridae
NC_002167.1,Siphoviridae
NC_022757.1,Siphoviridae
NC_049346.1,Siphoviridae
NC_003216.1,Siphoviridae
NC_009810.1,Siphoviridae
NC_009811.2,Herelleviridae
NC_001901.1,Siphoviridae
NC_004302.1,Siphoviridae
NC_008515.1,Myoviridae
NC_023744.1,Siphoviridae
NC_011534.1,Autographiviridae
NC_003085.1,Podoviridae
NC_005066.1,Myoviridae
NC_004112.1,Siphoviridae
NC_004305.1,Siphoviridae
NC_009526.1,Siphoviridae
NC_007021.1,Herelleviridae
NC_003444.1,Myoviridae
NC_018856.1,Herelleviridae
NC_015274.1,Siphoviridae
NC_007050.1,Siphoviridae
NC_000872.1,Siphoviridae
NC_021857.1,Myoviridae
NC_027983.1,Myoviridae
NC_001884.1,Siphoviridae
NC_000935.1,Podoviridae
NC_003313.1,Myoviridae
NC_000871.1,Siphoviridae
NC_020197.1,Siphoviridae
NC_001902.1,Siphoviridae
NC_005282.1,Myoviridae
NC_002214.1,Siphoviridae
NC_008363.1,Siphoviridae
NC_004303.1,Siphoviridae
NC_002072.2,Siphoviridae
NC_000902.1,Podoviridae
NC_006949.1,Siphoviridae
NC_003356.1,Myoviridae
NC_003288.1,Siphoviridae
NC_001271.1,Autographiviridae
NC_002185.1,Siphoviridae
NC_004066.1,Siphoviridae
NC_004084.1,Myoviridae
NC_054954.1,Myoviridae
NC_003050.2,Siphoviridae
NC_002486.1,Siphoviridae
NC_002661.2,Siphoviridae
NC_048892.1,Myoviridae
NC_005355.1,Siphoviridae
NC_010179.2,Myoviridae
NC_005354.1,Siphoviridae
NC_007501.1,Siphoviridae
NC_002656.1,Siphoviridae
NC_002666.1,Siphoviridae
NC_002667.1,Siphoviridae
NC_002668.1,Siphoviridae
NC_006548.1,Siphoviridae
NC_002730.1,Podoviridae
NC_003315.1,Myoviridae
NC_004996.1,Siphoviridae
NC_004629.1,Myoviridae
NC_052650.1,Myoviridae
NC_003291.2,Siphoviridae
NC_005069.1,Siphoviridae
NC_004348.1,Podoviridae
NC_003157.5,Siphoviridae
NC_002628.3,Siphoviridae
NC_004313.1,Myoviridae
NC_003324.1,Podoviridae
NC_003309.1,Siphoviridae
NC_004617.1,Siphoviridae
NC_008152.1,Autographiviridae
NC_004466.2,Podoviridae
NC_003524.1,Siphoviridae
NC_005357.1,Podoviridae
NC_004913.3,Podoviridae
NC_004914.3,Podoviridae
NC_004831.2,Autographiviridae
NC_004813.1,Siphoviridae
NC_004665.1,Autographiviridae
NC_004678.1,Rountreeviridae
NC_004679.1,Rountreeviridae
NC_005045.1,Autographiviridae
NC_004680.2,Siphoviridae
NC_004681.1,Siphoviridae
NC_004683.1,Siphoviridae
NC_004686.2,Siphoviridae
NC_004688.1,Siphoviridae
NC_021856.1,Herelleviridae
NC_008370.1,Siphoviridae
NC_049349.1,Siphoviridae
NC_008371.1,Siphoviridae
NC_049348.1,Siphoviridae
NC_049347.1,Siphoviridae
NC_004775.2,Podoviridae
NC_007053.1,Siphoviridae
NC_005841.1,Podoviridae
NC_005880.2,Herelleviridae
NC_004927.2,Myoviridae
NC_004777.1,Autographiviridae
NC_004745.1,Myoviridae
NC_004827.1,Myoviridae
NC_004902.1,Siphoviridae
NC_006936.1,Siphoviridae
NC_005258.1,Tectiviridae
NC_006820.1,Myoviridae
NC_005262.3,Podoviridae
NC_005263.2,Myoviridae
NC_009540.1,Drexlerviridae
NC_042024.1,Siphoviridae
NC_049809.1,Siphoviridae
NC_049943.1,Siphoviridae
NC_005857.1,Siphoviridae
NC_005356.1,Siphoviridae
NC_009878.1,Siphoviridae
NC_009016.1,Myoviridae
NC_009231.1,Myoviridae
NC_006883.2,Myoviridae
NC_006884.2,Myoviridae
NC_007623.1,Myoviridae
NC_005887.1,Podoviridae
NC_005893.1,Siphoviridae
NC_006552.1,Podoviridae
NC_007066.1,Herelleviridae
NC_010105.1,Myoviridae
NC_006940.2,Siphoviridae
NC_006557.1,Siphoviridae
NC_007019.1,Siphoviridae
NC_009965.1,Rudiviridae
NC_007917.1,Myoviridae
NC_007046.1,Rountreeviridae
NC_007048.1,Siphoviridae
NC_007049.1,Siphoviridae
NC_007051.1,Siphoviridae
NC_007052.1,Siphoviridae
NC_007054.1,Siphoviridae
NC_007055.1,Siphoviridae
NC_007056.1,Siphoviridae
NC_007057.1,Siphoviridae
NC_007058.1,Siphoviridae
NC_007059.1,Siphoviridae
NC_007060.1,Siphoviridae
NC_007061.1,Siphoviridae
NC_007062.1,Siphoviridae
NC_007063.1,Siphoviridae
NC_007064.1,Siphoviridae
NC_007065.1,Siphoviridae
NC_008798.1,Siphoviridae
NC_008799.1,Siphoviridae
NC_011802.1,Podoviridae
NC_009812.1,Siphoviridae
NC_009813.1,Myoviridae
NC_009815.1,Siphoviridae
NC_007145.2,Myoviridae
NC_013055.1,Siphoviridae
NC_011551.1,Podoviridae
NC_008562.1,Myoviridae
NC_008193.1,Myoviridae
NC_007804.2,Podoviridae
NC_007456.1,Autographiviridae
NC_007636.1,Autographiviridae
NC_007637.1,Autographiviridae
NC_007814.1,Siphoviridae
NC_007805.1,Siphoviridae
NC_042060.1,Myoviridae
NC_007458.1,Siphoviridae
NC_011976.1,Podoviridae
NC_007497.1,Siphoviridae
NC_004746.1,Siphoviridae
NC_007603.1,Drexlerviridae
NC_007734.1,Siphoviridae
NC_008689.1,Siphoviridae
NC_007924.1,Myoviridae
NC_008376.2,Myoviridae
NC_007967.1,Siphoviridae
NC_012884.1,Siphoviridae
NC_007902.1,Podoviridae
NC_008194.1,Siphoviridae
NC_008203.1,Siphoviridae
NC_008205.1,Siphoviridae
NC_008199.1,Siphoviridae
NC_009541.1,Siphoviridae
NC_008201.1,Myoviridae
NC_008464.1,Podoviridae
NC_010147.1,Siphoviridae
NC_020878.1,Autographiviridae
NC_020874.1,Autographiviridae
NC_008296.2,Myoviridae
NC_009935.1,Autographiviridae
NC_008617.1,Siphoviridae
NC_009817.1,Podoviridae
NC_008717.1,Siphoviridae
NC_009737.2,Myoviridae
NC_008265.1,Siphoviridae
NC_009818.1,Siphoviridae
NC_011041.1,Myoviridae
NC_008723.1,Siphoviridae
NC_009819.1,Siphoviridae
NC_009382.1,Myoviridae
NC_008721.2,Siphoviridae
NC_009514.1,Siphoviridae
NC_009018.1,Siphoviridae
NC_010495.1,Siphoviridae
NC_009232.2,Siphoviridae
NC_022754.1,Siphoviridae
NC_022752.1,Siphoviridae
NC_009234.1,Myoviridae
NC_009237.1,Myoviridae
NC_019768.1,Siphoviridae
NC_019769.1,Siphoviridae
NC_019767.1,Siphoviridae
NC_027982.1,Siphoviridae
NC_009820.1,Siphoviridae
NC_015282.1,Myoviridae
NC_015279.1,Myoviridae
NC_015288.1,Myoviridae
NC_015283.1,Myoviridae
NC_016657.1,Autographiviridae
NC_016656.1,Autographiviridae
NC_009762.3,Siphoviridae
NC_009763.3,Siphoviridae
NC_015281.1,Myoviridae
NC_015286.1,Myoviridae
NC_015289.1,Myoviridae
NC_015287.1,Myoviridae
NC_015290.1,Myoviridae
NC_016658.1,Autographiviridae
NC_015284.1,Myoviridae
NC_015280.1,Myoviridae
NC_009603.1,Siphoviridae
NC_009552.3,Siphoviridae
NC_009821.1,Myoviridae
NC_010106.1,Chaseviridae
NC_010355.1,Siphoviridae
NC_009543.1,Siphoviridae
NC_009875.1,Rountreeviridae
NC_042057.1,Siphoviridae
NC_019455.1,Myoviridae
NC_010325.1,Podoviridae
NC_010326.1,Autographiviridae
NC_010808.1,Siphoviridae
NC_010237.1,Podoviridae
NC_010275.2,Myoviridae
NC_011046.1,Siphoviridae
NC_011107.1,Autographiviridae
NC_011104.1,Siphoviridae
NC_011373.1,Siphoviridae
NC_015454.1,Siphoviridae
NC_015453.1,Siphoviridae
NC_011613.1,Siphoviridae
NC_011611.1,Siphoviridae
NC_047728.1,Herelleviridae
NC_010807.1,Autographiviridae
NC_011040.1,Autographiviridae
NC_011042.1,Autographiviridae
NC_011045.1,Autographiviridae
NC_011043.1,Autographiviridae
NC_011038.1,Autographiviridae
NC_021071.1,Myoviridae
NC_021559.1,Myoviridae
NC_020875.1,Myoviridae
NC_021072.1,Myoviridae
NC_010945.1,Siphoviridae
NC_011810.1,Myoviridae
NC_011039.1,Siphoviridae
NC_011273.1,Myoviridae
NC_011165.1,Myoviridae
NC_011166.1,Myoviridae
NC_011142.1,Myoviridae
NC_013085.1,Myoviridae
NC_011216.1,Myoviridae
NC_011398.1,Myoviridae
NC_011291.1,Siphoviridae
NC_011288.1,Siphoviridae
NC_011287.1,Siphoviridae
NC_011289.1,Siphoviridae
NC_011645.1,Siphoviridae
NC_021070.1,Myoviridae
NC_011589.1,Siphoviridae
NC_011612.1,Siphoviridae
NC_012740.1,Myoviridae
NC_012741.1,Myoviridae
NC_011801.1,Siphoviridae
NC_011703.1,Myoviridae
NC_011756.1,Myoviridae
NC_024137.1,Herelleviridae
NC_013059.1,Podoviridae
NC_012027.1,Siphoviridae
NC_012418.1,Autographiviridae
NC_027981.1,Myoviridae
NC_012756.1,Siphoviridae
NC_014595.1,Myoviridae
NC_012753.1,Siphoviridae
NC_013696.1,Siphoviridae
NC_042027.1,Siphoviridae
NC_013594.1,Myoviridae
NC_013155.1,Siphoviridae
NC_013152.1,Siphoviridae
NC_013153.1,Siphoviridae
NC_013154.1,Siphoviridae
NC_013195.1,Siphoviridae
NC_015249.1,Autographiviridae
NC_027995.1,Myoviridae
NC_013599.1,Podoviridae
NC_013600.1,Siphoviridae
NC_013646.1,Siphoviridae
NC_013643.1,Siphoviridae
NC_013648.1,Siphoviridae
NC_013644.1,Siphoviridae
NC_013649.2,Autographiviridae
NC_013647.1,Autographiviridae
NC_013597.1,Myoviridae
NC_031242.1,Myoviridae
NC_023694.1,Siphoviridae
NC_023735.1,Siphoviridae
NC_014260.1,Myoviridae
NC_027993.1,Siphoviridae
NC_027994.1,Siphoviridae
NC_041897.1,Siphoviridae
NC_041898.1,Siphoviridae
NC_014792.1,Myoviridae
NC_023748.1,Siphoviridae
NC_014662.1,Myoviridae
NC_014900.1,Podoviridae
NC_027997.1,Myoviridae
NC_027996.1,Myoviridae
NC_048031.1,Autographiviridae
NC_048033.1,Autographiviridae
NC_048034.1,Autographiviridae
NC_014229.1,Siphoviridae
NC_017674.1,Myoviridae
NC_020837.1,Myoviridae
NC_021530.1,Myoviridae
NC_020838.1,Autographiviridae
NC_020867.1,Autographiviridae
NC_020851.1,Myoviridae
NC_020856.2,Podoviridae
NC_020858.2,Podoviridae
NC_020841.1,Myoviridae
NC_021558.1,Siphoviridae
NC_020839.1,Siphoviridae
NC_020866.1,Siphoviridae
NC_025464.1,Autographiviridae
NC_048183.1,Autographiviridae
NC_020844.1,Siphoviridae
NC_025461.1,Autographiviridae
NC_047733.1,Myoviridae
NC_019448.1,Herelleviridae
NC_014661.1,Myoviridae
NC_019935.1,Myoviridae
NC_015252.1,Siphoviridae
NC_015254.1,Siphoviridae
NC_016563.1,Herelleviridae
NC_015262.1,Siphoviridae
NC_027984.1,Podoviridae
NC_015271.1,Autographiviridae
NC_020859.1,Myoviridae
NC_020486.1,Myoviridae
NC_019921.1,Siphoviridae
NC_048624.1,Siphoviridae
NC_031019.1,Podoviridae
NC_015263.1,Siphoviridae
NC_020835.1,Autographiviridae
NC_016071.1,Myoviridae
NC_042028.1,Myoviridae
NC_020865.1,Autographiviridae
NC_020845.1,Myoviridae
NC_016160.1,Siphoviridae
NC_016158.1,Siphoviridae
NC_015265.1,Myoviridae
NC_015266.1,Myoviridae
NC_015273.1,Myoviridae
NC_015295.1,Myoviridae
NC_023715.1,Autographiviridae
NC_019488.1,Myoviridae
NC_020855.1,Myoviridae
NC_021560.1,Myoviridae
NC_021557.1,Myoviridae
NC_019490.1,Siphoviridae
NC_019487.1,Herelleviridae
NC_019549.1,Podoviridae
NC_019550.1,Podoviridae
NC_054978.1,Siphoviridae
NC_047854.1,Myoviridae
NC_019932.1,Myoviridae
NC_019486.1,Siphoviridae
NC_019489.1,Siphoviridae
NC_021864.1,Podoviridae
NC_017732.1,Podoviridae
NC_015158.1,Zobellviridae
NC_020414.2,Autographiviridae
NC_019934.1,Siphoviridae
NC_019927.1,Siphoviridae
NC_016564.1,Siphoviridae
NC_015326.1,Marseilleviridae
NC_015457.1,Myoviridae
NC_021783.1,Siphoviridae
NC_027989.1,Myoviridae
NC_041832.1,Myoviridae
NC_041833.1,Myoviridae
NC_041834.1,Myoviridae
NC_016565.1,Rountreeviridae
NC_047720.1,Herelleviridae
NC_019929.1,Myoviridae
NC_015568.1,Siphoviridae
NC_042327.1,Siphoviridae
NC_042328.1,Siphoviridae
NC_041844.1,Siphoviridae
NC_041983.1,Siphoviridae
NC_042316.1,Siphoviridae
NC_041846.1,Siphoviridae
NC_042317.1,Siphoviridae
NC_042318.1,Siphoviridae
NC_042319.1,Siphoviridae
NC_042320.1,Siphoviridae
NC_042326.1,Siphoviridae
NC_042321.1,Siphoviridae
NC_042322.1,Siphoviridae
NC_042323.1,Siphoviridae
NC_042324.1,Siphoviridae
NC_041971.1,Siphoviridae
NC_041987.1,Siphoviridae
NC_041985.1,Siphoviridae
NC_042308.1,Siphoviridae
NC_042312.1,Siphoviridae
NC_042309.1,Siphoviridae
NC_042310.1,Siphoviridae
NC_042313.1,Siphoviridae
NC_042311.1,Siphoviridae
NC_042314.1,Siphoviridae
NC_042036.1,Siphoviridae
NC_042315.1,Siphoviridae
NC_042030.1,Siphoviridae
NC_028906.1,Siphoviridae
NC_042329.1,Siphoviridae
NC_041847.1,Siphoviridae
NC_041989.1,Siphoviridae
NC_041988.1,Siphoviridae
NC_042330.1,Siphoviridae
NC_015719.1,Autographiviridae
NC_022920.1,Herelleviridae
NC_022918.1,Herelleviridae
NC_042331.1,Siphoviridae
NC_048015.1,Myoviridae
NC_023743.1,Drexlerviridae
NC_018285.1,Siphoviridae
NC_041978.1,Myoviridae
NC_023738.1,Siphoviridae
NC_015933.1,Schitoviridae
NC_019505.1,Myoviridae
NC_019503.1,Myoviridae
NC_023729.1,Siphoviridae
NC_023709.1,Siphoviridae
NC_016568.1,Podoviridae
NC_023689.1,Siphoviridae
NC_023734.1,Siphoviridae
NC_042333.1,Siphoviridae
NC_023731.1,Siphoviridae
NC_023707.1,Siphoviridae
NC_023710.1,Siphoviridae
NC_041850.1,Siphoviridae
NC_023692.1,Siphoviridae
NC_047867.1,Autographiviridae
NC_022087.1,Siphoviridae
NC_041969.1,Siphoviridae
NC_023730.1,Siphoviridae
NC_019444.1,Myoviridae
NC_019443.1,Myoviridae
NC_023719.1,Myoviridae
NC_023708.1,Siphoviridae
NC_023695.1,Siphoviridae
NC_020416.1,Myoviridae
NC_041970.1,Siphoviridae
NC_023742.1,Siphoviridae
NC_041965.1,Siphoviridae
NC_023697.1,Siphoviridae
NC_023713.1,Siphoviridae
NC_023687.1,Siphoviridae
NC_023703.1,Siphoviridae
NC_023686.1,Siphoviridae
NC_042334.1,Siphoviridae
NC_023745.1,Siphoviridae
NC_019501.1,Podoviridae
NC_027402.1,Myoviridae
NC_027298.1,Siphoviridae
NC_041851.1,Siphoviridae
NC_042336.1,Siphoviridae
NC_042335.1,Siphoviridae
NC_016770.1,Siphoviridae
NC_016165.1,Siphoviridae
NC_016652.1,Siphoviridae
NC_025443.1,Siphoviridae
NC_016763.1,Siphoviridae
NC_020201.1,Myoviridae
NC_018277.1,Siphoviridae
NC_048628.1,Siphoviridae
NC_019502.1,Siphoviridae
NC_019442.1,Podoviridae
NC_016571.1,Myoviridae
NC_016761.1,Podoviridae
NC_018264.1,Siphoviridae
NC_047736.1,Herelleviridae
NC_047735.1,Herelleviridae
NC_017985.1,Podoviridae
NC_019527.1,Myoviridae
NC_019522.1,Myoviridae
NC_016762.1,Siphoviridae
NC_016765.1,Siphoviridae
NC_029099.1,Drexlerviridae
NC_027355.1,Herelleviridae
NC_016767.1,Podoviridae
NC_019517.1,Myoviridae
NC_019446.1,Podoviridae
NC_019447.1,Podoviridae
NC_019515.1,Myoviridae
NC_018857.1,Herelleviridae
NC_019516.2,Myoviridae
NC_018863.1,Herelleviridae
NC_019417.1,Siphoviridae
NC_019400.1,Myoviridae
NC_019401.1,Myoviridae
NC_019403.1,Autographiviridae
NC_019404.1,Drexlerviridae
NC_019399.1,Myoviridae
NC_017865.1,Autographiviridae
NC_020490.2,Siphoviridae
NC_019915.1,Siphoviridae
NC_019914.1,Siphoviridae
NC_019526.1,Myoviridae
NC_027980.1,Autographiviridae
NC_019545.1,Siphoviridae
NC_041986.1,Siphoviridae
NC_019710.1,Siphoviridae
NC_019717.1,Siphoviridae
NC_019714.1,Siphoviridae
NC_019723.1,Siphoviridae
NC_019719.1,Siphoviridae
NC_019711.1,Siphoviridae
NC_019706.1,Siphoviridae
NC_019708.1,Siphoviridae
NC_019704.1,Siphoviridae
NC_019709.1,Siphoviridae
NC_019705.1,Siphoviridae
NC_019718.1,Drexlerviridae
NC_019720.1,Siphoviridae
NC_019715.1,Siphoviridae
NC_019721.1,Siphoviridae
NC_049942.1,Siphoviridae
NC_018846.1,Podoviridae
NC_019524.2,Siphoviridae
NC_019512.1,Podoviridae
NC_019451.1,Myoviridae
NC_018274.1,Siphoviridae
NC_041910.1,Siphoviridae
NC_018273.1,Siphoviridae
NC_041982.1,Siphoviridae
NC_041984.1,Siphoviridae
NC_019539.1,Siphoviridae
NC_017695.1,Siphoviridae
NC_017702.1,Siphoviridae
NC_017698.1,Siphoviridae
NC_017696.1,Siphoviridae
NC_020199.1,Siphoviridae
NC_018454.1,Siphoviridae
NC_018275.1,Podoviridae
NC_018279.1,Siphoviridae
NC_023588.1,Myoviridae
NC_023698.1,Siphoviridae
NC_023723.1,Siphoviridae
NC_019513.1,Siphoviridae
NC_017968.1,Siphoviridae
NC_020871.1,Herelleviridae
NC_042066.1,Drexlerviridae
NC_021539.2,Siphoviridae
NC_021775.1,Siphoviridae
NC_042065.1,Siphoviridae
NC_021774.1,Myoviridae
NC_017973.1,Siphoviridae
NC_054800.1,Siphoviridae
NC_018843.1,Siphoviridae
NC_017984.1,Myoviridae
NC_017978.1,Siphoviridae
NC_025418.1,Autographiviridae
NC_018085.1,Siphoviridae
NC_041852.1,Siphoviridae
NC_021326.1,Siphoviridae
NC_021332.1,Siphoviridae
NC_042337.1,Siphoviridae
NC_047722.1,Herelleviridae
NC_047723.1,Herelleviridae
NC_047725.1,Herelleviridae
NC_047726.1,Herelleviridae
NC_047727.1,Herelleviridae
NC_047724.1,Herelleviridae
NC_021863.1,Siphoviridae
NC_027360.1,Myoviridae
NC_020879.1,Myoviridae
NC_030933.1,Herelleviridae
NC_019931.1,Podoviridae
NC_018836.1,Siphoviridae
NC_018848.1,Siphoviridae
NC_027351.1,Myoviridae
NC_027344.1,Myoviridae
NC_020081.2,Herelleviridae
NC_019421.1,Myoviridae
NC_019422.1,Myoviridae
NC_041992.1,Siphoviridae
NC_019919.2,Demerecviridae
NC_019909.1,Myoviridae
NC_019928.1,Podoviridae
NC_041849.1,Siphoviridae
NC_041991.1,Siphoviridae
NC_042339.1,Siphoviridae
NC_042340.1,Siphoviridae
NC_041853.1,Siphoviridae
NC_054977.1,Siphoviridae
NC_047738.1,Autographiviridae
NC_034248.1,Siphoviridae
NC_019541.1,Siphoviridae
NC_025425.1,Myoviridae
NC_027339.1,Myoviridae
NC_022091.1,Autographiviridae
NC_027986.1,Siphoviridae
NC_027992.1,Siphoviridae
NC_047739.1,Siphoviridae
NC_041855.1,Siphoviridae
NC_042341.1,Siphoviridae
NC_049924.1,Podoviridae
NC_049923.1,Podoviridae
NC_049941.1,Siphoviridae
NC_049945.1,Siphoviridae
NC_049944.1,Siphoviridae
NC_021861.1,Siphoviridae
NC_019722.1,Myoviridae
NC_019713.1,Siphoviridae
NC_028995.1,Myoviridae
NC_018834.1,Siphoviridae
NC_018839.1,Siphoviridae
NC_018841.1,Siphoviridae
NC_018845.1,Siphoviridae
NC_018849.1,Siphoviridae
NC_018852.1,Siphoviridae
NC_018838.1,Siphoviridae
NC_018840.1,Siphoviridae
NC_018842.1,Siphoviridae
NC_018847.1,Siphoviridae
NC_018851.1,Siphoviridae
NC_019813.1,Podoviridae
NC_018832.1,Siphoviridae
NC_022336.1,Siphoviridae
NC_022339.1,Siphoviridae
NC_022338.1,Siphoviridae
NC_022335.1,Siphoviridae
NC_022337.1,Siphoviridae
NC_022342.1,Siphoviridae
NC_022334.1,Siphoviridae
NC_022341.1,Siphoviridae
NC_022340.1,Siphoviridae
NC_022090.1,Herelleviridae
NC_020877.1,Herelleviridae
NC_018850.2,Podoviridae
NC_020204.1,Myoviridae
NC_019912.1,Siphoviridae
NC_019418.1,Siphoviridae
NC_019416.1,Autographiviridae
NC_019726.1,Herelleviridae
NC_047721.1,Herelleviridae
NC_041857.1,Myoviridae
NC_020876.1,Siphoviridae
NC_041906.1,Schitoviridae
NC_025417.1,Herelleviridae
NC_022746.1,Autographiviridae
NC_024390.1,Siphoviridae
NC_020870.1,Siphoviridae
NC_024385.1,Siphoviridae
NC_024386.1,Siphoviridae
NC_024380.1,Siphoviridae
NC_020880.1,Siphoviridae
NC_021533.1,Siphoviridae
NC_021853.1,Siphoviridae
NC_021860.1,Siphoviridae
NC_021854.1,Siphoviridae
NC_021852.1,Siphoviridae
NC_021855.1,Siphoviridae
NC_022791.1,Siphoviridae
NC_020104.1,Mimiviridae
NC_042342.1,Podoviridae
NC_042343.1,Podoviridae
NC_025456.1,Autographiviridae
NC_021773.2,Siphoviridae
NC_027364.1,Myoviridae
NC_021323.1,Siphoviridae
NC_023501.1,Herelleviridae
NC_047715.1,Myoviridae
NC_047716.1,Myoviridae
NC_047717.1,Myoviridae
NC_031235.1,Myoviridae
NC_047734.1,Myoviridae
NC_023006.1,Myoviridae
NC_021343.1,Myoviridae
NC_020483.1,Autographiviridae
NC_042133.1,Herelleviridae
NC_049351.1,Siphoviridae
NC_055041.1,Siphoviridae
NC_021061.1,Siphoviridae
NC_041976.1,Myoviridae
NC_029104.1,Myoviridae
NC_029029.1,Myoviridae
NC_021532.1,Schitoviridae
NC_021325.1,Siphoviridae
NC_023499.1,Siphoviridae
NC_023500.1,Siphoviridae
NC_021336.1,Salasmaviridae
NC_047855.1,Rountreeviridae
NC_021299.1,Siphoviridae
NC_021324.1,Siphoviridae
NC_021334.1,Siphoviridae
NC_021298.1,Siphoviridae
NC_021304.1,Siphoviridae
NC_021339.1,Siphoviridae
NC_021306.2,Siphoviridae
NC_021302.1,Siphoviridae
NC_021308.1,Siphoviridae
NC_021538.1,Siphoviridae
NC_021535.1,Siphoviridae
NC_021297.1,Siphoviridae
NC_021309.1,Siphoviridae
NC_021307.1,Siphoviridae
NC_021301.1,Siphoviridae
NC_021311.1,Siphoviridae
NC_021305.1,Siphoviridae
NC_021338.1,Siphoviridae
NC_021318.1,Siphoviridae
NC_022323.1,Myoviridae
NC_021789.1,Podoviridae
NC_048026.1,Autographiviridae
NC_021865.1,Siphoviridae
NC_021777.1,Siphoviridae
NC_022055.1,Siphoviridae
NC_022066.1,Siphoviridae
NC_022067.1,Siphoviridae
NC_029023.1,Myoviridae
NC_041928.1,Herelleviridae
NC_023587.1,Myoviridae
NC_023584.1,Myoviridae
NC_022086.1,Siphoviridae
NC_022069.1,Siphoviridae
NC_022060.1,Siphoviridae
NC_022068.1,Siphoviridae
NC_022056.1,Siphoviridae
NC_022062.1,Siphoviridae
NC_022052.1,Siphoviridae
NC_022324.1,Siphoviridae
NC_022054.2,Siphoviridae
NC_022065.1,Siphoviridae
NC_022071.1,Siphoviridae
NC_022747.1,Myoviridae
NC_021801.1,Siphoviridae
NC_027404.1,Myoviridae
NC_021784.1,Myoviridae
NC_022753.1,Siphoviridae
NC_029018.2,Siphoviridae
NC_022329.1,Siphoviridae
NC_022330.1,Siphoviridae
NC_027204.1,Myoviridae
NC_022059.1,Siphoviridae
NC_023599.1,Siphoviridae
NC_022750.1,Myoviridae
NC_022088.2,Herelleviridae
NC_022070.1,Siphoviridae
NC_022085.1,Siphoviridae
NC_022058.1,Siphoviridae
NC_022988.1,Siphoviridae
NC_022976.1,Siphoviridae
NC_022969.1,Siphoviridae
NC_024790.1,Schitoviridae
NC_024794.1,Myoviridae
NC_022968.1,Myoviridae
NC_022977.1,Siphoviridae
NC_022965.1,Siphoviridae
NC_022973.1,Siphoviridae
NC_022979.1,Siphoviridae
NC_022985.1,Siphoviridae
NC_023503.1,Siphoviridae
NC_024786.1,Schitoviridae
NC_022775.1,Siphoviridae
NC_022758.1,Siphoviridae
NC_022914.1,Siphoviridae
NC_022769.1,Herelleviridae
NC_022771.1,Herelleviridae
NC_022763.1,Herelleviridae
NC_023583.1,Podoviridae
NC_022749.1,Myoviridae
NC_022744.1,Autographiviridae
NC_023558.1,Autographiviridae
NC_024144.1,Myoviridae
NC_022756.1,Siphoviridae
NC_022972.2,Siphoviridae
NC_023498.1,Siphoviridae
NC_047742.1,Siphoviridae
NC_023567.2,Autographiviridae
NC_024793.1,Drexlerviridae
NC_024784.1,Drexlerviridae
NC_024789.1,Drexlerviridae
NC_029120.1,Podoviridae
NC_024206.1,Myoviridae
NC_022915.1,Podoviridae
NC_038511.1,Marseilleviridae
NC_022971.1,Podoviridae
NC_023564.1,Siphoviridae
NC_023579.1,Schitoviridae
NC_023562.1,Siphoviridae
NC_023552.1,Siphoviridae
NC_028940.1,Myoviridae
NC_022983.1,Siphoviridae
NC_022975.1,Siphoviridae
NC_022984.1,Siphoviridae
NC_022981.1,Siphoviridae
NC_024124.2,Myoviridae
NC_047743.1,Autographiviridae
NC_023551.1,Siphoviridae
NC_023571.1,Siphoviridae
NC_023560.1,Siphoviridae
NC_023582.1,Siphoviridae
NC_027349.1,Myoviridae
NC_023559.1,Siphoviridae
NC_029116.1,Myoviridae
NC_023553.1,Siphoviridae
NC_023565.1,Siphoviridae
NC_023577.1,Siphoviridae
NC_023572.1,Siphoviridae
NC_023580.1,Siphoviridae
NC_023602.1,Siphoviridae
NC_029121.1,Herelleviridae
NC_047744.1,Herelleviridae
NC_026607.2,Myoviridae
NC_024134.1,Myoviridae
NC_024361.1,Siphoviridae
NC_024357.1,Siphoviridae
NC_024370.1,Siphoviridae
NC_023573.1,Herelleviridae
NC_030931.1,Siphoviridae
NC_027368.1,Myoviridae
NC_023550.1,Rountreeviridae
NC_023561.1,Myoviridae
NC_023576.1,Autographiviridae
NC_023548.1,Autographiviridae
NC_024136.1,Siphoviridae
NC_023607.1,Siphoviridae
NC_023862.1,Siphoviridae
NC_023597.1,Siphoviridae
NC_023606.1,Siphoviridae
NC_023601.2,Myoviridae
NC_023609.1,Siphoviridae
NC_024142.2,Schitoviridae
NC_024384.1,Siphoviridae
NC_024387.1,Siphoviridae
NC_024123.1,Podoviridae
NC_024391.1,Siphoviridae
NC_024204.1,Siphoviridae
NC_023608.1,Siphoviridae
NC_024143.1,Siphoviridae
NC_024146.1,Siphoviridae
NC_024121.1,Myoviridae
NC_024330.1,Siphoviridae
NC_029107.1,Siphoviridae
NC_047871.1,Herelleviridae
NC_024141.1,Siphoviridae
NC_024148.1,Siphoviridae
NC_024147.1,Siphoviridae
NC_025453.1,Siphoviridae
NC_026590.1,Siphoviridae
NC_051724.1,Siphoviridae
NC_024216.1,Herelleviridae
NC_024207.1,Herelleviridae
NC_024213.1,Herelleviridae
NC_024205.1,Herelleviridae
NC_024211.1,Herelleviridae
NC_024788.1,Herelleviridae
NC_027130.1,Myoviridae
NC_047718.1,Myoviridae
NC_047719.1,Myoviridae
NC_026928.1,Myoviridae
NC_026927.1,Myoviridae
NC_047712.1,Myoviridae
NC_047713.1,Myoviridae
NC_026924.1,Myoviridae
NC_026926.1,Myoviridae
NC_024125.2,Myoviridae
NC_024210.1,Drexlerviridae
NC_024379.1,Autographiviridae
NC_029010.1,Siphoviridae
NC_027371.1,Siphoviridae
NC_024368.1,Siphoviridae
NC_027352.1,Herelleviridae
NC_025460.1,Siphoviridae
NC_025434.1,Podoviridae
NC_025427.1,Myoviridae
NC_024362.1,Autographiviridae
NC_024365.1,Siphoviridae
NC_027357.1,Siphoviridae
NC_027373.1,Siphoviridae
NC_027391.1,Siphoviridae
NC_027400.1,Siphoviridae
NC_027380.1,Siphoviridae
NC_027333.1,Siphoviridae
NC_041955.1,Siphoviridae
NC_027361.1,Siphoviridae
NC_027385.1,Siphoviridae
NC_027401.1,Siphoviridae
NC_027403.1,Siphoviridae
NC_027367.1,Siphoviridae
NC_027294.1,Siphoviridae
NC_027347.1,Siphoviridae
NC_041957.1,Siphoviridae
NC_027386.1,Siphoviridae
NC_027405.1,Siphoviridae
NC_027370.1,Siphoviridae
NC_027295.1,Siphoviridae
NC_027354.1,Siphoviridae
NC_027376.1,Siphoviridae
NC_027334.1,Myoviridae
NC_028917.1,Siphoviridae
NC_028775.1,Siphoviridae
NC_024785.1,Myoviridae
NC_041979.1,Myoviridae
NC_041863.1,Myoviridae
NC_041864.1,Myoviridae
NC_025424.1,Siphoviridae
NC_026016.1,Siphoviridae
NC_027398.1,Podoviridae
NC_029046.1,Siphoviridae
NC_025416.1,Herelleviridae
NC_025426.1,Herelleviridae
NC_027299.1,Podoviridae
NC_026604.1,Siphoviridae
NC_024792.1,Herelleviridae
NC_026597.1,Siphoviridae
NC_027387.1,Autographiviridae
NC_026588.1,Siphoviridae
NC_026584.1,Siphoviridae
NC_028798.1,Siphoviridae
NC_028794.1,Siphoviridae
NC_028872.1,Myoviridae
NC_028912.1,Siphoviridae
NC_028757.1,Siphoviridae
NC_026591.1,Siphoviridae
NC_026596.1,Siphoviridae
NC_049353.1,Siphoviridae
NC_049352.1,Siphoviridae
NC_024791.1,Zobellviridae
NC_025115.1,Myoviridae
NC_027384.1,Siphoviridae
NC_025445.1,Autographiviridae
NC_026593.1,Siphoviridae
NC_026585.1,Siphoviridae
NC_027377.1,Siphoviridae
NC_025451.1,Autographiviridae
NC_026611.1,Myoviridae
NC_027293.1,Myoviridae
NC_027331.1,Myoviridae
NC_026017.1,Siphoviridae
NC_028832.1,Siphoviridae
NC_028923.1,Siphoviridae
NC_028876.2,Siphoviridae
NC_025437.1,Myoviridae
NC_025430.1,Myoviridae
NC_021315.1,Siphoviridae
NC_025442.1,Siphoviridae
NC_028955.1,Myoviridae
NC_025450.1,Autographiviridae
NC_029077.1,Siphoviridae
NC_031258.1,Autographiviridae
NC_031271.1,Autographiviridae
NC_031228.1,Siphoviridae
NC_031250.1,Myoviridae
NC_026602.1,Autographiviridae
NC_026599.1,Podoviridae
NC_026586.1,Myoviridae
NC_026600.1,Myoviridae
NC_026601.1,Siphoviridae
NC_025829.1,Myoviridae
NC_028920.1,Siphoviridae
NC_028823.1,Siphoviridae
NC_028852.1,Siphoviridae
NC_025447.1,Myoviridae
NC_047748.1,Autographiviridae
NC_028779.1,Siphoviridae
NC_029043.2,Siphoviridae
NC_027337.1,Myoviridae
NC_028842.1,Siphoviridae
NC_029098.1,Siphoviridae
NC_027379.1,Autographiviridae
NC_027390.1,Autographiviridae
NC_028877.1,Siphoviridae
NC_027396.1,Siphoviridae
NC_027383.1,Siphoviridae
NC_028953.1,Siphoviridae
NC_030950.1,Siphoviridae
NC_030947.1,Myoviridae
NC_029006.1,Siphoviridae
NC_028991.1,Myoviridae
NC_029004.1,Myoviridae
NC_029022.1,Myoviridae
NC_030949.1,Siphoviridae
NC_030951.1,Myoviridae
NC_027382.1,Myoviridae
NC_027329.1,Myoviridae
NC_028881.1,Myoviridae
NC_028894.1,Myoviridae
NC_028925.1,Myoviridae
NC_028957.1,Myoviridae
NC_029068.1,Siphoviridae
NC_026583.1,Siphoviridae
NC_029059.1,Siphoviridae
NC_026605.1,Siphoviridae
NC_026598.1,Siphoviridae
NC_026589.1,Siphoviridae
NC_029058.1,Herelleviridae
NC_026014.1,Myoviridae
NC_030945.1,Myoviridae
NC_028765.1,Herelleviridae
NC_028962.1,Herelleviridae
NC_029073.1,Siphoviridae
NC_041923.1,Myoviridae
NC_028853.1,Siphoviridae
NC_028898.1,Myoviridae
NC_028743.1,Siphoviridae
NC_047750.1,Myoviridae
NC_028956.1,Siphoviridae
NC_028766.1,Myoviridae
NC_028822.1,Autographiviridae
NC_028863.1,Autographiviridae
NC_029066.1,Siphoviridae
NC_028905.1,Siphoviridae
NC_028958.1,Siphoviridae
NC_029048.2,Siphoviridae
NC_028951.1,Myoviridae
NC_028764.1,Myoviridae
NC_028838.1,Myoviridae
NC_028883.1,Myoviridae
NC_028959.1,Myoviridae
NC_028772.1,Autographiviridae
NC_028984.1,Siphoviridae
NC_028820.1,Myoviridae
NC_028666.1,Siphoviridae
NC_028933.1,Podoviridae
NC_028914.1,Siphoviridae
NC_028663.1,Myoviridae
NC_028768.1,Siphoviridae
NC_028834.1,Siphoviridae
NC_028758.1,Siphoviridae
NC_028788.1,Siphoviridae
NC_029084.1,Siphoviridae
NC_041909.1,Siphoviridae
NC_028854.1,Siphoviridae
NC_042128.1,Myoviridae
NC_028871.1,Siphoviridae
NC_041865.1,Myoviridae
NC_029009.1,Herelleviridae
NC_018854.1,Schitoviridae
NC_028947.1,Siphoviridae
NC_028683.1,Myoviridae
NC_028880.1,Autographiviridae
NC_028786.1,Drexlerviridae
NC_047729.1,Herelleviridae
NC_047730.1,Herelleviridae
NC_028816.1,Autographiviridae
NC_028870.1,Autographiviridae
NC_029021.1,Siphoviridae
NC_029028.1,Siphoviridae
NC_028997.1,Siphoviridae
NC_029025.1,Siphoviridae
NC_028698.1,Siphoviridae
NC_028855.1,Myoviridae
NC_041866.1,Siphoviridae
NC_047747.1,Autographiviridae
NC_047752.1,Myoviridae
NC_028825.1,Myoviridae
NC_028859.1,Siphoviridae
NC_028915.1,Siphoviridae
NC_028916.1,Autographiviridae
NC_028762.1,Myoviridae
NC_028851.1,Siphoviridae
NC_028767.1,Siphoviridae
NC_041867.1,Siphoviridae
NC_028837.1,Siphoviridae
NC_029102.1,Autographiviridae
NC_028795.1,Autographiviridae
NC_049360.1,Siphoviridae
NC_049366.1,Siphoviridae
NC_049356.1,Siphoviridae
NC_049362.1,Siphoviridae
NC_049363.1,Siphoviridae
NC_049357.1,Siphoviridae
NC_049364.1,Siphoviridae
NC_049355.1,Siphoviridae
NC_049367.1,Siphoviridae
NC_049358.1,Siphoviridae
NC_049365.1,Siphoviridae
NC_049359.1,Siphoviridae
NC_049361.1,Siphoviridae
NC_049369.1,Siphoviridae
NC_049368.1,Siphoviridae
NC_049370.1,Siphoviridae
NC_049354.1,Siphoviridae
NC_028919.1,Podoviridae
NC_028836.1,Autographiviridae
NC_028971.1,Myoviridae
NC_028886.1,Siphoviridae
NC_029008.1,Siphoviridae
NC_041868.1,Siphoviridae
NC_028849.1,Siphoviridae
NC_028796.1,Siphoviridae
NC_028928.1,Siphoviridae
NC_029093.1,Siphoviridae
NC_028800.1,Autographiviridae
NC_029030.1,Siphoviridae
NC_031260.1,Siphoviridae
NC_041929.1,Myoviridae
NC_028945.1,Myoviridae
NC_028760.1,Drexlerviridae
NC_029003.2,Myoviridae
NC_028696.2,Podoviridae
NC_028699.1,Myoviridae
NC_029015.2,Myoviridae
NC_047753.1,Myoviridae
NC_031936.1,Siphoviridae
NC_030902.1,Siphoviridae
NC_030939.1,Siphoviridae
NC_030916.1,Siphoviridae
NC_028896.1,Myoviridae
NC_028943.1,Myoviridae
NC_055708.1,Myoviridae
NC_054905.1,Myoviridae
NC_054902.1,Myoviridae
NC_031084.1,Siphoviridae
NC_031119.1,Siphoviridae
NC_031003.1,Siphoviridae
NC_031005.2,Siphoviridae
NC_048632.1,Siphoviridae
NC_029045.1,Siphoviridae
NC_031047.1,Myoviridae
NC_031053.1,Drexlerviridae
NC_031095.1,Myoviridae
NC_027629.1,Siphoviridae
NC_041954.1,Siphoviridae
NC_027625.1,Siphoviridae
NC_027628.1,Siphoviridae
NC_027620.1,Siphoviridae
NC_027630.1,Siphoviridae
NC_027623.2,Siphoviridae
NC_027626.1,Siphoviridae
NC_027624.1,Siphoviridae
NC_027627.1,Siphoviridae
NC_027622.1,Siphoviridae
NC_027621.1,Siphoviridae
NC_029091.1,Myoviridae
NC_041869.1,Myoviridae
NC_028449.1,Podoviridae
NC_041935.1,Podoviridae
NC_028792.1,Siphoviridae
NC_047755.1,Autographiviridae
NC_028977.1,Autographiviridae
NC_028847.1,Myoviridae
NC_028860.1,Siphoviridae
NC_047732.1,Herelleviridae
NC_028802.1,Siphoviridae
NC_028904.1,Siphoviridae
NC_047731.1,Herelleviridae
NC_028937.1,Siphoviridae
NC_028976.1,Siphoviridae
NC_028827.1,Siphoviridae
NC_028862.1,Siphoviridae
NC_041870.1,Myoviridae
NC_028685.1,Podoviridae
NC_028804.1,Siphoviridae
NC_028889.1,Siphoviridae
NC_028815.1,Siphoviridae
NC_028751.1,Siphoviridae
NC_028857.1,Myoviridae
NC_028247.1,Myoviridae
NC_041871.1,Myoviridae
NC_028774.1,Drexlerviridae
NC_029079.1,Siphoviridae
NC_028785.1,Siphoviridae
NC_028892.1,Siphoviridae
NC_042051.1,Siphoviridae
NC_041860.1,Siphoviridae
NC_042052.1,Siphoviridae
NC_028944.1,Herelleviridae
NC_028890.1,Herelleviridae
NC_028967.1,Siphoviridae
NC_028805.1,Siphoviridae
NC_028969.1,Myoviridae
NC_028844.1,Siphoviridae
NC_028946.1,Siphoviridae
NC_028747.1,Siphoviridae
NC_028686.1,Myoviridae
NC_028897.1,Siphoviridae
NC_028965.1,Siphoviridae
NC_028784.1,Siphoviridae
NC_028669.1,Siphoviridae
NC_028810.1,Siphoviridae
NC_028887.1,Herelleviridae
NC_028936.1,Siphoviridae
NC_028843.1,Siphoviridae
NC_028961.1,Siphoviridae
NC_028813.1,Siphoviridae
NC_028778.1,Siphoviridae
NC_028910.1,Siphoviridae
NC_028695.2,Siphoviridae
NC_028688.1,Autographiviridae
NC_028664.1,Autographiviridae
NC_031920.1,Siphoviridae
NC_031901.1,Siphoviridae
NC_031941.1,Siphoviridae
NC_031942.1,Siphoviridae
NC_031929.1,Siphoviridae
NC_031915.1,Siphoviridae
NC_031907.1,Siphoviridae
NC_030946.1,Siphoviridae
NC_028828.1,Siphoviridae
NC_041977.1,Myoviridae
NC_028941.1,Siphoviridae
NC_028697.1,Siphoviridae
NC_053504.1,Siphoviridae
NC_028932.1,Siphoviridae
NC_029083.1,Myoviridae
NC_028930.1,Siphoviridae
NC_028744.1,Siphoviridae
NC_028874.1,Siphoviridae
NC_028960.2,Siphoviridae
NC_031264.1,Siphoviridae
NC_028878.1,Siphoviridae
NC_028759.1,Siphoviridae
NC_028808.2,Myoviridae
NC_028935.2,Myoviridae
NC_028659.1,Myoviridae
NC_028927.1,Myoviridae
NC_028248.1,Myoviridae
NC_042129.1,Myoviridae
NC_042130.1,Myoviridae
NC_028901.1,Siphoviridae
NC_028780.1,Myoviridae
NC_028448.1,Myoviridae
NC_003158.2,Sphaerolipoviridae
NC_048200.1,Autographiviridae
NC_048201.1,Autographiviridae
NC_029119.1,Siphoviridae
NC_028821.1,Siphoviridae
NC_028680.1,Siphoviridae
NC_028655.1,Autographiviridae
NC_048634.1,Siphoviridae
NC_048635.1,Siphoviridae
NC_028888.1,Siphoviridae
NC_028835.1,Siphoviridae
NC_028830.1,Siphoviridae
NC_028783.1,Siphoviridae
NC_028911.1,Siphoviridae
NC_028654.1,Siphoviridae
NC_028678.1,Siphoviridae
NC_028667.1,Siphoviridae
NC_028694.1,Siphoviridae
NC_028670.1,Autographiviridae
NC_028671.2,Siphoviridae
NC_030940.1,Myoviridae
NC_028687.1,Siphoviridae
NC_028657.1,Siphoviridae
NC_028661.1,Autographiviridae
NC_031943.1,Autographiviridae
NC_047760.1,Siphoviridae
NC_048633.1,Siphoviridae
NC_047761.1,Autographiviridae
NC_041873.1,Drexlerviridae
NC_030904.1,Siphoviridae
NC_030920.1,Herelleviridae
NC_030929.1,Siphoviridae
NC_030908.1,Siphoviridae
NC_030918.1,Siphoviridae
NC_030909.1,Siphoviridae
NC_030934.1,Myoviridae
NC_042054.1,Myoviridae
NC_031279.1,Siphoviridae
NC_047929.1,Autographiviridae
NC_031937.1,Autographiviridae
NC_031117.1,Myoviridae
NC_031056.1,Herelleviridae
NC_031238.1,Siphoviridae
NC_031241.1,Siphoviridae
NC_031911.1,Siphoviridae
NC_031926.1,Siphoviridae
NC_049925.1,Podoviridae
NC_049922.1,Podoviridae
NC_030925.1,Herelleviridae
NC_031246.1,Autographiviridae
NC_031257.1,Siphoviridae
NC_031066.1,Autographiviridae
NC_031092.1,Autographiviridae
NC_031123.1,Autographiviridae
NC_031018.1,Autographiviridae
NC_031006.1,Herelleviridae
NC_031070.1,Herelleviridae
NC_031037.1,Herelleviridae
NC_031049.1,Herelleviridae
NC_031100.1,Herelleviridae
NC_031027.1,Herelleviridae
NC_031116.1,Herelleviridae
NC_049975.1,Salasmaviridae
NC_030919.1,Podoviridae
NC_031918.1,Siphoviridae
NC_031940.1,Myoviridae
NC_031946.1,Podoviridae
NC_031930.1,Siphoviridae
NC_031921.1,Siphoviridae
NC_031069.1,Siphoviridae
NC_031094.1,Siphoviridae
NC_047763.1,Siphoviridae
NC_031023.1,Siphoviridae
NC_031125.1,Siphoviridae
NC_031036.1,Siphoviridae
NC_031944.1,Myoviridae
NC_031935.1,Myoviridae
NC_031262.1,Siphoviridae
NC_031065.1,Myoviridae
NC_031016.1,Siphoviridae
NC_031256.1,Siphoviridae
NC_031277.1,Siphoviridae
NC_031008.1,Rountreeviridae
NC_031281.1,Siphoviridae
NC_031243.1,Siphoviridae
NC_041882.1,Siphoviridae
NC_042055.1,Siphoviridae
NC_031266.1,Siphoviridae
NC_041883.1,Siphoviridae
NC_031226.1,Siphoviridae
NC_031265.1,Siphoviridae
NC_031233.1,Siphoviridae
NC_031267.1,Siphoviridae
NC_031061.1,Siphoviridae
NC_031237.1,Siphoviridae
NC_031255.2,Siphoviridae
NC_031251.1,Siphoviridae
NC_031249.1,Siphoviridae
NC_031269.1,Siphoviridae
NC_031263.1,Siphoviridae
NC_031261.1,Siphoviridae
NC_031026.1,Drexlerviridae
NC_031034.1,Herelleviridae
NC_031114.1,Autographiviridae
NC_031101.1,Siphoviridae
NC_031030.2,Myoviridae
NC_054929.1,Myoviridae
NC_047858.1,Autographiviridae
NC_031934.1,Myoviridae
NC_031928.1,Myoviridae
NC_030943.1,Siphoviridae
NC_030930.1,Siphoviridae
NC_030942.1,Siphoviridae
NC_030695.1,Siphoviridae
NC_030912.1,Siphoviridae
NC_030917.1,Siphoviridae
NC_030694.1,Siphoviridae
NC_030698.1,Siphoviridae
NC_030921.1,Siphoviridae
NC_030913.1,Siphoviridae
NC_031076.1,Siphoviridae
NC_031108.1,Siphoviridae
NC_048636.1,Siphoviridae
NC_031050.1,Drexlerviridae
NC_031024.1,Herelleviridae
NC_031087.1,Myoviridae
NC_031115.1,Autographiviridae
NC_031020.1,Myoviridae
NC_031098.1,Siphoviridae
NC_047766.1,Autographiviridae
NC_031062.2,Schitoviridae
NC_031025.1,Autographiviridae
NC_049920.1,Podoviridae
NC_049921.1,Podoviridae
NC_031925.1,Siphoviridae
NC_031939.1,Myoviridae
NC_031071.1,Siphoviridae
NC_031009.1,Siphoviridae
NC_031075.1,Siphoviridae
NC_031002.1,Siphoviridae
NC_031044.1,Siphoviridae
NC_031085.1,Myoviridae
NC_030953.1,Myoviridae
NC_031011.1,Myoviridae
NC_031090.1,Myoviridae
NC_031048.1,Myoviridae
NC_031077.1,Podoviridae
NC_031021.1,Siphoviridae
NC_048642.1,Myoviridae
NC_048643.1,Myoviridae
NC_048641.1,Siphoviridae
NC_031055.1,Siphoviridae
NC_048640.1,Siphoviridae
NC_047767.1,Herelleviridae
NC_049810.1,Siphoviridae
NC_049811.1,Siphoviridae
NC_031013.1,Siphoviridae
NC_031040.1,Siphoviridae
NC_031017.1,Siphoviridae
NC_031064.1,Siphoviridae
NC_048667.1,Siphoviridae
NC_031059.1,Siphoviridae
NC_031124.1,Siphoviridae
NC_031078.1,Siphoviridae
NC_031067.1,Siphoviridae
NC_031041.1,Siphoviridae
NC_031111.1,Siphoviridae
NC_031068.2,Autographiviridae
NC_031924.1,Siphoviridae
NC_031082.1,Myoviridae
NC_054681.1,Siphoviridae
NC_031012.1,Herelleviridae
NC_031054.1,Herelleviridae
NC_031032.1,Salasmaviridae
NC_049373.1,Siphoviridae
NC_049376.1,Siphoviridae
NC_049375.1,Siphoviridae
NC_047928.1,Pleolipoviridae
NC_049383.1,Myoviridae
NC_048066.1,Myoviridae
NC_047771.1,Autographiviridae
NC_031081.1,Siphoviridae
NC_031113.1,Siphoviridae
NC_031903.1,Myoviridae
NC_055710.1,Myoviridae
NC_031906.1,Myoviridae
NC_031900.1,Myoviridae
NC_031922.1,Myoviridae
NC_031126.1,Myoviridae
NC_031127.1,Myoviridae
NC_042056.1,Myoviridae
NC_031120.1,Myoviridae
NC_031072.1,Siphoviridae
NC_031118.1,Siphoviridae
NC_031029.1,Siphoviridae
NC_031122.1,Siphoviridae
NC_031099.1,Siphoviridae
NC_031060.1,Siphoviridae
NC_031004.1,Siphoviridae
NC_031031.1,Siphoviridae
NC_041886.1,Siphoviridae
NC_031052.1,Siphoviridae
NC_031097.1,Siphoviridae
NC_030884.1,Rudiviridae
NC_047772.1,Autographiviridae
NC_047773.1,Autographiviridae
NC_047774.1,Autographiviridae
NC_047775.1,Myoviridae
NC_054772.1,Siphoviridae
NC_041888.1,Siphoviridae
NC_051672.1,Siphoviridae
NC_047857.1,Autographiviridae
NC_041890.1,Siphoviridae
NC_041891.1,Siphoviridae
NC_041892.1,Siphoviridae
NC_041893.1,Siphoviridae
NC_041894.1,Siphoviridae
NC_041895.1,Siphoviridae
NC_054986.1,Siphoviridae
NC_054803.1,Siphoviridae
NC_054794.1,Siphoviridae
NC_047777.1,Autographiviridae
NC_054988.1,Siphoviridae
NC_048648.1,Siphoviridae
NC_049378.1,Ackermannviridae
NC_051719.1,Siphoviridae
NC_047779.1,Autographiviridae
NC_047780.1,Autographiviridae
NC_047781.1,Autographiviridae
NC_047782.1,Autographiviridae
NC_048656.1,Myoviridae
NC_049959.1,Salasmaviridae
NC_047783.1,Autographiviridae
NC_047784.1,Drexlerviridae
NC_041900.1,Myoviridae
NC_047875.1,Podoviridae
NC_054785.1,Siphoviridae
NC_051713.1,Siphoviridae
NC_047785.1,Drexlerviridae
NC_054942.1,Myoviridae
NC_048651.1,Siphoviridae
NC_047786.1,Siphoviridae
NC_051654.1,Siphoviridae
NC_055024.1,Siphoviridae
NC_041902.1,Myoviridae
NC_055715.1,Myoviridae
NC_047787.1,Autographiviridae
NC_047788.1,Rountreeviridae
NC_012638.1,Myoviridae
NC_047789.1,Autographiviridae
NC_047790.1,Myoviridae
NC_054796.1,Siphoviridae
NC_047792.1,Siphoviridae
NC_047793.1,Siphoviridae
NC_047794.1,Siphoviridae
NC_047795.1,Siphoviridae
NC_055042.1,Siphoviridae
NC_007291.1,Drexlerviridae
NC_005833.1,Drexlerviridae
NC_047796.1,Herelleviridae
NC_053515.1,Siphoviridae
NC_054799.1,Siphoviridae
NC_048737.1,Siphoviridae
NC_054935.2,Myoviridae
NC_047804.1,Autographiviridae
NC_051638.1,Siphoviridae
NC_048652.1,Herelleviridae
NC_047806.1,Autographiviridae
NC_047808.1,Autographiviridae
NC_047809.1,Autographiviridae
NC_047810.1,Drexlerviridae
NC_047811.1,Autographiviridae
NC_047812.1,Drexlerviridae
NC_042346.1,Podoviridae
NC_048644.1,Siphoviridae
NC_033775.1,Marseilleviridae
NC_047813.1,Rountreeviridae
NC_048655.1,Siphoviridae
NC_047814.1,Rountreeviridae
NC_047980.1,Autographiviridae
NC_047816.1,Autographiviridae
NC_047817.1,Myoviridae
NC_047818.1,Myoviridae
NC_047952.1,Autographiviridae
NC_041922.1,Myoviridae
NC_041924.1,Myoviridae
NC_049854.1,Siphoviridae
NC_049855.1,Siphoviridae
NC_049381.1,Siphoviridae
NC_055036.1,Siphoviridae
NC_048657.1,Siphoviridae
NC_048658.1,Siphoviridae
NC_041926.1,Myoviridae
NC_047825.1,Drexlerviridae
NC_054645.1,Siphoviridae
NC_047943.1,Pleolipoviridae
NC_041936.1,Myoviridae
NC_041937.1,Myoviridae
NC_047826.1,Autographiviridae
NC_047827.1,Autographiviridae
NC_041966.1,Myoviridae
NC_049962.1,Salasmaviridae
NC_049918.1,Podoviridae
NC_047828.1,Drexlerviridae
NC_055720.1,Myoviridae
NC_055719.1,Myoviridae
NC_054811.1,Siphoviridae
NC_054759.1,Siphoviridae
NC_048055.1,Autographiviridae
NC_047829.1,Autographiviridae
NC_042140.1,Herelleviridae
NC_047968.1,Autographiviridae
NC_047969.1,Autographiviridae
NC_047970.1,Autographiviridae
NC_047971.1,Autographiviridae
NC_041990.1,Myoviridae
NC_047830.1,Chaseviridae
NC_041995.1,Drexlerviridae
NC_041996.1,Myoviridae
NC_055728.1,Myoviridae
NC_050154.1,Myoviridae
NC_047833.1,Myoviridae
NC_041998.1,Myoviridae
NC_049926.1,Siphoviridae
NC_053508.1,Siphoviridae
NC_051732.1,Siphoviridae
NC_053507.1,Siphoviridae
NC_042139.2,Siphoviridae
NC_051734.1,Siphoviridae
NC_051598.1,Siphoviridae
NC_053505.1,Siphoviridae
NC_049965.1,Salasmaviridae
NC_049963.1,Salasmaviridae
NC_049964.1,Salasmaviridae
NC_051711.1,Siphoviridae
NC_042008.1,Siphoviridae
NC_042009.1,Siphoviridae
NC_042010.1,Siphoviridae
NC_042011.1,Siphoviridae
NC_042012.1,Siphoviridae
NC_047838.1,Myoviridae
NC_055020.1,Siphoviridae
NC_048670.1,Siphoviridae
NC_047841.1,Drexlerviridae
NC_052988.1,Siphoviridae
NC_047842.1,Autographiviridae
NC_047843.1,Autographiviridae
NC_047844.1,Autographiviridae
NC_054812.1,Siphoviridae
NC_054793.1,Siphoviridae
NC_051737.1,Siphoviridae
NC_054791.1,Siphoviridae
NC_042075.1,Myoviridae
NC_042076.1,Myoviridae
NC_042077.1,Myoviridae
NC_042078.1,Myoviridae
NC_047847.1,Drexlerviridae
NC_047998.1,Drexlerviridae
NC_047848.1,Drexlerviridae
NC_042017.1,Myoviridae
NC_042039.1,Myoviridae
NC_054941.1,Myoviridae
NC_054992.1,Siphoviridae
NC_054993.1,Siphoviridae
NC_054996.1,Siphoviridae
NC_054997.1,Siphoviridae
NC_054998.1,Siphoviridae
NC_055727.1,Myoviridae
NC_054909.1,Myoviridae
NC_054911.1,Myoviridae
NC_054936.1,Myoviridae
NC_048132.1,Drexlerviridae
NC_049416.1,Siphoviridae
NC_047849.1,Autographiviridae
NC_047850.1,Drexlerviridae
NC_049417.1,Siphoviridae
NC_049418.1,Siphoviridae
NC_049419.1,Siphoviridae
NC_049420.1,Siphoviridae
NC_049421.1,Siphoviridae
NC_049422.1,Siphoviridae
NC_049423.1,Siphoviridae
NC_049424.1,Siphoviridae
NC_047851.1,Siphoviridae
NC_051653.1,Siphoviridae
NC_054714.1,Myoviridae
NC_051704.1,Siphoviridae
NC_051717.1,Siphoviridae
NC_055045.1,Siphoviridae
NC_054983.1,Siphoviridae
NC_047861.1,Myoviridae
NC_049397.1,Siphoviridae
NC_049398.1,Siphoviridae
NC_049399.1,Siphoviridae
NC_049400.1,Siphoviridae
NC_049401.1,Siphoviridae
NC_049403.1,Siphoviridae
NC_049404.1,Siphoviridae
NC_049405.1,Siphoviridae
NC_049406.1,Siphoviridae
NC_049407.1,Siphoviridae
NC_049408.1,Siphoviridae
NC_049409.1,Siphoviridae
NC_049410.1,Siphoviridae
NC_049411.1,Siphoviridae
NC_049412.1,Siphoviridae
NC_049413.1,Siphoviridae
NC_049414.1,Siphoviridae
NC_049415.1,Siphoviridae
NC_042079.1,Myoviridae
NC_042080.1,Myoviridae
NC_048625.1,Siphoviridae
NC_054664.1,Siphoviridae
NC_054668.1,Siphoviridae
NC_054663.1,Siphoviridae
NC_054665.1,Siphoviridae
NC_047862.1,Podoviridae
NC_042041.1,Myoviridae
NC_048676.1,Myoviridae
NC_042081.1,Myoviridae
NC_042042.1,Siphoviridae
NC_042044.1,Myoviridae
NC_048680.1,Siphoviridae
NC_047886.1,Autographiviridae
NC_054805.1,Siphoviridae
NC_051736.1,Siphoviridae
NC_054795.1,Siphoviridae
NC_054804.1,Siphoviridae
NC_051722.1,Siphoviridae
NC_051696.1,Siphoviridae
NC_048071.1,Autographiviridae
NC_047889.1,Autographiviridae
NC_042084.1,Siphoviridae
NC_047891.1,Siphoviridae
NC_054452.1,Siphoviridae
NC_054778.1,Siphoviridae
NC_054782.1,Siphoviridae
NC_054449.1,Siphoviridae
NC_047893.1,Drexlerviridae
NC_047983.1,Myoviridae
NC_048683.1,Siphoviridae
NC_042091.1,Siphoviridae
NC_042116.1,Myoviridae
NC_047934.1,Autographiviridae
NC_047937.1,Autographiviridae
NC_055724.1,Myoviridae
NC_055723.1,Myoviridae
NC_048105.1,Autographiviridae
NC_044940.1,Myoviridae
NC_047895.1,Autographiviridae
NC_048106.1,Myoviridae
NC_054677.1,Siphoviridae
NC_047897.1,Siphoviridae
NC_047898.1,Drexlerviridae
NC_047899.1,Autographiviridae
NC_048682.1,Myoviridae
NC_049425.1,Siphoviridae
NC_049426.1,Siphoviridae
NC_054974.1,Siphoviridae
NC_047904.1,Siphoviridae
NC_047905.1,Siphoviridae
NC_054662.1,Siphoviridae
NC_047906.1,Siphoviridae
NC_042096.1,Myoviridae
NC_042097.1,Myoviridae
NC_054930.1,Myoviridae
NC_054931.1,Myoviridae
NC_047907.1,Drexlerviridae
NC_055049.1,Siphoviridae
NC_048681.1,Siphoviridae
NC_055047.1,Siphoviridae
NC_055046.1,Siphoviridae
NC_055048.1,Siphoviridae
NC_055737.1,Myoviridae
NC_055038.1,Siphoviridae
NC_047908.1,Autographiviridae
NC_048694.1,Myoviridae
NC_047909.1,Myoviridae
NC_047910.1,Myoviridae
NC_047911.1,Myoviridae
NC_047912.1,Siphoviridae
NC_047913.1,Myoviridae
NC_047914.1,Myoviridae
NC_047915.1,Myoviridae
NC_047916.1,Siphoviridae
NC_054984.1,Siphoviridae
NC_048692.1,Siphoviridae
NC_048693.1,Siphoviridae
NC_048689.1,Siphoviridae
NC_048690.1,Siphoviridae
NC_048691.1,Siphoviridae
NC_047919.1,Rountreeviridae
NC_054792.1,Siphoviridae
NC_055707.1,Siphoviridae
NC_054788.1,Siphoviridae
NC_049432.1,Myoviridae
NC_047920.1,Autographiviridae
NC_054899.1,Myoviridae
NC_049434.1,Siphoviridae
NC_051693.1,Siphoviridae
NC_051725.1,Siphoviridae
NC_047922.1,Autographiviridae
NC_042103.1,Podoviridae
NC_054914.1,Myoviridae
NC_047923.1,Autographiviridae
NC_052987.1,Siphoviridae
NC_042106.1,Siphoviridae
NC_047924.1,Herelleviridae
NC_047925.1,Siphoviridae
NC_047927.1,Autographiviridae
NC_042107.1,Podoviridae
NC_047933.1,Autographiviridae
NC_054916.1,Myoviridae
NC_051702.1,Siphoviridae
NC_055721.1,Myoviridae
NC_048701.1,Siphoviridae
NC_047942.1,Autographiviridae
NC_047944.1,Autographiviridae
NC_049843.1,Drexlerviridae
NC_048699.1,Myoviridae
NC_048700.1,Schitoviridae
NC_055761.1,Myoviridae
NC_049919.1,Podoviridae
NC_042123.1,Siphoviridae
NC_054671.1,Siphoviridae
NC_055739.1,Myoviridae
NC_048159.1,Rountreeviridae
NC_042025.1,Siphoviridae
NC_047958.1,Podoviridae
NC_048160.1,Pleolipoviridae
NC_054773.1,Siphoviridae
NC_047948.1,Herelleviridae
NC_051634.1,Siphoviridae
NC_054774.1,Siphoviridae
NC_054637.1,Siphoviridae
NC_054809.1,Siphoviridae
NC_051695.1,Siphoviridae
NC_047947.1,Drexlerviridae
NC_048103.1,Autographiviridae
NC_047953.1,Autographiviridae
NC_051647.1,Siphoviridae
NC_051682.1,Siphoviridae
NC_048705.1,Siphoviridae
NC_055743.1,Myoviridae
NC_047959.1,Drexlerviridae
NC_055740.1,Myoviridae
NC_055741.1,Myoviridae
NC_054904.1,Myoviridae
NC_055742.1,Myoviridae
NC_055744.1,Myoviridae
NC_047996.1,Drexlerviridae
NC_047874.1,Autographiviridae
NC_051740.1,Siphoviridae
NC_049511.1,Myoviridae
NC_049510.1,Schitoviridae
NC_050153.1,Myoviridae
NC_054680.1,Siphoviridae
NC_055745.1,Siphoviridae
NC_047972.1,Siphoviridae
NC_047974.1,Siphoviridae
NC_051636.1,Siphoviridae
NC_051681.1,Siphoviridae
NC_047976.1,Siphoviridae
NC_054781.1,Siphoviridae
NC_054925.1,Myoviridae
NC_048161.1,Autographiviridae
NC_047994.1,Myoviridae
NC_054656.1,Siphoviridae
NC_047987.1,Siphoviridae
NC_047988.1,Siphoviridae
NC_047993.1,Siphoviridae
NC_047989.1,Siphoviridae
NC_050145.1,Myoviridae
NC_054923.1,Myoviridae
NC_047985.1,Drexlerviridae
NC_054639.1,Siphoviridae
NC_055748.1,Myoviridae
NC_055749.1,Myoviridae
NC_048717.1,Siphoviridae
NC_048718.1,Siphoviridae
NC_055028.1,Siphoviridae
NC_048715.1,Siphoviridae
NC_048716.1,Siphoviridae
NC_054985.1,Siphoviridae
NC_048714.1,Siphoviridae
NC_055757.1,Myoviridae
NC_054787.1,Siphoviridae
NC_048018.1,Siphoviridae
NC_055754.1,Siphoviridae
NC_048019.1,Siphoviridae
NC_051694.1,Siphoviridae
NC_051706.1,Siphoviridae
NC_055751.1,Siphoviridae
NC_055752.1,Siphoviridae
NC_042067.1,Myoviridae
NC_047823.1,Drexlerviridae
NC_048014.1,Autographiviridae
NC_048049.1,Myoviridae
NC_048004.1,Autographiviridae
NC_048710.1,Siphoviridae
NC_048711.1,Siphoviridae
NC_048024.1,Drexlerviridae
NC_048713.1,Siphoviridae
NC_049438.1,Myoviridae
NC_048025.1,Autographiviridae
NC_048023.1,Autographiviridae
NC_055031.1,Siphoviridae
NC_049951.1,Siphoviridae
NC_048129.1,Autographiviridae
NC_048131.1,Autographiviridae
NC_048130.1,Autographiviridae
NC_051665.1,Siphoviridae
NC_048197.1,Siphoviridae
NC_053510.1,Siphoviridae
NC_048721.1,Siphoviridae
NC_048722.1,Siphoviridae
NC_048020.1,Siphoviridae
NC_051664.1,Siphoviridae
NC_051675.1,Siphoviridae
NC_051680.1,Siphoviridae
NC_048724.1,Siphoviridae
NC_048723.1,Siphoviridae
NC_048126.1,Drexlerviridae
NC_054455.1,Siphoviridae
NC_054450.1,Siphoviridae
NC_055765.1,Siphoviridae
NC_051652.1,Siphoviridae
NC_051663.1,Siphoviridae
NC_051669.1,Siphoviridae
NC_051703.1,Siphoviridae
NC_051710.1,Siphoviridae
NC_054661.1,Siphoviridae
NC_048070.1,Siphoviridae
NC_048069.1,Siphoviridae
NC_054798.1,Siphoviridae
NC_051661.1,Siphoviridae
NC_048730.1,Siphoviridae
NC_048063.1,Autographiviridae
NC_049441.1,Myoviridae
NC_048044.1,Drexlerviridae
NC_048043.1,Drexlerviridae
NC_048042.1,Drexlerviridae
NC_053237.1,Siphoviridae
NC_048040.1,Siphoviridae
NC_055762.1,Siphoviridae
NC_048039.1,Siphoviridae
NC_051676.1,Siphoviridae
NC_051639.1,Siphoviridae
NC_051593.1,Siphoviridae
NC_051691.1,Siphoviridae
NC_054670.1,Siphoviridae
NC_054644.1,Siphoviridae
NC_054999.1,Siphoviridae
NC_055003.1,Siphoviridae
NC_055005.1,Siphoviridae
NC_055000.1,Siphoviridae
NC_055001.1,Siphoviridae
NC_055002.1,Siphoviridae
NC_055004.1,Siphoviridae
NC_048744.1,Myoviridae
NC_049966.1,Salasmaviridae
NC_048082.1,Autographiviridae
NC_048732.1,Siphoviridae
NC_048084.1,Herelleviridae
NC_048085.1,Herelleviridae
NC_048083.1,Siphoviridae
NC_054439.1,Siphoviridae
NC_054928.1,Myoviridae
NC_051633.1,Siphoviridae
NC_048064.1,Autographiviridae
NC_048065.1,Drexlerviridae
NC_055768.1,Myoviridae
NC_051683.1,Siphoviridae
NC_048072.1,Siphoviridae
NC_048087.1,Herelleviridae
NC_048727.1,Siphoviridae
NC_054944.1,Myoviridae
NC_048108.1,Autographiviridae
NC_049429.1,Myoviridae
NC_055734.1,Myoviridae
NC_054651.1,Siphoviridae
NC_048079.1,Autographiviridae
NC_048078.1,Autographiviridae
NC_048162.1,Drexlerviridae
NC_054643.1,Siphoviridae
NC_053000.1,Siphoviridae
NC_054640.1,Siphoviridae
NC_048204.1,Drexlerviridae
NC_048206.1,Drexlerviridae
NC_054464.1,Myoviridae
NC_048091.1,Siphoviridae
NC_048092.1,Siphoviridae
NC_048093.1,Siphoviridae
NC_048094.1,Siphoviridae
NC_048095.1,Siphoviridae
NC_048096.1,Siphoviridae
NC_048097.1,Siphoviridae
NC_051678.1,Siphoviridae
NC_055780.1,Myoviridae
NC_054642.1,Siphoviridae
NC_055781.1,Myoviridae
NC_048168.1,Autographiviridae
NC_048135.1,Autographiviridae
NC_048741.1,Myoviridae
NC_048109.1,Myoviridae
NC_053239.1,Siphoviridae
NC_053238.1,Siphoviridae
NC_053234.1,Siphoviridae
NC_055777.1,Siphoviridae
NC_048107.1,Rountreeviridae
NC_051657.1,Siphoviridae
NC_051718.1,Siphoviridae
NC_048102.1,Myoviridae
NC_048112.1,Podoviridae
NC_054808.1,Siphoviridae
NC_048113.1,Siphoviridae
NC_048114.1,Autographiviridae
NC_051720.1,Siphoviridae
NC_055019.1,Siphoviridae
NC_054980.1,Siphoviridae
NC_055021.1,Siphoviridae
NC_055022.1,Siphoviridae
NC_055023.1,Siphoviridae
NC_048088.1,Drexlerviridae
NC_047960.1,Drexlerviridae
NC_047820.1,Drexlerviridae
NC_048202.1,Drexlerviridae
NC_047938.1,Drexlerviridae
NC_054953.1,Myoviridae
NC_048626.1,Myoviridae
NC_048136.1,Autographiviridae
NC_048140.1,Siphoviridae
NC_048141.1,Siphoviridae
NC_054814.1,Siphoviridae
NC_054761.1,Siphoviridae
NC_055782.1,Myoviridae
NC_054652.1,Siphoviridae
NC_054979.1,Siphoviridae
NC_054813.1,Siphoviridae
NC_055783.1,Myoviridae
NC_055785.1,Siphoviridae
NC_051699.1,Siphoviridae
NC_048153.1,Siphoviridae
NC_055786.1,Siphoviridae
NC_049967.1,Salasmaviridae
NC_049968.1,Salasmaviridae
NC_049969.1,Salasmaviridae
NC_054991.1,Siphoviridae
NC_049446.1,Siphoviridae
NC_048143.1,Drexlerviridae
NC_054918.1,Myoviridae
NC_054917.1,Myoviridae
NC_054919.1,Myoviridae
NC_048170.1,Myoviridae
NC_055787.1,Siphoviridae
NC_054780.1,Siphoviridae
NC_048208.1,Drexlerviridae
NC_048750.1,Siphoviridae
NC_048146.1,Siphoviridae
NC_054926.1,Myoviridae
NC_054915.1,Myoviridae
NC_054922.1,Myoviridae
NC_054920.1,Myoviridae
NC_049822.1,Drexlerviridae
NC_048745.1,Myoviridae
NC_055039.1,Siphoviridae
NC_048192.1,Siphoviridae
NC_049454.1,Myoviridae
NC_049453.1,Myoviridae
NC_049452.1,Myoviridae
NC_049451.1,Myoviridae
NC_049450.1,Myoviridae
NC_049448.1,Myoviridae
NC_049449.1,Myoviridae
NC_054660.1,Siphoviridae
NC_048154.1,Siphoviridae
NC_048155.1,Siphoviridae
NC_055792.1,Siphoviridae
NC_051625.1,Siphoviridae
NC_051731.1,Siphoviridae
NC_054802.1,Siphoviridae
NC_054786.1,Siphoviridae
NC_054775.1,Siphoviridae
NC_055790.1,Siphoviridae
NC_051714.1,Siphoviridae
NC_055791.1,Siphoviridae
NC_048163.1,Autographiviridae
NC_048164.1,Autographiviridae
NC_049840.1,Drexlerviridae
NC_048169.1,Siphoviridae
NC_048165.1,Siphoviridae
NC_051656.1,Siphoviridae
NC_054451.1,Siphoviridae
NC_054784.1,Siphoviridae
NC_054770.1,Siphoviridae
NC_054666.1,Siphoviridae
NC_048174.1,Autographiviridae
NC_048171.1,Autographiviridae
NC_048172.1,Autographiviridae
NC_049340.1,Myoviridae
NC_048758.1,Podoviridae
NC_054982.1,Siphoviridae
NC_048756.1,Siphoviridae
NC_048180.1,Autographiviridae
NC_048179.1,Myoviridae
NC_048175.1,Autographiviridae
NC_048176.1,Siphoviridae
NC_048177.1,Autographiviridae
NC_054973.1,Siphoviridae
NC_048178.1,Podoviridae
NC_054647.1,Siphoviridae
NC_048662.1,Myoviridae
NC_048663.1,Myoviridae
NC_055793.1,Myoviridae
NC_048181.1,Siphoviridae
NC_048762.1,Siphoviridae
NC_054650.1,Siphoviridae
NC_053174.1,Siphoviridae
NC_054801.1,Siphoviridae
NC_048185.1,Siphoviridae
NC_055795.1,Siphoviridae
NC_051735.1,Siphoviridae
NC_054893.1,Drexlerviridae
NC_048763.1,Myoviridae
NC_048764.1,Myoviridae
NC_051733.1,Siphoviridae
NC_049457.1,Myoviridae
NC_049813.1,Drexlerviridae
NC_054910.1,Myoviridae
NC_049846.1,Drexlerviridae
NC_049847.1,Drexlerviridae
NC_049841.1,Drexlerviridae
NC_049839.1,Drexlerviridae
NC_048765.1,Ackermannviridae
NC_051700.1,Siphoviridae
NC_054895.1,Drexlerviridae
NC_048798.1,Myoviridae
NC_055044.1,Siphoviridae
NC_054976.1,Siphoviridae
NC_055798.1,Siphoviridae
NC_055797.1,Siphoviridae
NC_055799.1,Siphoviridae
NC_055796.1,Siphoviridae
NC_048793.1,Siphoviridae
NC_055810.1,Siphoviridae
NC_048791.1,Siphoviridae
NC_048787.1,Siphoviridae
NC_048790.1,Siphoviridae
NC_048789.1,Siphoviridae
NC_054453.1,Siphoviridae
NC_048788.1,Siphoviridae
NC_055809.1,Siphoviridae
NC_054894.1,Drexlerviridae
NC_048799.1,Chaseviridae
NC_049917.1,Podoviridae
NC_050148.1,Myoviridae
NC_055811.1,Siphoviridae
NC_054760.1,Siphoviridae
NC_054655.1,Siphoviridae
NC_054939.1,Myoviridae
NC_049814.1,Drexlerviridae
NC_054806.1,Siphoviridae
NC_055802.1,Rountreeviridae
NC_055805.1,Siphoviridae
NC_053240.1,Siphoviridae
NC_051679.1,Siphoviridae
NC_048782.1,Siphoviridae
NC_048784.1,Siphoviridae
NC_048780.1,Siphoviridae
NC_055804.1,Siphoviridae
NC_055803.1,Siphoviridae
NC_054727.1,Myoviridae
NC_049835.1,Drexlerviridae
NC_049837.1,Drexlerviridae
NC_049836.1,Drexlerviridae
NC_049833.1,Drexlerviridae
NC_049834.1,Drexlerviridae
NC_054892.1,Drexlerviridae
NC_054989.1,Siphoviridae
NC_049461.1,Myoviridae
NC_049460.1,Myoviridae
NC_049459.1,Myoviridae
NC_051649.1,Siphoviridae
NC_055812.1,Siphoviridae
NC_051739.1,Siphoviridae
NC_054776.1,Siphoviridae
NC_055813.1,Siphoviridae
NC_054678.1,Siphoviridae
NC_048797.1,Herelleviridae
NC_049853.1,Drexlerviridae
NC_055025.1,Siphoviridae
NC_049469.1,Schitoviridae
NC_049470.1,Siphoviridae
NC_053173.1,Siphoviridae
NC_053511.1,Siphoviridae
NC_051738.1,Siphoviridae
NC_053509.1,Siphoviridae
NC_055815.1,Siphoviridae
NC_051630.1,Siphoviridae
NC_054669.1,Siphoviridae
NC_054433.1,Siphoviridae
NC_048805.1,Siphoviridae
NC_048806.1,Myoviridae
NC_048807.1,Myoviridae
NC_049464.1,Myoviridae
NC_048810.1,Siphoviridae
NC_054675.1,Siphoviridae
NC_049831.1,Drexlerviridae
NC_052984.1,Siphoviridae
NC_055016.1,Siphoviridae
NC_049838.1,Drexlerviridae
NC_055814.1,Rountreeviridae
NC_055817.1,Siphoviridae
NC_051690.1,Siphoviridae
NC_055816.1,Siphoviridae
NC_048816.1,Siphoviridae
NC_048817.1,Siphoviridae
NC_055822.1,Siphoviridae
NC_051684.1,Siphoviridae
NC_051685.1,Siphoviridae
NC_054937.1,Myoviridae
NC_049478.1,Siphoviridae
NC_048822.1,Siphoviridae
NC_048825.1,Siphoviridae
NC_054726.1,Myoviridae
NC_048823.1,Siphoviridae
NC_051729.1,Siphoviridae
NC_051635.1,Siphoviridae
NC_054779.1,Siphoviridae
NC_054807.1,Siphoviridae
NC_051642.1,Siphoviridae
NC_051651.1,Siphoviridae
NC_055825.1,Siphoviridae
NC_054783.1,Siphoviridae
NC_053013.1,Siphoviridae
NC_049477.1,Myoviridae
NC_049812.1,Siphoviridae
NC_049474.1,Siphoviridae
NC_049476.1,Siphoviridae
NC_049475.1,Siphoviridae
NC_054987.1,Siphoviridae
NC_054777.1,Siphoviridae
NC_055827.1,Siphoviridae
NC_049479.1,Myoviridae
NC_055006.1,Siphoviridae
NC_055012.1,Siphoviridae
NC_055014.1,Siphoviridae
NC_055007.1,Siphoviridae
NC_049481.1,Siphoviridae
NC_049482.1,Siphoviridae
NC_049483.1,Siphoviridae
NC_049484.1,Siphoviridae
NC_049486.1,Siphoviridae
NC_049487.1,Siphoviridae
NC_049488.1,Siphoviridae
NC_055010.1,Siphoviridae
NC_055017.1,Siphoviridae
NC_049848.1,Drexlerviridae
NC_048828.1,Myoviridae
NC_054975.1,Siphoviridae
NC_005056.1,Myoviridae
NC_000929.1,Myoviridae
NC_011614.1,Siphoviridae
NC_016161.1,Siphoviridae
NC_008196.1,Siphoviridae
NC_001317.1,Myoviridae
NC_049952.1,Siphoviridae
NC_049954.1,Siphoviridae
NC_049946.1,Siphoviridae
NC_054646.1,Siphoviridae
NC_054815.1,Siphoviridae
NC_051728.1,Siphoviridae
NC_049842.1,Drexlerviridae
NC_054797.1,Siphoviridae
NC_048832.1,Siphoviridae
NC_048834.1,Siphoviridae
NC_048835.1,Siphoviridae
NC_048836.1,Siphoviridae
NC_048839.1,Siphoviridae
NC_048840.1,Siphoviridae
NC_048841.1,Siphoviridae
NC_049493.1,Myoviridae
NC_049490.1,Myoviridae
NC_049492.1,Myoviridae
NC_049491.1,Myoviridae
NC_048827.1,Ackermannviridae
NC_049845.1,Drexlerviridae
NC_049494.1,Myoviridae
NC_054945.1,Myoviridae
NC_049392.1,Myoviridae
NC_049394.1,Myoviridae
NC_049393.1,Myoviridae
NC_049395.1,Myoviridae
NC_054913.1,Myoviridae
NC_048849.1,Myoviridae
NC_054981.1,Siphoviridae
NC_048848.1,Siphoviridae
NC_053209.1,Siphoviridae
NC_049829.1,Drexlerviridae
NC_049826.1,Drexlerviridae
NC_049819.1,Drexlerviridae
NC_049827.1,Drexlerviridae
NC_049852.1,Drexlerviridae
NC_049825.1,Drexlerviridae
NC_049828.1,Drexlerviridae
NC_049823.1,Drexlerviridae
NC_054896.1,Drexlerviridae
NC_049818.1,Drexlerviridae
NC_049815.1,Drexlerviridae
NC_049817.1,Drexlerviridae
NC_049816.1,Drexlerviridae
NC_049824.1,Drexlerviridae
NC_049832.1,Drexlerviridae
NC_054932.1,Myoviridae
NC_054933.1,Myoviridae
NC_054934.1,Myoviridae
NC_052991.1,Siphoviridae
NC_048850.1,Siphoviridae
NC_051637.1,Siphoviridae
NC_055831.1,Myoviridae
NC_053172.1,Siphoviridae
NC_051727.1,Siphoviridae
NC_048864.1,Myoviridae
NC_049821.1,Drexlerviridae
NC_048863.1,Myoviridae
NC_049830.1,Drexlerviridae
NC_055722.1,Myoviridae
NC_049341.1,Myoviridae
NC_049342.1,Myoviridae
NC_049343.1,Myoviridae
NC_049344.1,Myoviridae
NC_054901.1,Myoviridae
NC_054900.1,Myoviridae
NC_054938.1,Myoviridae
NC_050147.1,Myoviridae
NC_050144.1,Myoviridae
NC_050146.1,Myoviridae
NC_051716.1,Siphoviridae
NC_050150.1,Myoviridae
NC_050151.1,Myoviridae
NC_050143.1,Myoviridae
NC_054965.1,Podoviridae
NC_048873.1,Myoviridae
NC_055835.1,Myoviridae
NC_055838.1,Myoviridae
NC_054921.1,Myoviridae
NC_051650.1,Siphoviridae
NC_048876.1,Siphoviridae
NC_054667.1,Siphoviridae
NC_055842.1,Siphoviridae
NC_055843.1,Siphoviridae
NC_054771.1,Siphoviridae
NC_055040.1,Siphoviridae
NC_049820.1,Drexlerviridae
NC_055844.1,Myoviridae
NC_055845.1,Myoviridae
NC_055846.1,Myoviridae
NC_054672.1,Siphoviridae
NC_054673.1,Siphoviridae
NC_047709.1,Autographiviridae
NC_047702.1,Autographiviridae
NC_051730.1,Siphoviridae
NC_053008.1,Siphoviridae
NC_049948.1,Siphoviridae
NC_049953.1,Siphoviridae
NC_049949.1,Siphoviridae
NC_049955.1,Siphoviridae
NC_054810.1,Siphoviridae
NC_054456.1,Siphoviridae
NC_054448.1,Siphoviridae
NC_054454.1,Siphoviridae
NC_050149.1,Myoviridae
NC_055857.1,Siphoviridae
NC_055858.1,Siphoviridae
NC_051723.1,Siphoviridae
NC_054789.1,Siphoviridae
NC_049900.1,Siphoviridae
NC_048666.1,Siphoviridae
NC_054648.1,Siphoviridae
NC_054890.1,Autographiviridae
NC_054149.1,Myoviridae
NC_054912.1,Myoviridae
NC_054924.1,Myoviridae
NC_055905.1,Salasmaviridae
NC_055862.1,Myoviridae
NC_055867.1,Siphoviridae
NC_053514.1,Siphoviridae
NC_054653.1,Siphoviridae
NC_054955.1,Myoviridae
NC_054891.1,Autographiviridae
NC_054961.1,Podoviridae
NC_055026.1,Siphoviridae
NC_053009.1,Siphoviridae
NC_053010.1,Siphoviridae
NC_053513.1,Siphoviridae
NC_053516.1,Siphoviridae
NC_055865.1,Siphoviridae
NC_055864.1,Siphoviridae
NC_055859.1,Siphoviridae
NC_055861.1,Siphoviridae
NC_051662.1,Siphoviridae
NC_051668.1,Siphoviridae
NC_051687.1,Siphoviridae
NC_054147.1,Myoviridae
NC_054657.1,Siphoviridae
NC_055863.1,Myoviridae
NC_054148.1,Myoviridae
NC_054658.1,Siphoviridae
NC_054676.1,Siphoviridae
NC_054659.1,Siphoviridae
NC_051705.1,Siphoviridae
NC_053506.1,Siphoviridae
NC_054649.1,Siphoviridae
NC_055888.1,Podoviridae
NC_055890.1,Podoviridae
NC_055893.1,Podoviridae
NC_055894.1,Podoviridae
NC_055897.1,Podoviridae
NC_055898.1,Podoviridae
NC_055900.1,Podoviridae
NC_041878.1,Myoviridae
NC_054432.1,Siphoviridae
NC_052986.1,Siphoviridae
NC_055906.1,Rountreeviridae
NC_051658.1,Siphoviridae
NC_055908.1,Salasmaviridae
NC_055911.1,Myoviridae
NC_015209.1,Inoviridae
NC_055909.1,Siphoviridae
NC_055912.1,Siphoviridae
NC_055914.1,Salasmaviridae
NC_055916.1,Rountreeviridae
NC_052999.1,Siphoviridae
NC_055918.1,Siphoviridae
NC_054679.1,Siphoviridae
NC_055920.1,Siphoviridae
NC_054654.1,Siphoviridae
NC_052978.1,Siphoviridae
NC_052974.1,Siphoviridae
NC_055956.1,Drexlerviridae
NC_005879.1,Podoviridae
NC_005891.1,Podoviridae
NC_015466.1,Siphoviridae
NC_027118.1,Podoviridae
NC_018282.1,Siphoviridae
NC_026594.1,Siphoviridae
NC_027393.1,Podoviridae
NC_027397.1,Podoviridae
NC_041958.1,Siphoviridae
NC_052966.1,Siphoviridae
NC_047876.1,Siphoviridae
NC_047878.1,Siphoviridae
NC_052967.1,Siphoviridae
NC_030116.1,Adenoviridae
NC_030888.1,Curvulaviridae
NC_030891.1,Curvulaviridae
NC_024909.1,Genomoviridae
NC_048742.1,Siphoviridae
NC_020478.1,Siphoviridae
NC_029024.1,Siphoviridae
NC_022773.1,Siphoviridae
NC_020479.1,Siphoviridae
NC_020477.1,Siphoviridae
NC_009604.1,Myoviridae
NC_018452.1,Podoviridae
NC_009235.2,Siphoviridae
NC_009236.1,Myoviridae
NC_019423.1,Schitoviridae
NC_042351.1,Siphoviridae
NC_049456.2,Schitoviridae
NC_011318.1,Siphoviridae
NC_029071.1,Drexlerviridae
NC_048696.1,Siphoviridae
NC_048734.1,Siphoviridae
NC_011285.1,Siphoviridae
NC_031091.1,Siphoviridae
NC_022128.1,Bromoviridae
NC_022129.1,Bromoviridae
NC_006553.1,Picornaviridae
NC_001524.1,Papillomaviridae
NC_023593.1,Podoviridae
NC_028903.1,Podoviridae
NC_031129.1,Myoviridae
NC_022127.1,Bromoviridae
NC_026760.1,Geminiviridae
NC_016562.1,Myoviridae
NC_015464.1,Myoviridae
NC_027350.1,Drexlerviridae
NC_027921.1,Mitoviridae
NC_010324.1,Podoviridae
NC_012743.2,Podoviridae
NC_019917.1,Podoviridae
NC_016570.1,Ackermannviridae
NC_001422.1,Microviridae
NC_021168.1,Adenoviridae
NC_025736.1,Genomoviridae
NC_025734.1,Genomoviridae
NC_025735.1,Genomoviridae
NC_025737.1,Genomoviridae
NC_028120.1,Polyomaviridae
NC_025824.1,Inoviridae
NC_034466.1,Hantaviridae
NC_034467.1,Hantaviridae
NC_034473.1,Hantaviridae
NC_019916.1,Siphoviridae
NC_019449.1,Siphoviridae
NC_022989.1,Siphoviridae
NC_017688.1,Siphoviridae
NC_028749.1,Siphoviridae
NC_047881.1,Demerecviridae
NC_054458.1,Myoviridae
NC_054459.1,Myoviridae
NC_005831.2,Coronaviridae
NC_055030.1,Siphoviridae
NC_048688.1,Siphoviridae
NC_025444.1,Siphoviridae
NC_034494.1,Nairoviridae
NC_034502.1,Nairoviridae
NC_034503.1,Nairoviridae
NC_034554.1,Nairoviridae
NC_034561.1,Nairoviridae
NC_034562.1,Nairoviridae
NC_034510.1,Nairoviridae
NC_034520.1,Nairoviridae
NC_034521.1,Nairoviridae
NC_034511.1,Nairoviridae
NC_034512.1,Nairoviridae
NC_034522.1,Nairoviridae
NC_048214.1,Coronaviridae
NC_009988.1,Coronaviridae
NC_009657.1,Coronaviridae
NC_010438.1,Coronaviridae
NC_014470.1,Coronaviridae
NC_016996.1,Coronaviridae
NC_016993.1,Coronaviridae
NC_016995.1,Coronaviridae
NC_018871.1,Coronaviridae
NC_030292.1,Coronaviridae
NC_032730.1,Coronaviridae
NC_048211.1,Coronaviridae
NC_001909.1,Siphoviridae
NC_009877.1,Siphoviridae
NC_008206.2,Siphoviridae
NC_009993.2,Siphoviridae
NC_011022.1,Siphoviridae
NC_011057.1,Siphoviridae
NC_011267.1,Siphoviridae
NC_012788.1,Siphoviridae
NC_013650.1,Myoviridae
NC_014901.1,Siphoviridae
NC_025433.1,Siphoviridae
NC_025438.1,Siphoviridae
NC_039200.1,Rhabdoviridae
NC_031957.1,Rhabdoviridae
NC_031958.1,Rhabdoviridae
NC_043447.1,Secoviridae
NC_043448.1,Secoviridae
NC_048198.1,Siphoviridae
NC_043524.1,Geminiviridae
NC_060104.1,Geminiviridae
NC_060102.1,Geminiviridae
NC_060093.1,Geminiviridae
NC_060131.1,Siphoviridae
NC_060134.1,Siphoviridae
NC_060132.1,Siphoviridae
NC_060137.1,Siphoviridae
NC_060133.1,Siphoviridae
NC_060135.1,Siphoviridae
NC_060136.1,Siphoviridae
NC_055543.1,Geminiviridae
NC_060098.1,Geminiviridae
NC_055544.1,Geminiviridae
NC_060099.1,Geminiviridae
NC_055548.1,Geminiviridae
NC_060100.1,Geminiviridae
NC_055570.1,Geminiviridae
NC_060101.1,Geminiviridae
NC_055596.1,Geminiviridae
NC_060096.1,Geminiviridae
NC_055589.1,Geminiviridae
NC_060091.1,Geminiviridae
NC_055602.1,Geminiviridae
NC_060097.1,Geminiviridae
NC_055587.1,Geminiviridae
NC_060090.1,Geminiviridae
NC_060089.1,Geminiviridae
NC_055594.1,Geminiviridae
NC_060095.1,Geminiviridae
NC_002371.2,Podoviridae
NC_017087.1,Pleolipoviridae
NC_017088.1,Pleolipoviridae
NC_017089.1,Pleolipoviridae
NC_017090.1,Pleolipoviridae
NC_023592.1,Pleolipoviridae
NC_028460.3,Genomoviridae
NC_008714.1,Picornaviridae
NC_023716.1,Siphoviridae
NC_014458.1,Siphoviridae
NC_013936.1,Siphoviridae
NC_023739.1,Siphoviridae
NC_011054.1,Siphoviridae
NC_006439.1,Arenaviridae
NC_003907.2,Zobellviridae
NC_006313.1,Arenaviridae
NC_006505.1,Orthomyxoviridae
NC_005135.1,Myoviridae
NC_006563.1,Papillomaviridae
NC_006882.2,Autographiviridae
NC_007047.1,Siphoviridae
NC_008583.1,Siphoviridae
NC_028913.1,Siphoviridae
NC_028864.1,Siphoviridae
NC_000858.1,Retroviridae
NC_003323.1,Retroviridae
NC_030142.1,Genomoviridae
NC_025733.1,Genomoviridae
NC_024769.1,Picornaviridae
NC_005040.1,Parvoviridae
NC_004064.1,Caliciviridae
NC_000940.1,Caliciviridae
NC_024120.1,Picornaviridae
NC_033793.1,Picornaviridae
NC_006430.1,Paramyxoviridae
NC_023425.1,Hepeviridae
NC_008722.1,Siphoviridae
NC_052980.1,Siphoviridae
NC_041919.1,Myoviridae
NC_001490.1,Picornaviridae
NC_006498.1,Orthomyxoviridae
NC_006500.2,Orthomyxoviridae
NC_006502.1,Orthomyxoviridae
NC_006503.1,Orthomyxoviridae
NC_006499.1,Orthomyxoviridae
NC_061418.1,Myoviridae
NC_061421.1,Myoviridae
NC_061432.1,Siphoviridae
NC_061433.1,Siphoviridae
NC_061434.1,Siphoviridae
NC_061435.1,Siphoviridae
NC_061436.1,Siphoviridae
NC_061437.1,Siphoviridae
NC_061439.1,Siphoviridae
NC_061440.1,Myoviridae
NC_061441.1,Myoviridae
NC_061442.1,Myoviridae
NC_061443.1,Myoviridae
NC_061444.1,Myoviridae
NC_061445.1,Myoviridae
NC_061446.1,Myoviridae
NC_061447.1,Myoviridae
NC_061448.1,Myoviridae
NC_061449.1,Myoviridae
NC_061450.1,Myoviridae
NC_061451.1,Myoviridae
NC_061438.1,Siphoviridae
NC_028980.1,Siphoviridae
NC_008187.1,Iridoviridae
NC_009542.2,Myoviridae
NC_009551.1,Podoviridae
NC_009803.1,Siphoviridae
NC_009804.1,Siphoviridae
NC_010353.1,Siphoviridae
NC_011019.1,Siphoviridae
NC_011020.1,Siphoviridae
NC_011021.1,Siphoviridae
NC_011023.1,Siphoviridae
NC_011055.1,Siphoviridae
NC_011056.1,Siphoviridae
NC_013197.1,Sphaerolipoviridae
NC_013598.1,Siphoviridae
NC_013645.1,Siphoviridae
NC_013694.1,Siphoviridae
NC_014459.2,Siphoviridae
NC_014460.1,Siphoviridae
NC_014461.1,Siphoviridae
NC_015250.1,Myoviridae
NC_015456.1,Drexlerviridae
NC_015584.1,Siphoviridae
NC_016650.1,Siphoviridae
NC_016895.2,Adenoviridae
NC_018281.1,Siphoviridae
NC_018284.1,Siphoviridae
NC_019509.1,Drexlerviridae
NC_023690.1,Siphoviridae
NC_023699.1,Siphoviridae
NC_023700.1,Siphoviridae
NC_023702.1,Siphoviridae
NC_023704.1,Siphoviridae
NC_023705.1,Siphoviridae
NC_023712.1,Siphoviridae
NC_023720.1,Siphoviridae
NC_023721.1,Siphoviridae
NC_023724.1,Siphoviridae
NC_023726.1,Siphoviridae
NC_023728.1,Siphoviridae
NC_023732.1,Siphoviridae
NC_023746.1,Siphoviridae
NC_027365.1,Siphoviridae
NC_027375.1,Autographiviridae
NC_028900.1,Siphoviridae
NC_030652.1,Siphoviridae
NC_018853.1,Siphoviridae
NC_019405.1,Siphoviridae
NC_019408.1,Siphoviridae
NC_019411.1,Siphoviridae
NC_021320.1,Myoviridae
NC_019511.1,Herelleviridae
NC_021321.1,Myoviridae
NC_021335.1,Myoviridae
NC_021779.1,Siphoviridae
NC_021780.1,Siphoviridae
NC_031121.2,Salasmaviridae
NC_031015.2,Salasmaviridae
NC_041918.2,Siphoviridae
NC_055582.1,Geminiviridae
NC_060103.1,Geminiviridae
NC_029304.2,Baculoviridae
NC_062581.1,Myoviridae
NC_062582.1,Myoviridae
NC_062734.1,Myoviridae
NC_062735.1,Myoviridae
NC_062736.1,Myoviridae
NC_062737.1,Inoviridae
NC_062738.1,Siphoviridae
NC_062740.1,Myoviridae
NC_062741.1,Podoviridae
NC_062742.1,Myoviridae
NC_062743.1,Podoviridae
NC_062744.1,Podoviridae
NC_062745.1,Siphoviridae
NC_062746.1,Siphoviridae
NC_062747.1,Podoviridae
NC_062749.1,Siphoviridae
NC_062750.1,Siphoviridae
NC_062752.1,Myoviridae
NC_062753.1,Siphoviridae
NC_062754.1,Myoviridae
NC_062755.1,Myoviridae
NC_062756.1,Myoviridae
NC_062758.1,Myoviridae
NC_062759.1,Myoviridae
NC_062760.1,Myoviridae
NC_062763.1,Myoviridae
NC_062764.1,Podoviridae
NC_062765.1,Podoviridae
NC_062766.1,Podoviridae
NC_062767.1,Podoviridae
NC_062768.1,Podoviridae
NC_062769.1,Podoviridae
NC_062770.1,Podoviridae
NC_062771.1,Podoviridae
NC_062772.1,Podoviridae
NC_062773.1,Podoviridae
NC_062774.1,Podoviridae
NC_062775.1,Podoviridae
NC_062776.1,Podoviridae
NC_062777.1,Podoviridae
NC_062778.1,Podoviridae
NC_062779.1,Podoviridae
NC_062780.1,Podoviridae
