accession,family
NC_010314.1,Nanoviridae
NC_010315.1,Nanoviridae
NC_010316.1,Nanoviridae
NC_010317.1,Nanoviridae
NC_010318.1,Nanoviridae
NC_010319.1,Nanoviridae
NC_018874.1,Herpesviridae
NC_001499.1,Retroviridae
NC_014138.1,Geminiviridae
NC_014139.1,Geminiviridae
NC_015045.1,Geminiviridae
NC_015048.1,Geminiviridae
NC_016574.1,Geminiviridae
NC_016577.1,Geminiviridae
NC_001928.2,Geminiviridae
NC_001929.2,Geminiviridae
NC_014649.1,Mimiviridae
NC_008724.1,Phycodnaviridae
NC_020099.1,Circoviridae
NC_026767.1,Polyomaviridae
NC_026762.1,Polyomaviridae
NC_025403.1,Paramyxoviridae
NC_025404.1,Paramyxoviridae
NC_001341.1,Inoviridae
NC_023556.1,Podoviridae
NC_029075.1,Siphoviridae
NC_029033.1,Siphoviridae
NC_029106.1,Siphoviridae
NC_028834.1,Siphoviridae
NC_028768.1,Siphoviridae
NC_028938.1,Ampullaviridae
NC_028787.1,Ampullaviridae
NC_009452.1,Ampullaviridae
NC_005830.1,Lipothrixviridae
NC_009884.1,Lipothrixviridae
NC_010155.1,Lipothrixviridae
NC_010152.1,Lipothrixviridae
NC_010153.1,Lipothrixviridae
NC_010154.1,Lipothrixviridae
NC_010537.1,Lipothrixviridae
NC_009965.1,Rudiviridae
NC_029314.1,Rudiviridae
NC_013585.1,Fuselloviridae
NC_029316.1,Bicaudaviridae
NC_007409.1,Bicaudaviridae
NC_014660.1,Myoviridae
NC_014661.1,Myoviridae
NC_014663.1,Myoviridae
NC_002700.2,Leviviridae
NC_019541.1,Podoviridae
NC_023590.1,Siphoviridae
NC_031117.1,Myoviridae
NC_023570.1,Podoviridae
NC_031086.1,Podoviridae
NC_028995.1,Myoviridae
NC_023581.1,Podoviridae
NC_025462.1,Myoviridae
NC_031280.1,Myoviridae
NC_025457.1,Podoviridae
NC_031098.1,Siphoviridae
NC_028855.1,Myoviridae
NC_027332.1,Myoviridae
NC_018087.3,Myoviridae
NC_015250.1,Myoviridae
NC_021337.1,Podoviridae
NC_024785.1,Myoviridae
NC_021316.1,Podoviridae
NC_017984.1,Myoviridae
NC_028848.1,Podoviridae
NC_028987.2,Podoviridae
NC_028684.1,Podoviridae
NC_028679.1,Podoviridae
NC_028675.1,Podoviridae
NC_002795.1,Betaflexiviridae
NC_035453.1,Closteroviridae
NC_016404.1,Betaflexiviridae
NC_028649.1,Alphaflexiviridae
NC_009643.1,Podoviridae
NC_005885.1,Siphoviridae
NC_002548.1,Dicistroviridae
NC_028246.1,Rhabdoviridae
NC_001829.1,Parvoviridae
NC_001401.2,Parvoviridae
NC_001729.1,Parvoviridae
NC_006260.1,Parvoviridae
NC_006261.1,Parvoviridae
NC_002077.1,Parvoviridae
NC_005889.1,Parvoviridae
NC_006152.1,Parvoviridae
NC_021247.1,Poxviridae
NC_004690.1,Baculoviridae
NC_005038.1,Baculoviridae
NC_011423.1,Baculoviridae
NC_012932.1,Flaviviridae
NC_007666.1,Reoviridae
NC_007667.1,Reoviridae
NC_007668.1,Reoviridae
NC_007669.1,Reoviridae
NC_007670.1,Reoviridae
NC_007671.1,Reoviridae
NC_007672.1,Reoviridae
NC_007673.1,Reoviridae
NC_007674.1,Reoviridae
NC_019538.1,Myoviridae
NC_025459.1,Myoviridae
NC_014636.1,Myoviridae
NC_019528.1,Podoviridae
NC_023688.1,Myoviridae
NC_019527.1,Myoviridae
NC_008208.1,Myoviridae
NC_007022.1,Myoviridae
NC_005135.1,Myoviridae
NC_015251.1,Myoviridae
NC_005260.1,Myoviridae
NC_020879.1,Myoviridae
NC_019543.1,Myoviridae
NC_014635.1,Myoviridae
NC_009542.2,Myoviridae
NC_026470.1,Picornaviridae
NC_001467.1,Geminiviridae
NC_001468.1,Geminiviridae
NC_034207.1,Luteoviridae
NC_004763.2,Polyomaviridae
NC_010820.1,Retroviridae
NC_005996.1,Reoviridae
NC_006009.1,Reoviridae
NC_006011.1,Reoviridae
NC_006012.1,Reoviridae
NC_006016.1,Reoviridae
NC_006017.1,Reoviridae
NC_006018.1,Reoviridae
NC_006019.1,Reoviridae
NC_006020.1,Reoviridae
NC_006021.1,Reoviridae
NC_012519.1,Betaflexiviridae
NC_034833.1,Betaflexiviridae
NC_003434.1,Geminiviridae
NC_022127.1,Bromoviridae
NC_022128.1,Bromoviridae
NC_022129.1,Bromoviridae
NC_014645.1,Geminiviridae
NC_006384.1,Geminiviridae
NC_021202.1,Geminiviridae
NC_004090.1,Geminiviridae
NC_010812.1,Geminiviridae
NC_002981.1,Geminiviridae
NC_004627.1,Geminiviridae
NC_004626.1,Geminiviridae
NC_027040.1,Geminiviridae
NC_013597.1,Myoviridae
NC_019519.1,Myoviridae
NC_005903.1,Potyviridae
NC_011345.1,Baculoviridae
NC_007921.1,Baculoviridae
NC_025960.1,Baculoviridae
NC_015450.1,Phenuiviridae
NC_015451.1,Phenuiviridae
NC_015452.1,Phenuiviridae
NC_001918.1,Picornaviridae
NC_027054.1,Picornaviridae
NC_011829.1,Picornaviridae
NC_016769.1,Picornaviridae
NC_027919.1,Picornaviridae
NC_035201.1,Papillomaviridae
NC_035199.1,Papillomaviridae
NC_035193.1,Papillomaviridae
NC_035198.1,Picornaviridae
NC_027781.1,Circoviridae
NC_009894.1,Peribunyaviridae
NC_009895.1,Peribunyaviridae
NC_009896.1,Peribunyaviridae
NC_025353.1,Rhabdoviridae
NC_002531.1,Herpesviridae
NC_024382.1,Herpesviridae
NC_018482.1,Arenaviridae
NC_018483.1,Arenaviridae
NC_023761.1,Arenaviridae
NC_023762.1,Arenaviridae
NC_023765.1,Arenaviridae
NC_023766.1,Arenaviridae
NC_018481.1,Arenaviridae
NC_018484.1,Arenaviridae
NC_028237.2,Rhabdoviridae
NC_029993.1,Luteoviridae
NC_027714.1,Geminiviridae
NC_001495.1,Bromoviridae
NC_002024.2,Bromoviridae
NC_002025.1,Bromoviridae
NC_010736.1,Potyviridae
NC_010947.1,Geminiviridae
NC_024009.1,Geminiviridae
NC_036580.1,Amalgaviridae
NC_036581.1,Amalgaviridae
NC_012211.2,Alphaflexiviridae
NC_010249.1,Arenaviridae
NC_010253.1,Arenaviridae
NC_025391.1,Rhabdoviridae
NC_025399.1,Rhabdoviridae
NC_034251.1,Polyomaviridae
NC_002306.3,Coronaviridae
NC_028806.1,Coronaviridae
NC_015668.1,Mesoniviridae
NC_015874.1,Mesoniviridae
NC_023986.1,Mesoniviridae
NC_020899.1,Mesoniviridae
NC_001586.1,Papillomaviridae
NC_001355.1,Papillomaviridae
NC_001587.1,Papillomaviridae
NC_001678.1,Papillomaviridae
NC_001676.1,Papillomaviridae
NC_004104.1,Papillomaviridae
NC_001576.1,Papillomaviridae
NC_001694.1,Papillomaviridae
NC_001352.1,Papillomaviridae
NC_001583.1,Papillomaviridae
NC_001593.1,Papillomaviridae
NC_001357.1,Papillomaviridae
NC_001595.1,Papillomaviridae
NC_001526.4,Papillomaviridae
NC_006938.1,Siphoviridae
NC_007408.1,Alphaflexiviridae
NC_007731.1,Alphaflexiviridae
NC_007211.1,Geminiviridae
NC_030747.1,Narnaviridae
NC_026136.1,Endornaviridae
NC_021532.1,Podoviridae
NC_010247.1,Arenaviridae
NC_010251.1,Arenaviridae
NC_009944.1,Chrysoviridae
NC_009945.1,Chrysoviridae
NC_009946.1,Chrysoviridae
NC_009947.1,Chrysoviridae
NC_018402.1,Bromoviridae
NC_018403.1,Bromoviridae
NC_018404.1,Bromoviridae
NC_033835.1,Phenuiviridae
NC_033844.1,Phenuiviridae
NC_033845.1,Phenuiviridae
NC_005832.1,Iridoviridae
NC_031751.1,Parvoviridae
NC_022755.1,Rhabdoviridae
NC_017859.1,Betaflexiviridae
NC_003451.1,Bromoviridae
NC_003452.1,Bromoviridae
NC_003453.1,Bromoviridae
NC_027214.1,Picornaviridae
NC_002520.1,Poxviridae
NC_024358.1,Podoviridae
NC_011559.1,Tymoviridae
NC_013036.1,Herpesviridae
NC_020470.1,Tymoviridae
NC_020471.1,Tymoviridae
NC_003466.1,Hantaviridae
NC_003467.2,Hantaviridae
NC_003468.2,Hantaviridae
NC_028262.1,Geminiviridae
NC_007733.2,Tombusviridae
NC_023421.1,Circoviridae
NC_013668.3,Alloherpesviridae
NC_022581.1,Rhabdoviridae
NC_033836.1,Phenuiviridae
NC_033837.1,Phenuiviridae
NC_033846.1,Phenuiviridae
NC_023426.1,Poxviridae
NC_030115.1,Dicistroviridae
NC_031327.1,Flaviviridae
NC_023848.1,Iridoviridae
NC_004800.1,Polyomaviridae
NC_001701.1,Parvoviridae
NC_006147.2,Parvoviridae
NC_023483.1,Iflaviridae
NC_008035.3,Baculoviridae
NC_031761.1,Baculoviridae
NC_008520.2,Baculoviridae
NC_035189.1,Amalgaviridae
NC_016447.1,Herpesviridae
NC_004365.1,Dicistroviridae
NC_034973.1,Dicistroviridae
NC_035115.1,Dicistroviridae
NC_035071.1,Flaviviridae
NC_014905.1,Potyviridae
NC_018504.1,Baculoviridae
NC_024893.1,Papillomaviridae
NC_001409.1,Betaflexiviridae
NC_026760.1,Geminiviridae
NC_018714.1,Betaflexiviridae
NC_003787.1,Secoviridae
NC_003788.1,Secoviridae
NC_003464.1,Bromoviridae
NC_003465.1,Bromoviridae
NC_003480.1,Bromoviridae
NC_001749.2,Betaflexiviridae
NC_003462.2,Betaflexiviridae
NC_014821.1,Betaflexiviridae
NC_006946.1,Betaflexiviridae
NC_023295.1,Betaflexiviridae
NC_009891.1,Picornaviridae
NC_007582.1,Reoviridae
NC_007583.1,Reoviridae
NC_007584.1,Reoviridae
NC_007585.1,Reoviridae
NC_007586.1,Reoviridae
NC_007587.1,Reoviridae
NC_007588.1,Reoviridae
NC_007589.1,Reoviridae
NC_007590.1,Reoviridae
NC_007591.1,Reoviridae
NC_007592.1,Reoviridae
NC_005166.1,Reoviridae
NC_005167.1,Reoviridae
NC_005168.1,Reoviridae
NC_005169.1,Reoviridae
NC_005170.1,Reoviridae
NC_005171.1,Reoviridae
NC_005172.1,Reoviridae
NC_005173.1,Reoviridae
NC_005174.1,Reoviridae
NC_005175.1,Reoviridae
NC_005176.1,Reoviridae
NC_010584.1,Reoviridae
NC_010585.1,Reoviridae
NC_010586.1,Reoviridae
NC_010587.1,Reoviridae
NC_010588.1,Reoviridae
NC_010589.1,Reoviridae
NC_010590.1,Reoviridae
NC_010591.1,Reoviridae
NC_010592.1,Reoviridae
NC_010593.1,Reoviridae
NC_010594.1,Reoviridae
NC_030889.1,Partitiviridae
NC_030890.1,Partitiviridae
NC_006056.1,Secoviridae
NC_006057.1,Secoviridae
NC_032104.1,Alphaflexiviridae
NC_020808.1,Rhabdoviridae
NC_025393.1,Rhabdoviridae
NC_008695.1,Siphoviridae
NC_027121.1,Closteroviridae
NC_036585.1,Iflaviridae
NC_014609.1,Totiviridae
NC_029082.1,Phenuiviridae
NC_018176.1,Potyviridae
NC_020897.1,Secoviridae
NC_020898.1,Secoviridae
NC_034264.1,Betaflexiviridae
NC_027796.1,Circoviridae
NC_031252.1,Myoviridae
NC_022972.2,Siphoviridae
NC_026606.1,Myoviridae
NC_028692.1,Siphoviridae
NC_031231.1,Siphoviridae
NC_031254.1,Siphoviridae
NC_031224.2,Siphoviridae
NC_016752.1,Parvoviridae
NC_026759.1,Potyviridae
NC_001339.1,Tombusviridae
NC_023633.1,Phenuiviridae
NC_023634.1,Phenuiviridae
NC_023635.1,Phenuiviridae
NC_015523.1,Tymoviridae
NC_025388.1,Betaflexiviridae
NC_028868.1,Betaflexiviridae
NC_028975.1,Betaflexiviridae
NC_025821.1,Potyviridae
NC_011807.1,Bromoviridae
NC_011808.1,Bromoviridae
NC_011809.1,Bromoviridae
NC_003400.1,Alphaflexiviridae
NC_010416.1,Alphaflexiviridae
NC_027426.1,Astroviridae
NC_016155.1,Astroviridae
NC_019028.1,Astroviridae
NC_019026.1,Astroviridae
NC_019027.1,Astroviridae
NC_016896.1,Astroviridae
NC_026513.1,Geminiviridae
NC_026514.1,Geminiviridae
NC_019853.1,Polyomaviridae
NC_034446.1,Herpesviridae
NC_001987.1,Herpesviridae
NC_003470.1,Partitiviridae
NC_003471.1,Partitiviridae
NC_024031.1,Caliciviridae
NC_007654.1,Retroviridae
NC_027924.1,Caulimoviridae
NC_030653.1,Flaviviridae
NC_003900.1,Togaviridae
NC_024697.1,Phycodnaviridae
NC_035674.1,Totiviridae
NC_003243.1,Rhabdoviridae
NC_001623.1,Baculoviridae
NC_005790.1,Astroviridae
NC_004764.2,Polyomaviridae
NC_025349.3,Paramyxoviridae
NC_025407.1,Paramyxoviridae
NC_025363.1,Paramyxoviridae
NC_030231.1,Paramyxoviridae
NC_025373.1,Paramyxoviridae
NC_019531.1,Paramyxoviridae
NC_025361.1,Paramyxoviridae
NC_025347.1,Paramyxoviridae
NC_025390.1,Paramyxoviridae
NC_024296.1,Bornaviridae
NC_001402.1,Retroviridae
NC_001451.1,Coronaviridae
NC_010800.1,Coronaviridae
NC_004828.1,Parvoviridae
NC_006263.1,Parvoviridae
NC_005947.1,Retroviridae
NC_015396.1,Circoviridae
NC_001408.1,Retroviridae
NC_015116.1,Retroviridae
NC_030199.1,Circoviridae
NC_001866.1,Retroviridae
NC_015126.1,Reoviridae
NC_015127.1,Reoviridae
NC_015128.1,Reoviridae
NC_015129.1,Reoviridae
NC_015130.1,Reoviridae
NC_015131.1,Reoviridae
NC_015132.1,Reoviridae
NC_015133.1,Reoviridae
NC_015134.1,Reoviridae
NC_015135.1,Reoviridae
NC_034968.1,Paramyxoviridae
NC_006553.1,Picornaviridae
NC_008250.2,Picornaviridae
NC_024766.1,Picornaviridae
NC_024767.1,Picornaviridae
NC_028970.1,Picornaviridae
NC_026650.1,Circoviridae
NC_026636.1,Circoviridae
NC_026637.1,Circoviridae
NC_026638.1,Circoviridae
NC_026639.1,Circoviridae
NC_026641.1,Circoviridae
NC_026642.1,Circoviridae
NC_026643.1,Circoviridae
NC_026645.1,Circoviridae
NC_026646.1,Circoviridae
NC_026653.1,Circoviridae
NC_026647.1,Circoviridae
NC_026648.1,Circoviridae
NC_026649.1,Circoviridae
NC_026651.1,Circoviridae
NC_026652.1,Circoviridae
NC_026654.1,Circoviridae
NC_026626.1,Circoviridae
NC_026627.1,Circoviridae
NC_026630.1,Circoviridae
NC_026631.1,Circoviridae
NC_026625.1,Circoviridae
NC_026628.1,Circoviridae
NC_026629.1,Circoviridae
NC_026632.1,Circoviridae
NC_026633.1,Circoviridae
NC_026634.1,Circoviridae
NC_026635.1,Circoviridae
NC_023864.1,Geminiviridae
NC_018713.1,Flaviviridae
NC_010355.1,Siphoviridae
NC_036587.1,Alphaflexiviridae
NC_022517.1,Retroviridae
NC_015877.1,Reoviridae
NC_015878.1,Reoviridae
NC_015879.1,Reoviridae
NC_015880.1,Reoviridae
NC_015881.1,Reoviridae
NC_015882.1,Reoviridae
NC_015883.1,Reoviridae
NC_015884.1,Reoviridae
NC_015885.1,Reoviridae
NC_015886.1,Reoviridae
NC_009760.1,Myoviridae
NC_019487.1,Myoviridae
NC_031245.1,Myoviridae
NC_031039.1,Myoviridae
NC_031121.2,Podoviridae
NC_019515.1,Myoviridae
NC_006557.1,Siphoviridae
NC_031024.1,Myoviridae
NC_029121.1,Myoviridae
NC_023501.1,Myoviridae
NC_018085.1,Siphoviridae
NC_031015.2,Podoviridae
NC_031006.1,Myoviridae
NC_028944.1,Myoviridae
NC_031054.1,Myoviridae
NC_030920.1,Myoviridae
NC_024207.1,Myoviridae
NC_007814.1,Siphoviridae
NC_007458.1,Siphoviridae
NC_006945.1,Tectiviridae
NC_024205.1,Myoviridae
NC_027366.1,Myoviridae
NC_021336.1,Podoviridae
NC_027374.1,Myoviridae
NC_031070.1,Myoviridae
NC_031037.1,Myoviridae
NC_031012.1,Myoviridae
NC_031049.1,Myoviridae
NC_028782.1,Podoviridae
NC_017976.1,Siphoviridae
NC_031055.1,Siphoviridae
NC_004167.1,Siphoviridae
NC_028886.1,Siphoviridae
NC_029008.1,Siphoviridae
NC_023599.1,Siphoviridae
NC_019502.1,Siphoviridae
NC_031100.1,Myoviridae
NC_020883.1,Siphoviridae
NC_031027.1,Myoviridae
NC_031034.1,Myoviridae
NC_030925.1,Myoviridae
NC_004166.2,Siphoviridae
NC_031032.1,Podoviridae
NC_023007.1,Siphoviridae
NC_030904.1,Siphoviridae
NC_028748.2,Siphoviridae
NC_028789.1,Podoviridae
NC_025424.1,Siphoviridae
NC_022094.1,Tectiviridae
NC_031116.1,Myoviridae
NC_029024.1,Siphoviridae
NC_020081.2,Myoviridae
NC_020478.1,Siphoviridae
NC_011523.1,Tectiviridae
NC_028887.1,Myoviridae
NC_004165.1,Podoviridae
NC_018863.1,Myoviridae
NC_005258.1,Tectiviridae
NC_018856.1,Myoviridae
NC_020873.1,Myoviridae
NC_024137.1,Myoviridae
NC_018860.1,Myoviridae
NC_027355.1,Myoviridae
NC_022769.1,Myoviridae
NC_022773.1,Siphoviridae
NC_019912.1,Siphoviridae
NC_024792.1,Myoviridae
NC_018857.1,Myoviridae
NC_024216.1,Myoviridae
NC_022761.1,Myoviridae
NC_025423.1,Myoviridae
NC_020479.1,Siphoviridae
NC_031056.1,Myoviridae
NC_020477.1,Siphoviridae
NC_020480.1,Siphoviridae
NC_023719.1,Myoviridae
NC_002649.1,Podoviridae
NC_022766.1,Siphoviridae
NC_022771.1,Myoviridae
NC_024213.1,Myoviridae
NC_011167.1,Siphoviridae
NC_027352.1,Myoviridae
NC_028982.1,Myoviridae
NC_024211.1,Myoviridae
NC_021856.1,Myoviridae
NC_022764.1,Podoviridae
NC_028926.1,Podoviridae
NC_027372.1,Podoviridae
NC_011048.1,Podoviridae
NC_022770.1,Podoviridae
NC_027394.1,Podoviridae
NC_022765.1,Siphoviridae
NC_024788.1,Myoviridae
NC_028983.1,Myoviridae
NC_022774.1,Siphoviridae
NC_001884.1,Siphoviridae
NC_030903.1,Myoviridae
NC_011421.1,Myoviridae
NC_022763.1,Myoviridae
NC_028856.1,Siphoviridae
NC_022767.1,Siphoviridae
NC_028777.1,Siphoviridae
NC_011645.1,Siphoviridae
NC_022088.2,Myoviridae
NC_028890.1,Myoviridae
NC_007734.1,Siphoviridae
NC_016563.1,Myoviridae
NC_011551.1,Podoviridae
NC_028841.1,Siphoviridae
NC_016770.1,Siphoviridae
NC_011222.1,Siphoviridae
NC_012534.1,Flaviviridae
NC_034206.1,Picornaviridae
NC_024709.1,Coronaviridae
NC_033725.1,Flaviviridae
NC_001642.1,Alphaflexiviridae
NC_023850.1,Geminiviridae
NC_009745.1,Potyviridae
NC_003473.1,Nanoviridae
NC_003474.1,Nanoviridae
NC_003475.1,Nanoviridae
NC_003476.1,Nanoviridae
NC_003477.1,Nanoviridae
NC_003479.1,Nanoviridae
NC_002729.1,Betaflexiviridae
NC_015506.1,Caulimoviridae
NC_007002.1,Caulimoviridae
NC_015507.1,Caulimoviridae
NC_006955.1,Caulimoviridae
NC_003381.1,Caulimoviridae
NC_015502.1,Caulimoviridae
NC_015503.1,Caulimoviridae
NC_015504.1,Caulimoviridae
NC_015505.1,Caulimoviridae
NC_008018.1,Caulimoviridae
NC_007003.1,Caulimoviridae
NC_010107.1,Papillomaviridae
NC_010817.1,Papillomaviridae
NC_004198.1,Reoviridae
NC_004200.1,Reoviridae
NC_004201.1,Reoviridae
NC_004202.1,Reoviridae
NC_004203.1,Reoviridae
NC_004204.1,Reoviridae
NC_004211.1,Reoviridae
NC_004217.1,Reoviridae
NC_004218.1,Reoviridae
NC_004219.1,Reoviridae
NC_004220.1,Reoviridae
NC_004221.1,Reoviridae
NC_029054.2,Flaviviridae
NC_015399.1,Circoviridae
NC_013458.1,Nodaviridae
NC_013459.1,Nodaviridae
NC_003482.1,Potyviridae
NC_003483.1,Potyviridae
NC_003469.1,Virgaviridae
NC_003478.1,Virgaviridae
NC_003481.1,Virgaviridae
NC_029906.1,Luteoviridae
NC_004666.1,Luteoviridae
NC_021481.1,Luteoviridae
NC_003680.1,Luteoviridae
NC_002160.2,Luteoviridae
NC_004750.1,Luteoviridae
NC_002990.1,Potyviridae
NC_002991.1,Potyviridae
NC_028244.1,Rhabdoviridae
NC_001786.1,Togaviridae
NC_034535.1,Rhabdoviridae
NC_009741.1,Potyviridae
NC_035758.1,Astroviridae
NC_035471.1,Astroviridae
NC_032484.1,Astroviridae
NC_032426.1,Astroviridae
NC_032423.1,Astroviridae
NC_028045.1,Circoviridae
NC_034547.1,Circoviridae
NC_025792.1,Circoviridae
NC_025791.1,Circoviridae
NC_014929.1,Circoviridae
NC_029300.1,Parvoviridae
NC_021206.1,Circoviridae
NC_035799.1,Circoviridae
NC_010437.1,Coronaviridae
NC_014470.1,Coronaviridae
NC_022103.1,Coronaviridae
NC_018871.1,Coronaviridae
NC_034440.1,Coronaviridae
NC_033819.1,Picornaviridae
NC_031947.1,Flaviviridae
NC_020881.1,Hepadnaviridae
NC_028366.1,Picornaviridae
NC_018382.1,Hepeviridae
NC_025217.1,Coronaviridae
NC_033823.1,Iflaviridae
NC_033818.1,Picornaviridae
NC_016895.2,Adenoviridae
NC_015932.1,Adenoviridae
NC_029898.1,Adenoviridae
NC_029902.1,Adenoviridae
NC_029899.1,Adenoviridae
NC_030860.1,Adenoviridae
NC_030874.1,Adenoviridae
NC_034626.1,Adenoviridae
NC_035072.1,Adenoviridae
NC_031948.1,Adenoviridae
NC_015940.1,Picornaviridae
NC_015941.1,Picornaviridae
NC_015934.1,Picornaviridae
NC_026766.1,Polyomaviridae
NC_033820.1,Picornaviridae
NC_017936.1,Caliciviridae
NC_033776.1,Caliciviridae
NC_014765.1,Phycodnaviridae
NC_015721.1,Myoviridae
NC_019525.1,Myoviridae
NC_002643.1,Microviridae
NC_001944.1,Circoviridae
NC_032111.1,Poxviridae
NC_003504.1,Geminiviridae
NC_003505.1,Geminiviridae
NC_019568.1,Geminiviridae
NC_019569.1,Geminiviridae
NC_022003.1,Geminiviridae
NC_022005.1,Geminiviridae
NC_004047.1,Potyviridae
NC_003397.1,Potyviridae
NC_001930.1,Geminiviridae
NC_001931.1,Geminiviridae
NC_004042.1,Geminiviridae
NC_004043.1,Geminiviridae
NC_001438.1,Geminiviridae
NC_001439.1,Geminiviridae
NC_003369.1,Luteoviridae
NC_018070.1,Tospoviridae
NC_018071.1,Tospoviridae
NC_018072.1,Tospoviridae
NC_003495.1,Secoviridae
NC_003496.1,Secoviridae
NC_028139.1,Secoviridae
NC_028146.1,Secoviridae
NC_010560.1,Closteroviridae
NC_010561.1,Closteroviridae
NC_003493.2,Geminiviridae
NC_015487.1,Geminiviridae
NC_003492.1,Potyviridae
NC_010255.1,Arenaviridae
NC_010256.1,Arenaviridae
NC_027429.1,Parvoviridae
NC_024151.1,Totiviridae
NC_016962.1,Togaviridae
NC_027631.1,Tymoviridae
NC_004452.3,Tombusviridae
NC_002766.1,Luteoviridae
NC_011556.1,Partitiviridae
NC_011557.1,Partitiviridae
NC_010417.1,Geminiviridae
NC_001412.1,Geminiviridae
NC_003491.1,Luteoviridae
NC_005304.1,Potyviridae
NC_003513.1,Benyviridae
NC_003514.1,Benyviridae
NC_003515.1,Benyviridae
NC_003516.1,Benyviridae
NC_003517.1,Benyviridae
NC_005209.2,Closteroviridae
NC_005210.2,Closteroviridae
NC_003693.1,Secoviridae
NC_003694.1,Secoviridae
NC_003518.1,Virgaviridae
NC_003519.1,Virgaviridae
NC_003520.1,Virgaviridae
NC_003510.1,Virgaviridae
NC_003511.1,Virgaviridae
NC_003512.1,Virgaviridae
NC_004756.1,Luteoviridae
NC_001598.1,Closteroviridae
NC_032476.1,Hypoviridae
NC_032616.1,Hypoviridae
NC_007803.1,Paramyxoviridae
NC_009642.1,Virgaviridae
NC_027915.1,Secoviridae
NC_010646.1,Coronaviridae
NC_032405.1,Tombusviridae
NC_025358.1,Rhabdoviridae
NC_003045.1,Coronaviridae
NC_026011.1,Coronaviridae
NC_001531.1,Papillomaviridae
NC_001596.1,Papillomaviridae
NC_001591.1,Papillomaviridae
NC_004500.1,Papillomaviridae
NC_005134.2,Papillomaviridae
NC_015691.1,Papillomaviridae
NC_027140.1,Phenuiviridae
NC_027141.1,Phenuiviridae
NC_027142.1,Phenuiviridae
NC_012041.1,Geminiviridae
NC_011919.1,Geminiviridae
NC_014845.1,Geminiviridae
NC_003418.1,Geminiviridae
NC_023014.1,Potyviridae
NC_014325.1,Potyviridae
NC_035184.1,Dicistroviridae
NC_027921.1,Narnaviridae
NC_034514.1,Partitiviridae
NC_034524.1,Partitiviridae
NC_024894.1,Geminiviridae
NC_024895.1,Geminiviridae
NC_032112.1,Dicistroviridae
NC_032115.1,Dicistroviridae
NC_001411.2,Nodaviridae
NC_002037.1,Nodaviridae
NC_023299.1,Nanoviridae
NC_023300.1,Nanoviridae
NC_023301.1,Nanoviridae
NC_023302.1,Nanoviridae
NC_023304.1,Nanoviridae
NC_023305.1,Nanoviridae
NC_023306.1,Nanoviridae
NC_023307.1,Nanoviridae
NC_003784.1,Dicistroviridae
NC_008182.1,Secoviridae
NC_008183.1,Secoviridae
NC_009890.1,Totiviridae
NC_011553.1,Bromoviridae
NC_011554.1,Bromoviridae
NC_011555.2,Bromoviridae
NC_022072.1,Closteroviridae
NC_015706.1,Alphaflexiviridae
NC_029303.1,Caulimoviridae
NC_008558.1,Potyviridae
NC_006962.2,Closteroviridae
NC_006963.2,Closteroviridae
NC_003502.1,Secoviridae
NC_003509.1,Secoviridae
NC_010837.1,Geminiviridae
NC_010838.1,Geminiviridae
NC_000936.1,Parvoviridae
NC_005041.2,Parvoviridae
NC_019035.1,Geminiviridae
NC_019036.1,Geminiviridae
NC_005982.1,Birnaviridae
NC_005983.1,Birnaviridae
NC_019415.1,Potyviridae
NC_028462.1,Caulimoviridae
NC_014593.1,Amalgaviridae
NC_024476.1,Ophioviridae
NC_036634.1,Ophioviridae
NC_036635.1,Ophioviridae
NC_003138.2,Caulimoviridae
NC_003499.1,Betaflexiviridae
NC_022250.1,Bromoviridae
NC_022251.1,Bromoviridae
NC_022252.1,Bromoviridae
NC_018519.1,Closteroviridae
NC_030445.1,Hepadnaviridae
NC_006007.1,Reoviridae
NC_006008.2,Reoviridae
NC_006010.1,Reoviridae
NC_006013.2,Reoviridae
NC_006014.1,Reoviridae
NC_006015.1,Reoviridae
NC_006022.1,Reoviridae
NC_006023.1,Reoviridae
NC_006024.2,Reoviridae
NC_006025.1,Reoviridae
NC_025251.1,Rhabdoviridae
NC_031079.1,Rhabdoviridae
NC_027713.1,Iflaviridae
NC_015524.1,Tymoviridae
NC_001962.1,Baculoviridae
NC_004142.1,Nodaviridae
NC_004145.1,Nodaviridae
NC_003679.1,Flaviviridae
NC_005357.1,Podoviridae
NC_030701.1,Bornaviridae
NC_030795.1,Papillomaviridae
NC_030796.1,Papillomaviridae
NC_030797.1,Papillomaviridae
NC_030798.1,Papillomaviridae
NC_030799.1,Papillomaviridae
NC_030800.1,Papillomaviridae
NC_030801.1,Papillomaviridae
NC_001442.1,Polyomaviridae
NC_031959.2,Parvoviridae
NC_034268.1,Chrysoviridae
NC_034269.1,Chrysoviridae
NC_034270.1,Chrysoviridae
NC_034271.1,Chrysoviridae
NC_025214.1,Totiviridae
NC_033476.1,Partitiviridae
NC_033477.1,Partitiviridae
NC_033494.1,Partitiviridae
NC_033495.1,Partitiviridae
NC_033496.1,Partitiviridae
NC_010349.1,Partitiviridae
NC_010350.1,Partitiviridae
NC_010351.1,Partitiviridae
NC_009224.1,Totiviridae
NC_031752.1,Endornaviridae
NC_011372.2,Narnaviridae
NC_028471.1,Narnaviridae
NC_028472.1,Narnaviridae
NC_028474.1,Narnaviridae
NC_005132.1,Alphaflexiviridae
NC_033693.1,Flaviviridae
NC_011592.1,Caulimoviridae
NC_020074.1,Adenoviridae
NC_005261.3,Herpesviridae
NC_023632.1,Astroviridae
NC_023631.1,Astroviridae
NC_023630.1,Astroviridae
NC_023629.1,Astroviridae
NC_024498.1,Astroviridae
NC_024297.1,Astroviridae
NC_002685.2,Adenoviridae
NC_030793.1,Caliciviridae
NC_002526.1,Rhabdoviridae
NC_001831.1,Retroviridae
NC_002665.1,Herpesviridae
NC_024303.1,Herpesviridae
NC_026797.1,Flaviviridae
NC_001413.1,Retroviridae
NC_004421.1,Picornaviridae
NC_001414.1,Retroviridae
AC_000191.1,Adenoviridae
NC_001876.1,Adenoviridae
AC_000002.1,Adenoviridae
NC_027199.1,Coronaviridae
NC_001989.1,Pneumoviridae
NC_035208.1,Papillomaviridae
NC_005337.1,Poxviridae
NC_026249.1,Picornaviridae
NC_025811.1,Polyomaviridae
NC_025800.1,Polyomaviridae
NC_002161.1,Paramyxoviridae
NC_028362.1,Paramyxoviridae
NC_029852.1,Retroviridae
NC_010354.1,Picornaviridae
NC_034245.1,Picornaviridae
NC_007447.1,Coronaviridae
NC_001461.1,Flaviviridae
NC_012812.1,Flaviviridae
NC_034405.1,Hantaviridae
NC_034406.1,Hantaviridae
NC_034407.1,Hantaviridae
NC_016038.2,Luteoviridae
NC_030847.1,Potyviridae
NC_022037.1,Peribunyaviridae
NC_022038.1,Peribunyaviridae
NC_022039.1,Peribunyaviridae
NC_029104.1,Myoviridae
NC_028749.1,Siphoviridae
NC_029029.1,Myoviridae
NC_022980.1,Myoviridae
NC_028805.1,Siphoviridae
NC_028969.1,Myoviridae
NC_009530.1,Iflaviridae
NC_004006.1,Bromoviridae
NC_004007.1,Bromoviridae
NC_004008.1,Bromoviridae
NC_004423.1,Virgaviridae
NC_004424.1,Virgaviridae
NC_004425.1,Virgaviridae
NC_022004.1,Secoviridae
NC_022006.1,Secoviridae
NC_005289.1,Secoviridae
NC_005290.1,Secoviridae
NC_003003.1,Secoviridae
NC_003004.1,Secoviridae
NC_015253.1,Myoviridae
NC_015254.1,Siphoviridae
NC_015252.1,Siphoviridae
NC_002026.1,Bromoviridae
NC_002027.1,Bromoviridae
NC_002028.2,Bromoviridae
NC_003501.1,Potyviridae
NC_014822.1,Geminiviridae
NC_014236.1,Reoviridae
NC_014237.1,Reoviridae
NC_014238.1,Reoviridae
NC_014239.1,Reoviridae
NC_014240.1,Reoviridae
NC_014241.1,Reoviridae
NC_014242.1,Reoviridae
NC_014243.1,Reoviridae
NC_014244.1,Reoviridae
NC_014245.1,Reoviridae
NC_019447.1,Podoviridae
NC_019446.1,Podoviridae
NC_034394.1,Hantaviridae
NC_034395.1,Hantaviridae
NC_034402.1,Hantaviridae
NC_010944.1,Virgaviridae
NC_020105.1,Potyviridae
NC_014536.1,Potyviridae
NC_028811.1,Coronaviridae
NC_028833.1,Coronaviridae
NC_028814.1,Coronaviridae
NC_028824.1,Coronaviridae
NC_024888.1,Parvoviridae
NC_033830.1,Phenuiviridae
NC_033831.1,Phenuiviridae
NC_033847.1,Phenuiviridae
NC_014373.1,Filoviridae
NC_001925.1,Peribunyaviridae
NC_001926.1,Peribunyaviridae
NC_001927.1,Peribunyaviridae
NC_031284.1,Hantaviridae
NC_031285.1,Hantaviridae
NC_031286.1,Hantaviridae
NC_021735.1,Benyviridae
NC_021736.1,Benyviridae
NC_018283.1,Siphoviridae
NC_007497.1,Siphoviridae
NC_005886.2,Myoviridae
NC_009447.1,Siphoviridae
NC_005091.2,Siphoviridae
NC_022916.1,Podoviridae
NC_015266.1,Myoviridae
NC_011216.1,Myoviridae
NC_015273.1,Myoviridae
NC_015265.1,Myoviridae
NC_013055.1,Siphoviridae
NC_021343.1,Myoviridae
NC_005263.2,Myoviridae
NC_005262.3,Podoviridae
NC_005342.2,Myoviridae
NC_004333.2,Myoviridae
NC_005887.1,Podoviridae
NC_009015.1,Myoviridae
NC_012743.2,Podoviridae
NC_019917.1,Podoviridae
NC_005882.1,Myoviridae
NC_009604.1,Myoviridae
NC_018452.1,Podoviridae
NC_018278.1,Siphoviridae
NC_005284.1,Siphoviridae
NC_007145.2,Myoviridae
NC_009235.2,Siphoviridae
NC_009236.1,Myoviridae
NC_003309.1,Siphoviridae
NC_009234.1,Myoviridae
NC_009237.1,Myoviridae
NC_024472.1,Astroviridae
NC_023813.1,Reoviridae
NC_023814.1,Reoviridae
NC_023815.1,Reoviridae
NC_023816.1,Reoviridae
NC_023817.1,Reoviridae
NC_023818.1,Reoviridae
NC_023819.1,Reoviridae
NC_023820.1,Reoviridae
NC_023821.1,Reoviridae
NC_023822.1,Reoviridae
NC_013527.1,Betaflexiviridae
NC_023442.1,Baculoviridae
NC_034479.1,Peribunyaviridae
NC_034480.1,Peribunyaviridae
NC_034490.1,Peribunyaviridae
NC_003866.1,Geminiviridae
NC_003887.1,Geminiviridae
NC_033738.1,Caulimoviridae
NC_001574.1,Caulimoviridae
NC_033739.1,Caulimoviridae
NC_026623.1,Flaviviridae
NC_011803.1,Virgaviridae
NC_002815.2,Alphaflexiviridae
NC_021178.1,Picornaviridae
NC_014637.1,Mimiviridae
NC_018572.1,Potyviridae
NC_027795.1,Circoviridae
NC_021926.1,Tombusviridae
NC_006875.1,Caliciviridae
NC_004108.1,Peribunyaviridae
NC_004109.1,Peribunyaviridae
NC_004110.1,Peribunyaviridae
NC_036607.1,Tospoviridae
NC_036608.1,Tospoviridae
NC_036609.1,Tospoviridae
NC_027784.1,Circoviridae
NC_027785.1,Circoviridae
NC_029904.1,Reoviridae
NC_030794.1,Potyviridae
NC_004367.1,Herpesviridae
NC_003391.1,Poxviridae
NC_015268.1,Papillomaviridae
NC_007985.1,Polydnaviridae
NC_007986.1,Polydnaviridae
NC_007987.1,Polydnaviridae
NC_007988.1,Polydnaviridae
NC_007989.1,Polydnaviridae
NC_007990.1,Polydnaviridae
NC_007991.1,Polydnaviridae
NC_007992.1,Polydnaviridae
NC_007993.1,Polydnaviridae
NC_007994.1,Polydnaviridae
NC_007995.1,Polydnaviridae
NC_007996.1,Polydnaviridae
NC_007998.1,Polydnaviridae
NC_007999.1,Polydnaviridae
NC_008000.1,Polydnaviridae
NC_008001.1,Polydnaviridae
NC_008002.1,Polydnaviridae
NC_008003.1,Polydnaviridae
NC_008004.1,Polydnaviridae
NC_008005.1,Polydnaviridae
NC_008006.1,Polydnaviridae
NC_008007.1,Polydnaviridae
NC_008008.1,Polydnaviridae
NC_029312.1,Totiviridae
NC_027212.1,Totiviridae
NC_031909.1,Myoviridae
NC_019507.1,Myoviridae
NC_027997.1,Myoviridae
NC_018861.1,Myoviridae
NC_027996.1,Myoviridae
NC_016562.1,Myoviridae
NC_015464.1,Myoviridae
NC_003410.1,Circoviridae
NC_005309.1,Poxviridae
NC_015373.1,Phenuiviridae
NC_015374.1,Phenuiviridae
NC_015375.1,Phenuiviridae
NC_030117.1,Herpesviridae
NC_026814.1,Astroviridae
NC_004542.1,Caliciviridae
NC_020904.1,Circoviridae
NC_034971.1,Picornaviridae
NC_001734.1,Adenoviridae
AC_000003.1,Adenoviridae
AC_000020.1,Adenoviridae
NC_001921.1,Paramyxoviridae
NC_016075.1,Papillomaviridae
NC_019852.1,Papillomaviridae
NC_026640.1,Papillomaviridae
NC_016074.1,Papillomaviridae
NC_025344.1,Pneumoviridae
NC_034456.1,Polyomaviridae
NC_030462.1,Caulimoviridae
NC_013261.1,Potyviridae
NC_031130.1,Partitiviridae
NC_031134.1,Partitiviridae
NC_034515.1,Hantaviridae
NC_034525.1,Hantaviridae
NC_034528.1,Hantaviridae
NC_034474.1,Hantaviridae
NC_034484.1,Hantaviridae
NC_034485.1,Hantaviridae
NC_034482.1,Peribunyaviridae
NC_034483.1,Peribunyaviridae
NC_034493.1,Peribunyaviridae
NC_022007.1,Geminiviridae
NC_022008.1,Geminiviridae
NC_001463.1,Retroviridae
NC_023422.1,Picornaviridae
NC_008301.1,Tospoviridae
NC_008302.1,Tospoviridae
NC_008303.1,Tospoviridae
NC_034477.1,Peribunyaviridae
NC_034478.1,Peribunyaviridae
NC_034489.1,Peribunyaviridae
NC_001600.1,Tombusviridae
NC_020067.1,Polyomaviridae
NC_001479.1,Picornaviridae
NC_001366.1,Picornaviridae
NC_009448.2,Picornaviridae
NC_010810.1,Picornaviridae
NC_034513.1,Partitiviridae
NC_034523.1,Partitiviridae
NC_003498.1,Caulimoviridae
NC_003500.3,Tombusviridae
NC_001265.2,Tombusviridae
NC_003530.1,Tombusviridae
NC_003531.1,Tombusviridae
NC_022978.1,Closteroviridae
NC_001662.1,Parvoviridae
NC_004442.1,Parvoviridae
NC_020499.1,Parvoviridae
NC_017823.1,Parvoviridae
NC_001539.1,Parvoviridae
NC_028120.1,Polyomaviridae
NC_002803.1,Rhabdoviridae
NC_025469.1,Betaflexiviridae
NC_025468.1,Betaflexiviridae
NC_001726.1,Tombusviridae
NC_011515.1,Tombusviridae
NC_006265.1,Luteoviridae
NC_025254.1,Potyviridae
NC_025479.2,Secoviridae
NC_025480.2,Secoviridae
NC_013007.1,Closteroviridae
NC_012698.2,Potyviridae
NC_001658.1,Alphaflexiviridae
NC_025482.1,Bromoviridae
NC_025483.1,Bromoviridae
NC_025484.1,Bromoviridae
NC_017004.1,Geminiviridae
NC_017005.1,Geminiviridae
NC_001648.1,Caulimoviridae
NC_034375.1,Alphaflexiviridae
NC_006999.2,Bromoviridae
NC_007000.2,Bromoviridae
NC_007001.1,Bromoviridae
NC_027210.1,Potyviridae
NC_025964.1,Geminiviridae
NC_030240.1,Baculoviridae
NC_001497.2,Caulimoviridae
NC_019406.1,Siphoviridae
NC_025422.1,Myoviridae
NC_029092.1,Podoviridae
NC_019453.1,Leviviridae
NC_019410.1,Siphoviridae
NC_019407.1,Siphoviridae
NC_019405.1,Siphoviridae
NC_019408.1,Siphoviridae
NC_019411.1,Siphoviridae
NC_020231.1,Herpesviridae
NC_019854.2,Polyomaviridae
NC_025351.1,Paramyxoviridae
NC_015393.1,Potyviridae
NC_001564.2,Flaviviridae
NC_021802.1,Siphoviridae
NC_021797.1,Microviridae
NC_021805.1,Microviridae
NC_021803.1,Podoviridae
NC_021806.1,Podoviridae
NC_021794.1,Podoviridae
NC_021799.1,Siphoviridae
NC_021789.1,Podoviridae
NC_021796.1,Podoviridae
NC_021804.1,Siphoviridae
NC_021800.1,Siphoviridae
NC_021792.1,Podoviridae
NC_020860.1,Myoviridae
NC_021791.1,Siphoviridae
NC_021795.1,Siphoviridae
NC_021798.1,Podoviridae
NC_021790.1,Siphoviridae
NC_021788.1,Podoviridae
NC_020842.1,Siphoviridae
NC_031687.1,Dicistroviridae
NC_031688.1,Dicistroviridae
NC_025790.1,Polyomaviridae
NC_016998.1,Geminiviridae
NC_031462.1,Endornaviridae
NC_031463.1,Endornaviridae
NC_031461.1,Endornaviridae
NC_031449.1,Endornaviridae
NC_031464.1,Endornaviridae
NC_010705.1,Partitiviridae
NC_010706.1,Partitiviridae
NC_010754.1,Partitiviridae
NC_010755.1,Partitiviridae
NC_006560.1,Herpesviridae
NC_002686.2,Herpesviridae
NC_027016.1,Herpesviridae
NC_012783.2,Herpesviridae
NC_025892.1,Polyomaviridae
NC_002198.2,Luteoviridae
NC_004751.1,Luteoviridae
NC_034834.1,Adenoviridae
NC_035619.1,Adenoviridae
NC_030151.1,Papillomaviridae
NC_004324.3,Caulimoviridae
NC_005283.1,Paramyxoviridae
NC_034550.1,Rhabdoviridae
NC_020065.1,Polyomaviridae
NC_005883.1,Totiviridae
NC_020805.1,Rhabdoviridae
NC_022633.1,Reoviridae
NC_022634.1,Reoviridae
NC_022635.1,Reoviridae
NC_022636.1,Reoviridae
NC_022637.1,Reoviridae
NC_022638.1,Reoviridae
NC_022639.1,Reoviridae
NC_022640.1,Reoviridae
NC_022641.1,Reoviridae
NC_022642.1,Reoviridae
NC_017086.1,Flaviviridae
NC_010562.1,Arenaviridae
NC_010563.1,Arenaviridae
NC_002588.1,Tymoviridae
NC_004618.1,Geminiviridae
NC_028891.1,Herpesviridae
NC_027534.1,Reoviridae
NC_027535.1,Reoviridae
NC_027536.1,Reoviridae
NC_027537.1,Reoviridae
NC_027538.1,Reoviridae
NC_027548.1,Reoviridae
NC_027549.1,Reoviridae
NC_027550.1,Reoviridae
NC_027551.1,Reoviridae
NC_027552.1,Reoviridae
NC_036389.1,Iflaviridae
NC_031800.1,Luteoviridae
NC_006440.1,Partitiviridae
NC_006441.1,Partitiviridae
NC_001946.1,Betaflexiviridae
NC_015414.1,Secoviridae
NC_015415.1,Secoviridae
NC_002500.1,Betaflexiviridae
NC_002468.1,Betaflexiviridae
NC_006271.1,Secoviridae
NC_006272.1,Secoviridae
NC_020996.1,Betaflexiviridae
NC_024449.1,Betaflexiviridae
NC_003689.1,Betaflexiviridae
NC_001427.1,Circoviridae
NC_014930.1,Circoviridae
NC_003790.1,Astroviridae
NC_033081.1,Caliciviridae
NC_024770.1,Picornaviridae
NC_025432.1,Picornaviridae
NC_024765.1,Picornaviridae
NC_024768.1,Picornaviridae
NC_024769.1,Picornaviridae
NC_028380.1,Picornaviridae
NC_022131.1,Geminiviridae
NC_014740.1,Geminiviridae
NC_011058.1,Geminiviridae
NC_008249.1,Luteoviridae
NC_014739.1,Geminiviridae
NC_025475.1,Geminiviridae
NC_004162.2,Togaviridae
NC_028046.1,Geminiviridae
NC_004628.1,Geminiviridae
NC_016044.1,Potyviridae
NC_005778.1,Potyviridae
NC_014127.1,Tymoviridae
NC_030466.1,Circoviridae
NC_030472.1,Microviridae
NC_030476.1,Microviridae
NC_030458.1,Microviridae
NC_014743.1,Polyomaviridae
NC_002356.1,Virgaviridae
NC_002359.1,Virgaviridae
NC_018455.1,Potyviridae
NC_003830.1,Geminiviridae
NC_003831.1,Geminiviridae
NC_026812.1,Coronaviridae
NC_008297.1,Papillomaviridae
NC_010226.1,Papillomaviridae
NC_016014.1,Papillomaviridae
NC_014468.1,Parvoviridae
NC_016744.1,Parvoviridae
NC_007461.1,Microviridae
NC_001741.1,Microviridae
NC_002194.1,Microviridae
NC_002180.1,Microviridae
NC_001998.1,Microviridae
NC_001466.1,Geminiviridae
NC_019844.1,Polyomaviridae
NC_025896.1,Polyomaviridae
NC_025898.1,Polyomaviridae
NC_027553.1,Reoviridae
NC_027554.1,Reoviridae
NC_027555.1,Reoviridae
NC_027556.1,Reoviridae
NC_027557.1,Reoviridae
NC_027558.1,Reoviridae
NC_027559.1,Reoviridae
NC_027560.1,Reoviridae
NC_027561.1,Reoviridae
NC_027562.1,Reoviridae
NC_016443.1,Secoviridae
NC_016444.1,Secoviridae
NC_021248.1,Poxviridae
NC_005137.2,Baculoviridae
NC_004778.3,Baculoviridae
NC_023177.1,Baculoviridae
NC_008168.1,Baculoviridae
NC_021924.1,Baculoviridae
NC_021249.1,Poxviridae
NC_027718.1,Tospoviridae
NC_027719.1,Tospoviridae
NC_027720.1,Tospoviridae
NC_009087.2,Betaflexiviridae
NC_028094.1,Phycodnaviridae
NC_007151.1,Baculoviridae
NC_026268.1,Baculoviridae
NC_023420.2,Reoviridae
NC_024910.1,Reoviridae
NC_024911.1,Reoviridae
NC_024912.1,Reoviridae
NC_024913.1,Reoviridae
NC_024914.1,Reoviridae
NC_024915.1,Reoviridae
NC_024916.1,Reoviridae
NC_024917.1,Reoviridae
NC_024918.1,Reoviridae
NC_024919.1,Reoviridae
NC_024920.1,Reoviridae
NC_025705.1,Circoviridae
NC_025715.1,Circoviridae
NC_025716.1,Circoviridae
NC_025717.1,Circoviridae
NC_025718.1,Circoviridae
NC_025719.1,Circoviridae
NC_025720.1,Circoviridae
NC_025709.1,Circoviridae
NC_025723.1,Circoviridae
NC_025706.1,Circoviridae
NC_025724.1,Circoviridae
NC_025708.1,Circoviridae
NC_025711.1,Circoviridae
NC_025712.1,Circoviridae
NC_025713.1,Circoviridae
NC_025714.1,Circoviridae
NC_025710.1,Circoviridae
NC_025722.1,Circoviridae
NC_025216.1,Circoviridae
NC_030463.1,Circoviridae
NC_030460.1,Circoviridae
NC_030464.1,Circoviridae
NC_030468.1,Circoviridae
NC_030469.1,Circoviridae
NC_030465.1,Circoviridae
NC_030467.1,Circoviridae
NC_030470.1,Circoviridae
NC_030473.1,Circoviridae
NC_030478.1,Circoviridae
NC_030455.1,Circoviridae
NC_030457.1,Circoviridae
NC_030459.1,Circoviridae
NC_030471.1,Circoviridae
NC_030474.1,Circoviridae
NC_030477.1,Circoviridae
NC_030456.1,Circoviridae
NC_030475.1,Circoviridae
NC_034210.1,Circoviridae
NC_023576.1,Podoviridae
NC_023548.1,Podoviridae
NC_027988.2,Podoviridae
NC_029013.1,Myoviridae
NC_028755.1,Myoviridae
NC_028247.1,Myoviridae
NC_025414.1,Myoviridae
NC_028880.1,Podoviridae
NC_031066.1,Podoviridae
NC_031092.1,Podoviridae
NC_031123.1,Podoviridae
NC_031018.1,Podoviridae
NC_031057.1,Myoviridae
NC_028857.1,Myoviridae
NC_027293.1,Myoviridae
NC_027331.1,Myoviridae
NC_027350.1,Siphoviridae
NC_018151.1,Geminiviridae
NC_035454.1,Phenuiviridae
NC_035759.1,Phenuiviridae
NC_023153.1,Retroviridae
NC_003877.1,Betaflexiviridae
NC_003546.1,Bromoviridae
NC_003547.1,Bromoviridae
NC_003548.1,Bromoviridae
NC_006314.1,Ophioviridae
NC_006315.1,Ophioviridae
NC_006316.1,Ophioviridae
NC_006950.1,Tymoviridae
NC_001661.1,Closteroviridae
NC_009536.1,Bromoviridae
NC_009537.1,Bromoviridae
NC_009538.1,Bromoviridae
NC_021564.1,Luteoviridae
NC_003382.1,Caulimoviridae
NC_026592.1,Alphaflexiviridae
NC_008293.1,Baculoviridae
NC_002657.1,Flaviviridae
NC_013698.1,Siphoviridae
NC_023549.1,Siphoviridae
NC_033777.1,Tombusviridae
NC_015397.1,Geminiviridae
NC_016572.1,Geminiviridae
NC_016578.1,Geminiviridae
NC_010713.1,Geminiviridae
NC_010714.1,Geminiviridae
NC_009451.1,Geminiviridae
NC_011346.1,Geminiviridae
NC_011347.1,Geminiviridae
NC_017003.1,Narnaviridae
NC_016519.1,Virgaviridae
NC_015398.1,Baculoviridae
NC_022646.1,Baculoviridae
NC_007581.1,Myoviridae
NC_024144.1,Myoviridae
NC_019523.1,Podoviridae
NC_003524.1,Siphoviridae
NC_019924.1,Siphoviridae
NC_028905.1,Siphoviridae
NC_028958.1,Siphoviridae
NC_029048.2,Myoviridae
NC_015568.1,Siphoviridae
NC_028951.1,Myoviridae
NC_028764.1,Myoviridae
NC_028838.1,Myoviridae
NC_015262.1,Siphoviridae
NC_029001.1,Myoviridae
NC_029116.1,Myoviridae
NC_028996.1,Myoviridae
NC_019506.1,Siphoviridae
NC_019496.1,Siphoviridae
NC_019508.1,Siphoviridae
NC_011318.1,Siphoviridae
NC_017980.1,Podoviridae
NC_018083.1,Podoviridae
NC_029004.1,Siphoviridae
NC_014457.1,Siphoviridae
NC_028883.1,Myoviridae
NC_019421.1,Myoviridae
NC_028959.1,Myoviridae
NC_019422.1,Myoviridae
NC_017978.1,Siphoviridae
NC_008265.1,Siphoviridae
NC_018084.1,Podoviridae
NC_021325.1,Siphoviridae
NC_009231.1,Myoviridae
NC_007917.1,Myoviridae
NC_011398.1,Myoviridae
NC_001753.1,Alphaflexiviridae
NC_003536.1,Potyviridae
NC_029304.2,Baculoviridae
NC_025397.1,Rhabdoviridae
NC_028255.1,Rhabdoviridae
NC_024809.1,Geminiviridae
NC_024810.1,Geminiviridae
NC_030840.1,Potyviridae
NC_020206.1,Circoviridae
NC_011108.1,Tombusviridae
NC_003742.1,Potyviridae
NC_030842.1,Iridoviridae
NC_009764.1,Betaflexiviridae
NC_015692.1,Papillomaviridae
NC_034551.1,Rhabdoviridae
NC_020072.1,Potyviridae
NC_029034.2,Virgaviridae
NC_029035.2,Virgaviridae
NC_029037.2,Virgaviridae
NC_004180.1,Reoviridae
NC_004181.1,Reoviridae
NC_004182.1,Reoviridae
NC_004183.1,Reoviridae
NC_004184.1,Reoviridae
NC_004185.1,Reoviridae
NC_004186.1,Reoviridae
NC_004187.1,Reoviridae
NC_004188.1,Reoviridae
NC_004189.1,Reoviridae
NC_004190.1,Reoviridae
NC_004191.1,Reoviridae
NC_024450.1,Herpesviridae
NC_034266.1,Herpesviridae
NC_018088.1,Siphoviridae
NC_001343.1,Caulimoviridae
NC_031961.1,Geminiviridae
NC_016996.1,Coronaviridae
NC_026430.1,Baculoviridae
NC_007523.1,Totiviridae
NC_031957.1,Rhabdoviridae
NC_009644.1,Geminiviridae
NC_009646.1,Geminiviridae
NC_008492.1,Geminiviridae
NC_008493.1,Geminiviridae
NC_020473.1,Geminiviridae
NC_006358.1,Geminiviridae
NC_006359.1,Geminiviridae
NC_034972.1,Coronaviridae
NC_007922.1,Polyomaviridae
NC_009799.3,Siphoviridae
NC_009816.1,Siphoviridae
NC_012800.1,Picornaviridae
NC_012801.1,Picornaviridae
NC_012802.1,Picornaviridae
NC_012798.1,Picornaviridae
NC_034385.1,Picornaviridae
NC_025961.1,Picornaviridae
NC_006633.1,Polydnaviridae
NC_006634.1,Polydnaviridae
NC_006635.1,Polydnaviridae
NC_006636.1,Polydnaviridae
NC_006637.1,Polydnaviridae
NC_006638.1,Polydnaviridae
NC_006639.1,Polydnaviridae
NC_006640.1,Polydnaviridae
NC_006641.1,Polydnaviridae
NC_006642.1,Polydnaviridae
NC_006643.1,Polydnaviridae
NC_006644.1,Polydnaviridae
NC_006645.1,Polydnaviridae
NC_006646.1,Polydnaviridae
NC_006647.1,Polydnaviridae
NC_006648.1,Polydnaviridae
NC_006649.1,Polydnaviridae
NC_006650.1,Polydnaviridae
NC_006651.1,Polydnaviridae
NC_006652.1,Polydnaviridae
NC_006653.1,Polydnaviridae
NC_006654.1,Polydnaviridae
NC_006655.1,Polydnaviridae
NC_006656.1,Polydnaviridae
NC_006657.1,Polydnaviridae
NC_006658.1,Polydnaviridae
NC_006659.1,Polydnaviridae
NC_006660.1,Polydnaviridae
NC_006661.1,Polydnaviridae
NC_006662.1,Polydnaviridae
NC_016924.1,Poxviridae
NC_004580.1,Geminiviridae
NC_004581.1,Geminiviridae
NC_004582.1,Geminiviridae
NC_007290.1,Geminiviridae
NC_012137.1,Geminiviridae
NC_002510.1,Geminiviridae
NC_004583.1,Geminiviridae
NC_004607.1,Geminiviridae
NC_011804.1,Geminiviridae
NC_003199.1,Geminiviridae
NC_029648.1,Geminiviridae
NC_031760.1,Geminiviridae
NC_014545.1,Luteoviridae
NC_030310.1,Geminiviridae
NC_030311.1,Geminiviridae
NC_004013.1,Potyviridae
NC_003541.1,Bromoviridae
NC_003542.1,Bromoviridae
NC_003543.1,Bromoviridae
NC_014730.1,Betaflexiviridae
NC_003549.1,Secoviridae
NC_003550.1,Secoviridae
NC_003535.1,Tombusviridae
NC_034246.1,Luteoviridae
NC_034247.1,Luteoviridae
NC_003544.1,Secoviridae
NC_003545.1,Secoviridae
NC_003663.2,Poxviridae
NC_023008.1,Polyomaviridae
NC_008794.1,Geminiviridae
NC_015049.1,Herpesviridae
NC_003924.1,Dicistroviridae
NC_005300.2,Hantaviridae
NC_005301.3,Hantaviridae
NC_005302.1,Hantaviridae
NC_025219.1,Dicistroviridae
NC_018276.1,Siphoviridae
NC_023614.1,Siphoviridae
NC_025474.1,Picornaviridae
NC_005997.1,Reoviridae
NC_005998.1,Reoviridae
NC_005999.1,Reoviridae
NC_006000.1,Reoviridae
NC_006001.1,Reoviridae
NC_006002.1,Reoviridae
NC_006003.1,Reoviridae
NC_006004.1,Reoviridae
NC_006005.1,Reoviridae
NC_006006.1,Reoviridae
NC_030393.1,Narnaviridae
NC_030395.1,Narnaviridae
NC_030396.1,Narnaviridae
NC_030397.1,Narnaviridae
NC_030399.1,Narnaviridae
NC_021531.1,Myoviridae
NC_029070.1,Podoviridae
NC_023558.1,Podoviridae
NC_019934.1,Siphoviridae
NC_019927.1,Myoviridae
NC_018454.1,Siphoviridae
NC_028773.1,Myoviridae
NC_019398.1,Myoviridae
NC_019401.1,Myoviridae
NC_019402.1,Podoviridae
NC_020078.1,Podoviridae
NC_017974.1,Myoviridae
NC_024354.1,Myoviridae
NC_023717.1,Myoviridae
NC_019509.1,Siphoviridae
NC_019400.1,Myoviridae
NC_028672.1,Myoviridae
NC_004300.1,Geminiviridae
NC_014473.1,Geminiviridae
NC_001492.1,Hypoviridae
NC_000960.1,Hypoviridae
NC_006431.1,Hypoviridae
NC_004046.1,Narnaviridae
NC_005068.1,Baculoviridae
NC_004725.1,Tombusviridae
NC_002633.1,Virgaviridae
NC_001801.1,Virgaviridae
NC_007816.2,Tombusviridae
NC_001440.1,Bromoviridae
NC_002034.1,Bromoviridae
NC_002035.1,Bromoviridae
NC_008614.1,Virgaviridae
NC_001469.1,Tombusviridae
NC_006941.1,Potyviridae
NC_029064.1,Endornaviridae
NC_003688.1,Luteoviridae
NC_018173.1,Closteroviridae
NC_018174.1,Closteroviridae
NC_002984.1,Geminiviridae
NC_002985.1,Geminiviridae
NC_035134.1,Potyviridae
NC_004809.1,Closteroviridae
NC_004810.1,Closteroviridae
NC_008604.2,Flaviviridae
NC_003084.1,Baculoviridae
NC_018703.1,Tymoviridae
NC_025384.1,Rhabdoviridae
NC_030290.1,Flaviviridae
NC_010252.1,Arenaviridae
NC_010254.1,Arenaviridae
NC_029036.1,Secoviridae
NC_029038.1,Secoviridae
NC_029301.1,Betaflexiviridae
NC_016657.1,Podoviridae
NC_016658.1,Podoviridae
NC_016659.1,Podoviridae
NC_021071.1,Myoviridae
NC_020855.1,Myoviridae
NC_028663.1,Myoviridae
NC_022751.1,Podoviridae
NC_013021.1,Siphoviridae
NC_031235.1,Myoviridae
NC_031242.1,Myoviridae
NC_019516.2,Myoviridae
NC_011097.2,Caulimoviridae
NC_003791.1,Secoviridae
NC_003792.2,Secoviridae
NC_014927.1,Circoviridae
NC_025476.1,Circoviridae
NC_002816.1,Baculoviridae
NC_001812.1,Alphaflexiviridae
NC_003532.1,Tombusviridae
NC_033176.1,Herpesviridae
NC_003016.1,Reoviridae
NC_003017.1,Reoviridae
NC_003018.1,Reoviridae
NC_003019.1,Reoviridae
NC_003020.1,Reoviridae
NC_003021.1,Reoviridae
NC_003022.1,Reoviridae
NC_003023.1,Reoviridae
NC_003024.1,Reoviridae
NC_003025.1,Reoviridae
NC_003006.1,Reoviridae
NC_003007.1,Reoviridae
NC_003008.1,Reoviridae
NC_003009.1,Reoviridae
NC_003010.1,Reoviridae
NC_003011.1,Reoviridae
NC_003012.1,Reoviridae
NC_003013.1,Reoviridae
NC_003014.1,Reoviridae
NC_003015.1,Reoviridae
NC_002557.1,Reoviridae
NC_002558.1,Reoviridae
NC_002559.1,Reoviridae
NC_002560.1,Reoviridae
NC_002561.1,Reoviridae
NC_002562.1,Reoviridae
NC_002563.1,Reoviridae
NC_002564.1,Reoviridae
NC_002565.1,Reoviridae
NC_002566.1,Reoviridae
NC_002567.1,Reoviridae
NC_023486.1,Reoviridae
NC_023487.1,Reoviridae
NC_023488.1,Reoviridae
NC_023489.1,Reoviridae
NC_023490.1,Reoviridae
NC_023491.1,Reoviridae
NC_023492.1,Reoviridae
NC_023493.1,Reoviridae
NC_023494.1,Reoviridae
NC_023495.1,Reoviridae
NC_010661.1,Reoviridae
NC_010662.1,Reoviridae
NC_010663.1,Reoviridae
NC_010664.1,Reoviridae
NC_010665.1,Reoviridae
NC_010666.1,Reoviridae
NC_010667.1,Reoviridae
NC_010668.1,Reoviridae
NC_010669.1,Reoviridae
NC_010670.1,Reoviridae
NC_019491.1,Alloherpesviridae
NC_019495.1,Alloherpesviridae
NC_009127.1,Alloherpesviridae
NC_017977.1,Potyviridae
NC_018616.1,Caulimoviridae
NC_018716.1,Geminiviridae
NC_018718.1,Geminiviridae
NC_023842.1,Parvoviridae
NC_008028.1,Potyviridae
NC_008020.1,Betaflexiviridae
NC_003537.1,Potyviridae
NC_018715.1,Geminiviridae
NC_018717.1,Geminiviridae
NC_028231.1,Rhabdoviridae
NC_026943.1,Parvoviridae
NC_007218.1,Parvoviridae
NC_011545.2,Parvoviridae
NC_014357.1,Parvoviridae
NC_002190.2,Parvoviridae
NC_004830.2,Iflaviridae
NC_013697.1,Myoviridae
NC_029803.1,Geminiviridae
NC_029804.1,Geminiviridae
NC_028702.1,Podoviridae
NC_027348.2,Podoviridae
NC_035117.1,Herpesviridae
NC_025899.1,Polyomaviridae
NC_001524.1,Papillomaviridae
NC_001523.1,Papillomaviridae
NC_001789.1,Papillomaviridae
NC_001522.1,Papillomaviridae
NC_011051.1,Papillomaviridae
NC_015267.1,Papillomaviridae
NC_025838.1,Reoviridae
NC_025839.1,Reoviridae
NC_025840.1,Reoviridae
NC_025841.1,Reoviridae
NC_025842.1,Reoviridae
NC_025843.1,Reoviridae
NC_025844.1,Reoviridae
NC_025845.1,Reoviridae
NC_025846.1,Reoviridae
NC_025847.1,Reoviridae
NC_025848.1,Reoviridae
NC_025849.1,Reoviridae
NC_025850.1,Reoviridae
NC_025851.1,Reoviridae
NC_025852.1,Reoviridae
NC_025853.1,Reoviridae
NC_005898.1,Alphatetraviridae
NC_005899.1,Alphatetraviridae
NC_001477.1,Flaviviridae
NC_001475.2,Flaviviridae
NC_002640.1,Flaviviridae
NC_001474.2,Flaviviridae
NC_034510.1,Hantaviridae
NC_034520.1,Hantaviridae
NC_034521.1,Hantaviridae
NC_008494.1,Geminiviridae
NC_008495.1,Geminiviridae
NC_027117.1,Retroviridae
NC_032097.1,Parvoviridae
NC_028122.1,Polyomaviridae
NC_034254.1,Orthomyxoviridae
NC_034255.1,Orthomyxoviridae
NC_034256.1,Orthomyxoviridae
NC_034261.1,Orthomyxoviridae
NC_034262.1,Orthomyxoviridae
NC_034263.1,Orthomyxoviridae
NC_030451.1,Rhabdoviridae
NC_011335.1,Ascoviridae
NC_034384.1,Iflaviridae
NC_036586.1,Mesoniviridae
NC_030296.1,Parvoviridae
NC_011086.1,Tymoviridae
NC_001899.1,Parvoviridae
NC_028491.1,Baculoviridae
NC_025452.1,Myoviridae
NC_019925.1,Myoviridae
NC_003856.1,Geminiviridae
NC_003857.1,Geminiviridae
NC_027782.1,Circoviridae
NC_018579.1,Geminiviridae
NC_014547.1,Geminiviridae
NC_001478.1,Geminiviridae
NC_022614.1,Partitiviridae
NC_022615.1,Partitiviridae
NC_021147.1,Partitiviridae
NC_021148.1,Partitiviridae
NC_025835.1,Iflaviridae
NC_024367.1,Podoviridae
NC_009010.1,Caulimoviridae
NC_031763.1,Secoviridae
NC_031766.1,Secoviridae
NC_012685.1,Parvoviridae
NC_011317.1,Parvoviridae
NC_012636.1,Parvoviridae
NC_004285.1,Parvoviridae
NC_002797.1,Partitiviridae
NC_002800.1,Partitiviridae
NC_003710.1,Partitiviridae
NC_003711.1,Partitiviridae
NC_019029.1,Betaflexiviridae
NC_019030.1,Betaflexiviridae
NC_005233.1,Hantaviridae
NC_005234.1,Hantaviridae
NC_005235.1,Hantaviridae
NC_026768.1,Polyomaviridae
NC_026770.1,Polyomaviridae
NC_026769.1,Polyomaviridae
NC_005338.2,Geminiviridae
NC_024779.1,Geminiviridae
NC_025406.1,Rhabdoviridae
NC_016997.1,Flaviviridae
NC_022894.1,Alphaflexiviridae
NC_021197.1,Potyviridae
NC_008034.1,Caulimoviridae
NC_023886.1,Circoviridae
NC_023869.1,Circoviridae
NC_023868.1,Circoviridae
NC_023866.1,Circoviridae
NC_019497.1,Geminiviridae
NC_027711.1,Astroviridae
NC_035186.1,Parvoviridae
NC_035185.1,Parvoviridae
NC_025959.1,Circoviridae
NC_001834.1,Dicistroviridae
NC_013135.1,Rhabdoviridae
NC_013499.1,Totiviridae
NC_022580.1,Rhabdoviridae
NC_004169.1,Birnaviridae
NC_004177.1,Birnaviridae
NC_034977.1,Circoviridae
NC_012437.1,Astroviridae
NC_001813.1,Adenoviridae
AC_000004.1,Adenoviridae
NC_024486.1,Adenoviridae
NC_006561.1,Circoviridae
NC_005053.1,Circoviridae
NC_007220.1,Circoviridae
NC_001344.1,Hepadnaviridae
NC_024120.1,Picornaviridae
NC_023985.1,Picornaviridae
NC_004157.1,Hantaviridae
NC_004158.1,Hantaviridae
NC_004159.1,Hantaviridae
NC_007609.1,Tymoviridae
NC_020810.1,Rhabdoviridae
NC_023882.1,Papillomaviridae
NC_011280.1,Papillomaviridae
NC_013117.1,Papillomaviridae
NC_011765.1,Papillomaviridae
NC_020085.1,Papillomaviridae
NC_023895.1,Papillomaviridae
NC_014143.1,Papillomaviridae
NC_016013.1,Papillomaviridae
NC_015325.1,Papillomaviridae
NC_023496.1,Papillomaviridae
NC_018076.1,Papillomaviridae
NC_017862.1,Papillomaviridae
NC_020500.1,Papillomaviridae
NC_023178.1,Papillomaviridae
NC_007612.1,Papillomaviridae
NC_011530.1,Papillomaviridae
NC_004625.1,Geminiviridae
NC_004630.1,Geminiviridae
NC_011583.1,Geminiviridae
NC_011584.1,Geminiviridae
NC_022644.1,Geminiviridae
NC_022645.1,Geminiviridae
NC_004674.1,Geminiviridae
NC_004676.1,Geminiviridae
NC_004655.1,Geminiviridae
NC_004656.2,Geminiviridae
NC_007728.1,Potyviridae
NC_003899.1,Togaviridae
NC_016660.1,Geminiviridae
NC_002687.1,Phycodnaviridae
NC_004105.1,Poxviridae
NC_008586.1,Baculoviridae
NC_005092.1,Iflaviridae
NC_030289.1,Flaviviridae
NC_026611.1,Myoviridae
NC_028683.1,Myoviridae
NC_023555.1,Siphoviridae
NC_019420.1,Podoviridae
NC_020082.1,Myoviridae
NC_021342.2,Myoviridae
NC_026665.1,Microviridae
NC_001480.1,Tymoviridae
NC_023339.1,Tombusviridae
NC_025389.1,Rhabdoviridae
NC_033740.1,Papillomaviridae
NC_033745.1,Papillomaviridae
NC_020068.1,Polyomaviridae
NC_018615.1,Togaviridae
NC_002701.1,Totiviridae
NC_026140.1,Totiviridae
NC_024778.1,Bornaviridae
NC_029085.1,Betaflexiviridae
NC_029086.1,Betaflexiviridae
NC_029087.1,Betaflexiviridae
NC_029088.1,Betaflexiviridae
NC_029089.1,Betaflexiviridae
NC_026239.1,Tombusviridae
NC_028379.1,Herpesviridae
NC_024696.1,Herpesviridae
NC_020474.2,Herpesviridae
NC_003568.1,Bromoviridae
NC_003569.1,Bromoviridae
NC_003570.1,Bromoviridae
NC_035473.1,Geminiviridae
NC_010307.1,Geminiviridae
NC_007346.1,Phycodnaviridae
NC_034273.1,Potyviridae
NC_023873.1,Papillomaviridae
NC_008718.1,Flaviviridae
NC_031048.1,Myoviridae
NC_029102.1,Podoviridae
NC_028795.1,Podoviridae
NC_019485.1,Podoviridae
NC_019524.2,Siphoviridae
NC_028772.1,Podoviridae
NC_028695.2,Siphoviridae
NC_031077.1,Podoviridae
NC_023561.1,Myoviridae
NC_011045.1,Podoviridae
NC_015249.1,Podoviridae
NC_004913.3,Podoviridae
NC_000902.1,Podoviridae
NC_011040.1,Podoviridae
NC_004813.1,Siphoviridae
NC_019920.1,Leviviridae
NC_009514.1,Siphoviridae
NC_011042.1,Podoviridae
NC_006949.1,Siphoviridae
NC_025824.1,Inoviridae
NC_004301.1,Leviviridae
NC_022750.1,Myoviridae
NC_025425.1,Myoviridae
NC_019922.1,Leviviridae
NC_019768.1,Siphoviridae
NC_019710.1,Siphoviridae
NC_019717.1,Siphoviridae
NC_019714.1,Siphoviridae
NC_019769.1,Siphoviridae
NC_019767.1,Siphoviridae
NC_019711.1,Siphoviridae
NC_019723.1,Siphoviridae
NC_019719.1,Siphoviridae
NC_019501.1,Podoviridae
NC_025445.1,Podoviridae
NC_010105.1,Myoviridae
NC_007456.1,Podoviridae
NC_019707.1,Leviviridae
NC_019706.1,Siphoviridae
NC_019708.1,Siphoviridae
NC_019704.1,Siphoviridae
NC_019716.1,Siphoviridae
NC_019709.1,Siphoviridae
NC_019705.1,Siphoviridae
NC_001609.1,Myoviridae
NC_026014.1,Myoviridae
NC_021190.1,Siphoviridae
NC_023693.1,Myoviridae
NC_010106.1,Myoviridae
NC_003356.1,Myoviridae
NC_001422.1,Microviridae
NC_025448.1,Myoviridae
NC_027979.1,Myoviridae
NC_012635.1,Myoviridae
NC_027398.1,Podoviridae
NC_027339.1,Myoviridae
NC_003444.1,Myoviridae
NC_005841.1,Podoviridae
NC_003298.1,Podoviridae
NC_031019.1,Podoviridae
NC_020414.2,Podoviridae
NC_019403.1,Podoviridae
NC_031050.1,Siphoviridae
NC_019526.1,Myoviridae
NC_028656.1,Podoviridae
NC_007821.1,Microviridae
NC_019720.1,Siphoviridae
NC_019715.1,Siphoviridae
NC_019721.1,Siphoviridae
NC_031260.1,Siphoviridae
NC_027335.2,Myoviridae
NC_025465.1,Siphoviridae
NC_012419.1,Siphoviridae
NC_025453.1,Siphoviridae
NC_029009.1,Myoviridae
NC_029026.1,Myoviridae
NC_015270.1,Siphoviridae
NC_023595.2,Siphoviridae
NC_023551.1,Siphoviridae
NC_024356.1,Siphoviridae
NC_028826.1,Siphoviridae
NC_013696.1,Siphoviridae
NC_013644.1,Siphoviridae
NC_031051.1,Siphoviridae
NC_025467.1,Podoviridae
NC_028693.2,Podoviridae
NC_028990.1,Siphoviridae
NC_028671.2,Siphoviridae
NC_029016.1,Siphoviridae
NC_018086.1,Siphoviridae
NC_013646.1,Siphoviridae
NC_013643.1,Siphoviridae
NC_013648.1,Siphoviridae
NC_009904.1,Myoviridae
NC_024212.1,Siphoviridae
NC_001612.1,Picornaviridae
NC_033695.1,Picornaviridae
NC_001472.1,Picornaviridae
NC_002058.3,Picornaviridae
NC_001430.1,Picornaviridae
NC_001859.1,Picornaviridae
NC_008714.1,Picornaviridae
NC_021220.1,Picornaviridae
NC_004441.1,Picornaviridae
NC_034267.1,Picornaviridae
NC_003988.1,Picornaviridae
NC_010415.1,Picornaviridae
NC_013695.1,Picornaviridae
NC_029905.1,Picornaviridae
NC_024073.1,Picornaviridae
NC_004994.2,Retroviridae
NC_018875.1,Baculoviridae
NC_003083.1,Baculoviridae
NC_028461.1,Iridoviridae
NC_013396.1,Reoviridae
NC_013397.1,Reoviridae
NC_013398.1,Reoviridae
NC_013399.1,Reoviridae
NC_013400.1,Reoviridae
NC_013401.1,Reoviridae
NC_013402.1,Reoviridae
NC_013403.1,Reoviridae
NC_013404.1,Reoviridae
NC_013405.1,Reoviridae
NC_004195.1,Papillomaviridae
NC_035460.1,Poxviridae
NC_001491.2,Herpesviridae
NC_024771.1,Herpesviridae
NC_001844.1,Herpesviridae
NC_017826.1,Herpesviridae
NC_011644.1,Herpesviridae
NC_001650.2,Herpesviridae
NC_026421.1,Herpesviridae
NC_002532.2,Arteriviridae
NC_002201.1,Retroviridae
NC_024889.1,Flaviviridae
NC_001450.1,Retroviridae
NC_030792.1,Adenoviridae
NC_027705.1,Adenoviridae
NC_012123.1,Papillomaviridae
NC_017982.1,Polyomaviridae
NC_031756.1,Papillomaviridae
NC_020084.1,Papillomaviridae
NC_020501.1,Papillomaviridae
NC_012664.1,Geminiviridae
NC_015553.1,Geminiviridae
NC_010352.1,Geminiviridae
NC_003983.1,Picornaviridae
NC_009549.1,Geminiviridae
NC_025257.1,Baculoviridae
NC_019932.1,Myoviridae
NC_022744.1,Podoviridae
NC_016767.1,Podoviridae
NC_019926.1,Podoviridae
NC_027340.1,Myoviridae
NC_023610.1,Siphoviridae
NC_019929.1,Siphoviridae
NC_015295.1,Myoviridae
NC_031107.2,Myoviridae
NC_031126.1,Myoviridae
NC_031007.1,Myoviridae
NC_031127.1,Myoviridae
NC_031010.1,Myoviridae
NC_031043.1,Myoviridae
NC_019504.1,Myoviridae
NC_019510.1,Podoviridae
NC_019514.1,Podoviridae
NC_011811.1,Myoviridae
NC_015292.1,Myoviridae
NC_023557.1,Myoviridae
NC_023579.1,Podoviridae
NC_009014.1,Podoviridae
NC_031062.2,Podoviridae
NC_001977.1,Tymoviridae
NC_029078.1,Siphoviridae
NC_029095.1,Endornaviridae
NC_025447.1,Myoviridae
NC_031114.1,Podoviridae
NC_029091.1,Myoviridae
NC_025830.1,Myoviridae
NC_027387.1,Podoviridae
NC_013594.1,Myoviridae
NC_027330.1,Podoviridae
NC_025441.1,Myoviridae
NC_031081.1,Siphoviridae
NC_031113.1,Siphoviridae
NC_016158.1,Siphoviridae
NC_016160.1,Siphoviridae
NC_031047.1,Myoviridae
NC_031937.1,Podoviridae
NC_021344.2,Myoviridae
NC_031934.1,Myoviridae
NC_018846.1,Podoviridae
NC_028822.1,Podoviridae
NC_028863.1,Podoviridae
NC_027364.1,Myoviridae
NC_024379.1,Podoviridae
NC_020079.1,Myoviridae
NC_019520.1,Podoviridae
NC_027381.1,Podoviridae
NC_028896.1,Myoviridae
NC_028943.1,Myoviridae
NC_028831.1,Siphoviridae
NC_028927.1,Myoviridae
NC_028901.1,Siphoviridae
NC_028780.1,Myoviridae
NC_028448.1,Myoviridae
NC_028248.1,Myoviridae
NC_019445.1,Podoviridae
NC_031030.2,Myoviridae
NC_031082.1,Myoviridae
NC_024794.1,Myoviridae
NC_031103.1,Myoviridae
NC_031943.1,Podoviridae
NC_031928.1,Myoviridae
NC_019505.1,Myoviridae
NC_028903.1,Podoviridae
NC_001317.1,Myoviridae
NC_028660.1,Podoviridae
NC_027984.1,Podoviridae
NC_022968.1,Myoviridae
NC_000924.1,Podoviridae
NC_024146.1,Siphoviridae
NC_019404.1,Siphoviridae
NC_019725.1,Siphoviridae
NC_024793.1,Siphoviridae
NC_024784.1,Siphoviridae
NC_017969.1,Siphoviridae
NC_024789.1,Siphoviridae
NC_001330.1,Microviridae
NC_024786.1,Podoviridae
NC_024790.1,Podoviridae
NC_027983.1,Myoviridae
NC_028825.1,Myoviridae
NC_024142.2,Podoviridae
NC_019500.1,Myoviridae
NC_001426.1,Leviviridae
NC_019399.1,Myoviridae
NC_028776.1,Siphoviridae
NC_016570.1,Myoviridae
NC_014662.1,Myoviridae
NC_027995.1,Myoviridae
NC_027356.1,Siphoviridae
NC_024125.2,Myoviridae
NC_024210.1,Siphoviridae
NC_023743.1,Siphoviridae
NC_027369.1,Myoviridae
NC_018859.1,Podoviridae
NC_018854.1,Podoviridae
NC_025449.1,Myoviridae
NC_025446.1,Myoviridae
NC_024783.1,Siphoviridae
NC_025430.1,Myoviridae
NC_010583.1,Siphoviridae
NC_024139.1,Siphoviridae
NC_024134.1,Myoviridae
NC_028902.1,Leviviridae
NC_019517.1,Myoviridae
NC_001420.2,Microviridae
NC_007856.1,Microviridae
NC_015933.1,Podoviridae
NC_002166.1,Siphoviridae
NC_019724.1,Siphoviridae
NC_002167.1,Siphoviridae
NC_018855.1,Myoviridae
NC_027349.1,Myoviridae
NC_028872.1,Myoviridae
NC_001332.1,Inoviridae
NC_001954.1,Inoviridae
NC_014260.1,Myoviridae
NC_019503.1,Myoviridae
NC_019423.1,Podoviridae
NC_029021.1,Siphoviridae
NC_029028.1,Siphoviridae
NC_028997.1,Siphoviridae
NC_022323.1,Myoviridae
NC_029023.1,Myoviridae
NC_019419.2,Siphoviridae
NC_024124.2,Myoviridae
NC_012741.1,Myoviridae
NC_012740.1,Myoviridae
NC_008152.1,Podoviridae
NC_007637.1,Podoviridae
NC_027993.1,Siphoviridae
NC_027994.1,Siphoviridae
NC_015719.1,Podoviridae
NC_007291.1,Siphoviridae
NC_001416.1,Siphoviridae
NC_003287.2,Inoviridae
NC_010237.1,Podoviridae
NC_001417.2,Leviviridae
NC_000929.1,Myoviridae
NC_001901.1,Siphoviridae
NC_008720.1,Podoviridae
NC_018835.1,Podoviridae
NC_005856.1,Myoviridae
NC_001895.1,Myoviridae
NC_028449.1,Podoviridae
NC_019452.1,Myoviridae
NC_009821.1,Myoviridae
NC_010324.1,Podoviridae
NC_001730.1,Microviridae
NC_007804.2,Podoviridae
NC_001890.1,Leviviridae
NC_028847.1,Myoviridae
NC_012638.1,Myoviridae
NC_014467.1,Myoviridae
NC_025419.1,Myoviridae
NC_008515.1,Myoviridae
NC_007023.1,Myoviridae
NC_005066.1,Myoviridae
NC_004928.1,Myoviridae
NC_019718.1,Siphoviridae
NC_007603.1,Siphoviridae
NC_023593.1,Podoviridae
NC_027378.1,Siphoviridae
NC_028840.1,Siphoviridae
NC_012223.2,Siphoviridae
NC_012868.1,Microviridae
NC_004914.3,Podoviridae
NC_027395.1,Podoviridae
NC_028808.2,Myoviridae
NC_028935.2,Myoviridae
NC_005833.1,Siphoviridae
NC_000866.4,Myoviridae
NC_005859.1,Siphoviridae
NC_001604.1,Podoviridae
NC_007817.1,Microviridae
NC_019442.1,Podoviridae
NC_009540.1,Siphoviridae
NC_011041.1,Myoviridae
NC_027337.1,Myoviridae
NC_028894.1,Myoviridae
NC_028925.1,Myoviridae
NC_028957.1,Myoviridae
NC_028881.1,Myoviridae
NC_014792.1,Myoviridae
NC_005056.1,Myoviridae
NC_012749.1,Myoviridae
NC_027383.1,Siphoviridae
NC_016517.1,Birnaviridae
NC_016518.1,Birnaviridae
NC_004068.1,Papillomaviridae
NC_030405.1,Reoviridae
NC_030406.1,Reoviridae
NC_030407.1,Reoviridae
NC_030408.1,Reoviridae
NC_030409.1,Reoviridae
NC_030410.1,Reoviridae
NC_030411.1,Reoviridae
NC_030412.1,Reoviridae
NC_030413.1,Reoviridae
NC_030414.2,Reoviridae
NC_030415.1,Reoviridae
NC_024808.1,Tombusviridae
NC_035190.1,Alphaflexiviridae
NC_010738.1,Caulimoviridae
NC_003556.1,Geminiviridae
NC_030238.1,Geminiviridae
NC_005319.1,Geminiviridae
NC_008304.1,Geminiviridae
NC_008305.1,Geminiviridae
NC_031339.1,Potyviridae
NC_012553.1,Geminiviridae
NC_012554.2,Geminiviridae
NC_012639.1,Baculoviridae
NC_009527.1,Rhabdoviridae
NC_009528.2,Rhabdoviridae
NC_002615.1,Caliciviridae
NC_025246.1,Circoviridae
NC_017940.1,Iridoviridae
NC_013105.1,Fimoviridae
NC_013106.1,Fimoviridae
NC_013107.1,Fimoviridae
NC_013108.1,Fimoviridae
NC_032087.1,Iflaviridae
NC_003696.1,Reoviridae
NC_003697.1,Reoviridae
NC_003698.1,Reoviridae
NC_003699.1,Reoviridae
NC_003700.1,Reoviridae
NC_003701.1,Reoviridae
NC_003702.1,Reoviridae
NC_003703.1,Reoviridae
NC_003704.1,Reoviridae
NC_003705.1,Reoviridae
NC_003706.1,Reoviridae
NC_003707.1,Reoviridae
NC_013094.1,Nanoviridae
NC_013095.1,Nanoviridae
NC_013096.1,Nanoviridae
NC_013097.1,Nanoviridae
NC_013098.1,Nanoviridae
NC_013099.1,Nanoviridae
NC_013100.1,Nanoviridae
NC_013101.1,Nanoviridae
NC_003559.1,Nanoviridae
NC_003560.1,Nanoviridae
NC_003561.1,Nanoviridae
NC_003562.1,Nanoviridae
NC_003563.1,Nanoviridae
NC_003564.1,Nanoviridae
NC_003566.1,Nanoviridae
NC_024457.1,Nanoviridae
NC_025485.1,Reoviridae
NC_025486.1,Reoviridae
NC_025487.1,Reoviridae
NC_025488.1,Reoviridae
NC_025489.1,Reoviridae
NC_025490.1,Reoviridae
NC_025491.1,Reoviridae
NC_025492.1,Reoviridae
NC_025493.1,Reoviridae
NC_035779.1,Picornaviridae
NC_034162.1,Reoviridae
NC_034163.1,Reoviridae
NC_034164.1,Reoviridae
NC_034165.1,Reoviridae
NC_034166.1,Reoviridae
NC_034168.1,Reoviridae
NC_034169.1,Reoviridae
NC_034170.1,Reoviridae
NC_034171.1,Reoviridae
NC_034172.1,Reoviridae
NC_034173.1,Reoviridae
NC_027787.1,Circoviridae
NC_025253.1,Rhabdoviridae
NC_035675.1,Caliciviridae
NC_011183.1,Phycodnaviridae
NC_013590.2,Herpesviridae
NC_024700.1,Circoviridae
NC_022249.1,Astroviridae
NC_022800.1,Parvoviridae
NC_001481.2,Caliciviridae
NC_001482.1,Retroviridae
NC_001940.1,Retroviridae
NC_016156.1,Picornaviridae
NC_028099.1,Herpesviridae
NC_022373.1,Papillomaviridae
NC_035479.1,Papillomaviridae
NC_030292.1,Coronaviridae
NC_022253.1,Papillomaviridae
NC_027791.1,Circoviridae
NC_017830.1,Caulimoviridae
NC_015494.1,Partitiviridae
NC_015495.1,Partitiviridae
NC_015229.1,Tymoviridae
NC_029562.1,Fimoviridae
NC_029563.1,Fimoviridae
NC_029564.1,Fimoviridae
NC_029565.1,Fimoviridae
NC_029566.1,Fimoviridae
NC_029568.1,Fimoviridae
NC_003554.1,Caulimoviridae
NC_007154.1,Reoviridae
NC_007155.1,Reoviridae
NC_007156.1,Reoviridae
NC_007157.1,Reoviridae
NC_007158.1,Reoviridae
NC_007159.1,Reoviridae
NC_007160.1,Reoviridae
NC_007161.1,Reoviridae
NC_007162.1,Reoviridae
NC_007163.1,Reoviridae
NC_025341.1,Rhabdoviridae
NC_008522.1,Circoviridae
NC_036582.1,Poxviridae
NC_006356.2,Siphoviridae
NC_027125.1,Myoviridae
NC_010757.1,Arenaviridae
NC_010759.1,Arenaviridae
NC_004144.1,Nodaviridae
NC_004146.1,Nodaviridae
NC_023021.1,Dicistroviridae
NC_023022.1,Iflaviridae
NC_013528.1,Togaviridae
NC_001720.1,Adenoviridae
AC_000014.1,Adenoviridae
NC_021221.1,Adenoviridae
NC_015323.1,Adenoviridae
NC_000899.1,Adenoviridae
AC_000013.1,Adenoviridae
NC_014969.1,Adenoviridae
NC_002188.1,Poxviridae
NC_028867.1,Rhabdoviridae
NC_001483.1,Alphaflexiviridae
NC_009519.1,Partitiviridae
NC_009520.1,Partitiviridae
NC_009521.1,Partitiviridae
NC_006566.1,Bromoviridae
NC_006567.1,Bromoviridae
NC_006568.1,Bromoviridae
NC_014546.1,Virgaviridae
NC_029992.1,Arteriviridae
NC_014064.1,Potyviridae
NC_018090.1,Geminiviridae
NC_018453.1,Geminiviridae
NC_010954.1,Potyviridae
NC_002501.1,Adenoviridae
NC_005946.1,Iridoviridae
NC_024306.1,Herpesviridae
NC_034466.1,Hantaviridae
NC_034467.1,Hantaviridae
NC_034473.1,Hantaviridae
NC_001403.1,Retroviridae
NC_034454.1,Rhabdoviridae
NC_023879.1,Circoviridae
NC_035110.1,Picornaviridae
NC_020469.1,Tombusviridae
NC_026622.1,Narnaviridae
NC_026621.1,Narnaviridae
NC_023680.1,Hypoviridae
NC_032212.1,Hypoviridae
NC_027563.1,Chrysoviridae
NC_027564.1,Chrysoviridae
NC_027565.1,Chrysoviridae
NC_027566.1,Chrysoviridae
NC_030861.1,Narnaviridae
NC_030862.1,Narnaviridae
NC_030863.1,Narnaviridae
NC_030864.1,Narnaviridae
NC_030865.1,Narnaviridae
NC_030866.1,Narnaviridae
NC_030878.1,Partitiviridae
NC_030879.1,Partitiviridae
NC_030867.1,Totiviridae
NC_030877.1,Partitiviridae
NC_030882.1,Partitiviridae
NC_003883.1,Partitiviridae
NC_003884.1,Partitiviridae
NC_003885.1,Partitiviridae
NC_003886.1,Partitiviridae
NC_033723.1,Flaviviridae
NC_023892.1,Betaflexiviridae
NC_026246.1,Arenaviridae
NC_026247.1,Arenaviridae
NC_001818.1,Tombusviridae
NC_006623.1,Herpesviridae
NC_002229.3,Herpesviridae
NC_024452.1,Parvoviridae
NC_018400.1,Picornaviridae
NC_028964.1,Picornaviridae
NC_001457.1,Papillomaviridae
NC_014185.1,Papillomaviridae
NC_016157.1,Papillomaviridae
NC_014469.1,Papillomaviridae
NC_014955.1,Papillomaviridae
NC_014952.1,Papillomaviridae
NC_014954.1,Papillomaviridae
NC_017993.1,Papillomaviridae
NC_017995.1,Papillomaviridae
NC_017997.1,Papillomaviridae
NC_033781.1,Papillomaviridae
NC_019023.1,Papillomaviridae
NC_001690.1,Papillomaviridae
NC_028125.1,Papillomaviridae
NC_022892.1,Papillomaviridae
NC_023891.1,Papillomaviridae
NC_001691.1,Papillomaviridae
NC_001693.1,Papillomaviridae
NC_010329.1,Papillomaviridae
NC_008188.1,Papillomaviridae
NC_008189.1,Papillomaviridae
NC_012213.1,Papillomaviridae
NC_012485.1,Papillomaviridae
NC_014956.1,Papillomaviridae
NC_012486.1,Papillomaviridae
NC_013035.1,Papillomaviridae
NC_014953.1,Papillomaviridae
NC_027793.1,Circoviridae
NC_031988.1,Rhabdoviridae
NC_016440.1,Betaflexiviridae
NC_003375.1,Alphaflexiviridae
NC_025789.1,Alphaflexiviridae
NC_003376.1,Alphaflexiviridae
NC_022961.1,Alphaflexiviridae
NC_004012.1,Alphaflexiviridae
NC_001800.1,Alphaflexiviridae
NC_035209.1,Circoviridae
NC_031691.1,Rhabdoviridae
NC_012134.1,Bromoviridae
NC_012135.1,Bromoviridae
NC_012136.1,Bromoviridae
NC_011189.1,Secoviridae
NC_011190.1,Secoviridae
NC_024501.1,Virgaviridae
NC_024502.1,Virgaviridae
NC_023612.1,Siphoviridae
NC_029073.1,Siphoviridae
NC_006558.1,Togaviridae
NC_025256.1,Paramyxoviridae
NC_026244.1,Polyomaviridae
NC_035192.1,Anelloviridae
NC_035200.1,Circoviridae
NC_035195.1,Circoviridae
NC_035194.1,Circoviridae
NC_035196.1,Circoviridae
NC_035181.1,Polyomaviridae
NC_003555.1,Totiviridae
NC_001885.3,Retroviridae
NC_008837.1,Polydnaviridae
NC_008838.1,Polydnaviridae
NC_008839.1,Polydnaviridae
NC_008840.1,Polydnaviridae
NC_008841.1,Polydnaviridae
NC_008842.1,Polydnaviridae
NC_008843.1,Polydnaviridae
NC_008844.1,Polydnaviridae
NC_008845.1,Polydnaviridae
NC_008846.1,Polydnaviridae
NC_008847.1,Polydnaviridae
NC_008848.1,Polydnaviridae
NC_008849.1,Polydnaviridae
NC_008850.1,Polydnaviridae
NC_008851.1,Polydnaviridae
NC_008852.1,Polydnaviridae
NC_008853.1,Polydnaviridae
NC_008854.1,Polydnaviridae
NC_008855.1,Polydnaviridae
NC_008856.1,Polydnaviridae
NC_008857.1,Polydnaviridae
NC_008858.1,Polydnaviridae
NC_008859.1,Polydnaviridae
NC_008860.1,Polydnaviridae
NC_008861.1,Polydnaviridae
NC_008862.1,Polydnaviridae
NC_008863.1,Polydnaviridae
NC_008864.1,Polydnaviridae
NC_008865.1,Polydnaviridae
NC_008866.1,Polydnaviridae
NC_008867.1,Polydnaviridae
NC_008868.1,Polydnaviridae
NC_008869.1,Polydnaviridae
NC_008870.1,Polydnaviridae
NC_008871.1,Polydnaviridae
NC_008872.1,Polydnaviridae
NC_008873.1,Polydnaviridae
NC_008874.1,Polydnaviridae
NC_008875.1,Polydnaviridae
NC_008876.1,Polydnaviridae
NC_008877.1,Polydnaviridae
NC_008878.1,Polydnaviridae
NC_008879.1,Polydnaviridae
NC_008880.1,Polydnaviridae
NC_008881.1,Polydnaviridae
NC_008882.1,Polydnaviridae
NC_008883.1,Polydnaviridae
NC_008884.1,Polydnaviridae
NC_008885.1,Polydnaviridae
NC_008886.1,Polydnaviridae
NC_008887.1,Polydnaviridae
NC_008888.1,Polydnaviridae
NC_008889.1,Polydnaviridae
NC_008890.1,Polydnaviridae
NC_008891.1,Polydnaviridae
NC_008892.1,Polydnaviridae
NC_008893.1,Polydnaviridae
NC_008894.1,Polydnaviridae
NC_008895.1,Polydnaviridae
NC_008896.1,Polydnaviridae
NC_008897.1,Polydnaviridae
NC_008898.1,Polydnaviridae
NC_008899.1,Polydnaviridae
NC_008900.1,Polydnaviridae
NC_008901.1,Polydnaviridae
NC_008902.1,Polydnaviridae
NC_008903.1,Polydnaviridae
NC_008904.1,Polydnaviridae
NC_008905.1,Polydnaviridae
NC_008906.1,Polydnaviridae
NC_008907.1,Polydnaviridae
NC_008908.1,Polydnaviridae
NC_008909.1,Polydnaviridae
NC_008910.1,Polydnaviridae
NC_008911.1,Polydnaviridae
NC_008912.1,Polydnaviridae
NC_008913.1,Polydnaviridae
NC_008914.1,Polydnaviridae
NC_008915.1,Polydnaviridae
NC_008916.1,Polydnaviridae
NC_008917.1,Polydnaviridae
NC_008918.1,Polydnaviridae
NC_008919.1,Polydnaviridae
NC_008920.1,Polydnaviridae
NC_008921.1,Polydnaviridae
NC_008922.1,Polydnaviridae
NC_008923.1,Polydnaviridae
NC_008924.1,Polydnaviridae
NC_008925.1,Polydnaviridae
NC_008926.1,Polydnaviridae
NC_008927.1,Polydnaviridae
NC_008928.1,Polydnaviridae
NC_008929.1,Polydnaviridae
NC_008930.1,Polydnaviridae
NC_008931.1,Polydnaviridae
NC_008932.1,Polydnaviridae
NC_008933.1,Polydnaviridae
NC_008934.1,Polydnaviridae
NC_008935.1,Polydnaviridae
NC_008936.1,Polydnaviridae
NC_008937.1,Polydnaviridae
NC_008938.1,Polydnaviridae
NC_008939.1,Polydnaviridae
NC_008940.1,Polydnaviridae
NC_008941.1,Polydnaviridae
NC_014928.1,Circoviridae
NC_034976.1,Coronaviridae
NC_004003.1,Poxviridae
NC_027633.1,Microviridae
NC_027636.1,Microviridae
NC_027637.1,Microviridae
NC_027642.1,Microviridae
NC_027645.1,Microviridae
NC_028993.1,Microviridae
NC_028994.1,Microviridae
NC_030295.1,Totiviridae
NC_030742.1,Tombusviridae
NC_034567.1,Astroviridae
NC_017979.1,Adenoviridae
NC_024078.1,Caliciviridae
NC_003054.1,Circoviridae
NC_029052.1,Dicistroviridae
NC_033793.1,Picornaviridae
NC_005036.1,Paramyxoviridae
NC_018105.1,Caulimoviridae
NC_031074.1,Siphoviridae
NC_031226.1,Siphoviridae
NC_031247.1,Siphoviridae
NC_030943.1,Siphoviridae
NC_030930.1,Siphoviridae
NC_030942.1,Siphoviridae
NC_031072.1,Siphoviridae
NC_031118.1,Siphoviridae
NC_030941.1,Siphoviridae
NC_031029.1,Siphoviridae
NC_031234.1,Siphoviridae
NC_031122.1,Siphoviridae
NC_031936.1,Siphoviridae
NC_031028.1,Siphoviridae
NC_030902.1,Siphoviridae
NC_028668.1,Podoviridae
NC_030939.1,Siphoviridae
NC_030907.1,Siphoviridae
NC_030906.1,Siphoviridae
NC_028673.1,Podoviridae
NC_028972.1,Siphoviridae
NC_029060.1,Siphoviridae
NC_016435.1,Siphoviridae
NC_030935.1,Siphoviridae
NC_030932.1,Siphoviridae
NC_015720.1,Siphoviridae
NC_016434.1,Siphoviridae
NC_028665.1,Podoviridae
NC_016166.1,Siphoviridae
NC_028653.1,Podoviridae
NC_031265.1,Siphoviridae
NC_031099.1,Siphoviridae
NC_031060.1,Siphoviridae
NC_031109.1,Siphoviridae
NC_030695.1,Siphoviridae
NC_031233.1,Siphoviridae
NC_031267.1,Siphoviridae
NC_030912.1,Siphoviridae
NC_031004.1,Siphoviridae
NC_031061.1,Siphoviridae
NC_031237.1,Siphoviridae
NC_030915.1,Siphoviridae
NC_031112.1,Siphoviridae
NC_031031.1,Siphoviridae
NC_030694.1,Siphoviridae
NC_031255.2,Siphoviridae
NC_031251.1,Siphoviridae
NC_031001.1,Siphoviridae
NC_031052.1,Siphoviridae
NC_031249.1,Siphoviridae
NC_030921.1,Siphoviridae
NC_031239.1,Siphoviridae
NC_030913.1,Siphoviridae
NC_031269.1,Siphoviridae
NC_031230.1,Siphoviridae
NC_031097.1,Siphoviridae
NC_030936.1,Siphoviridae
NC_030901.1,Siphoviridae
NC_030944.1,Siphoviridae
NC_029074.1,Siphoviridae
NC_031229.1,Siphoviridae
NC_030914.1,Siphoviridae
NC_030924.1,Siphoviridae
NC_030917.1,Siphoviridae
NC_030696.1,Siphoviridae
NC_030698.1,Siphoviridae
NC_030927.1,Siphoviridae
NC_030911.1,Siphoviridae
NC_030905.1,Siphoviridae
NC_030650.1,Anelloviridae
NC_025380.1,Polyomaviridae
NC_011805.1,Geminiviridae
NC_012120.1,Geminiviridae
NC_026733.1,Iflaviridae
NC_011535.1,Tombusviridae
NC_018383.1,Secoviridae
NC_018384.1,Secoviridae
NC_028473.1,Narnaviridae
NC_031692.1,Tymoviridae
NC_015220.1,Betaflexiviridae
NC_015492.1,Secoviridae
NC_015493.1,Secoviridae
NC_027802.1,Reoviridae
NC_027808.1,Reoviridae
NC_027809.1,Reoviridae
NC_027810.1,Reoviridae
NC_027816.1,Reoviridae
NC_035935.1,Reoviridae
NC_035936.1,Reoviridae
NC_035937.1,Reoviridae
NC_035938.1,Reoviridae
NC_035939.1,Reoviridae
NC_003621.1,Secoviridae
NC_003622.1,Secoviridae
NC_017938.1,Secoviridae
NC_017939.1,Secoviridae
NC_034836.1,Luteoviridae
NC_019493.1,Endornaviridae
NC_003615.1,Secoviridae
NC_003623.1,Secoviridae
NC_003347.1,Tymoviridae
NC_031340.1,Geminiviridae
NC_016509.1,Closteroviridae
NC_011702.1,Closteroviridae
NC_029783.1,Closteroviridae
NC_007448.1,Closteroviridae
NC_004667.1,Closteroviridae
NC_016416.1,Closteroviridae
NC_016081.1,Closteroviridae
NC_016417.1,Closteroviridae
NC_016436.1,Closteroviridae
NC_015782.2,Betaflexiviridae
NC_022002.1,Geminiviridae
NC_030693.1,Tymoviridae
NC_027131.1,Caulimoviridae
NC_004724.1,Closteroviridae
NC_001948.1,Betaflexiviridae
NC_034205.1,Tymoviridae
NC_012484.1,Tymoviridae
NC_015784.2,Caulimoviridae
NC_003604.2,Betaflexiviridae
NC_003602.1,Betaflexiviridae
NC_011106.1,Betaflexiviridae
NC_018458.1,Betaflexiviridae
NC_035202.1,Betaflexiviridae
NC_025376.1,Rhabdoviridae
NC_034541.1,Rhabdoviridae
NC_014522.1,Reoviridae
NC_014523.1,Reoviridae
NC_014524.1,Reoviridae
NC_014525.1,Reoviridae
NC_014526.1,Reoviridae
NC_014527.1,Reoviridae
NC_014528.1,Reoviridae
NC_014529.1,Reoviridae
NC_014530.1,Reoviridae
NC_014531.1,Reoviridae
NC_007920.1,Endornaviridae
NC_006264.1,Narnaviridae
NC_003876.1,Totiviridae
NC_005965.1,Totiviridae
NC_004018.1,Partitiviridae
NC_004019.1,Partitiviridae
NC_004020.1,Partitiviridae
NC_001484.1,Hepadnaviridae
NC_003614.1,Tospoviridae
NC_003619.1,Tospoviridae
NC_003620.1,Tospoviridae
NC_015467.1,Tospoviridae
NC_015468.1,Tospoviridae
NC_015469.1,Tospoviridae
NC_003603.1,Tombusviridae
NC_009240.1,Nudiviridae
NC_005077.1,Arenaviridae
NC_005082.1,Arenaviridae
NC_034486.1,Peribunyaviridae
NC_034487.1,Peribunyaviridae
NC_034506.1,Peribunyaviridae
NC_008521.1,Circoviridae
NC_018401.1,Circoviridae
NC_017091.1,Circoviridae
NC_025215.1,Circoviridae
NC_027430.1,Circoviridae
NC_022788.1,Circoviridae
NC_022789.1,Circoviridae
NC_021786.1,Potyviridae
NC_004827.1,Myoviridae
NC_019455.1,Myoviridae
NC_001697.1,Myoviridae
NC_003315.1,Myoviridae
NC_017975.1,Myoviridae
NC_010342.1,Myoviridae
NC_022611.1,Iflaviridae
NC_000935.1,Podoviridae
NC_030401.1,Flaviviridae
NC_005218.1,Hantaviridae
NC_005219.1,Hantaviridae
NC_005222.1,Hantaviridae
NC_006433.1,Hantaviridae
NC_006435.1,Hantaviridae
NC_006437.1,Hantaviridae
NC_015394.2,Potyviridae
NC_015395.1,Betaflexiviridae
NC_026921.1,Picornaviridae
NC_034617.1,Picornaviridae
NC_034447.1,Rhabdoviridae
NC_024494.1,Phenuiviridae
NC_024495.1,Phenuiviridae
NC_024496.1,Phenuiviridae
NC_028365.1,Picornaviridae
NC_016568.1,Siphoviridae
NC_019512.1,Podoviridae
NC_019928.1,Podoviridae
NC_019931.1,Podoviridae
NC_013447.1,Endornaviridae
NC_005074.1,Totiviridae
NC_024016.1,Iflaviridae
NC_010240.1,Baculoviridae
NC_033619.1,Iflaviridae
NC_003094.2,Baculoviridae
NC_001981.1,Alphatetraviridae
NC_001982.1,Alphatetraviridae
NC_009233.1,Ascoviridae
NC_004156.2,Nudiviridae
NC_012038.1,Betaflexiviridae
NC_005978.1,Chrysoviridae
NC_005979.1,Chrysoviridae
NC_005980.1,Chrysoviridae
NC_005981.1,Chrysoviridae
NC_003607.2,Totiviridae
NC_022073.1,Geminiviridae
NC_021923.1,Baculoviridae
NC_004289.1,Parvoviridae
NC_034532.1,Parvoviridae
NC_005040.1,Parvoviridae
NC_001906.3,Paramyxoviridae
NC_004102.1,Flaviviridae
NC_009823.1,Flaviviridae
NC_009827.1,Flaviviridae
NC_030791.1,Flaviviridae
NC_031950.1,Flaviviridae
NC_031916.1,Flaviviridae
NC_001655.1,Flaviviridae
NC_001489.1,Picornaviridae
NC_027818.1,Picornaviridae
NC_027790.1,Circoviridae
NC_027789.1,Circoviridae
NC_001486.1,Hepadnaviridae
NC_035485.1,Partitiviridae
NC_035486.1,Partitiviridae
NC_023485.1,Caulimoviridae
NC_003608.1,Tombusviridae
NC_025381.1,Virgaviridae
NC_008310.2,Virgaviridae
NC_029549.1,Fimoviridae
NC_029550.1,Fimoviridae
NC_029551.1,Fimoviridae
NC_029552.1,Fimoviridae
NC_029553.1,Fimoviridae
NC_029554.1,Fimoviridae
NC_029555.1,Fimoviridae
NC_029570.1,Fimoviridae
NC_012561.1,Togaviridae
NC_003782.1,Dicistroviridae
NC_011540.1,Betaflexiviridae
NC_017967.1,Potyviridae
NC_005093.1,Rhabdoviridae
NC_013443.1,Astroviridae
NC_004071.1,Geminiviridae
NC_027129.1,Geminiviridae
NC_016649.1,Geminiviridae
NC_034444.1,Caliciviridae
NC_008029.1,Dicistroviridae
NC_012535.1,Reoviridae
NC_012536.1,Reoviridae
NC_012537.1,Reoviridae
NC_012538.1,Reoviridae
NC_012539.1,Reoviridae
NC_012540.1,Reoviridae
NC_012541.1,Reoviridae
NC_012542.1,Reoviridae
NC_012543.1,Reoviridae
NC_012544.1,Reoviridae
NC_012545.1,Reoviridae
NC_012546.1,Reoviridae
NC_014967.1,Tombusviridae
NC_008793.1,Geminiviridae
NC_003609.1,Geminiviridae
NC_005807.1,Geminiviridae
NC_002552.1,Betaflexiviridae
NC_010538.1,Betaflexiviridae
NC_021098.1,Partitiviridae
NC_021099.1,Partitiviridae
NC_005904.1,Potyviridae
NC_028949.1,Endornaviridae
NC_005635.1,Geminiviridae
NC_005636.1,Geminiviridae
NC_002543.1,Geminiviridae
NC_018858.1,Caulimoviridae
NC_024444.1,Hepadnaviridae
NC_011544.1,Alphaflexiviridae
NC_027920.1,Endornaviridae
NC_034509.1,Virgaviridae
NC_031135.1,Peribunyaviridae
NC_031136.1,Peribunyaviridae
NC_031137.1,Peribunyaviridae
NC_031138.1,Phenuiviridae
NC_031139.1,Phenuiviridae
NC_031140.1,Phenuiviridae
NC_031083.1,Rhabdoviridae
NC_032912.1,Potyviridae
NC_034494.1,Hantaviridae
NC_034502.1,Hantaviridae
NC_034503.1,Hantaviridae
NC_001806.2,Herpesviridae
NC_001798.2,Herpesviridae
NC_001348.1,Herpesviridae
NC_036877.1,Circoviridae
NC_021568.1,Circoviridae
NC_006273.2,Herpesviridae
NC_001664.4,Herpesviridae
NC_000898.1,Herpesviridae
NC_001716.2,Herpesviridae
NC_007455.1,Parvoviridae
NC_024694.1,Circoviridae
NC_002645.1,Coronaviridae
NC_028752.1,Coronaviridae
NC_006577.2,Coronaviridae
NC_005831.2,Coronaviridae
NC_023984.1,Picornaviridae
NC_023874.2,Circoviridae
NC_022518.1,Retroviridae
NC_030454.1,Picornaviridae
NC_004295.1,Parvoviridae
NC_035212.1,Circoviridae
NC_035213.1,Circoviridae
NC_035211.1,Circoviridae
NC_007605.1,Herpesviridae
NC_009334.1,Herpesviridae
NC_009333.1,Herpesviridae
NC_001802.1,Retroviridae
NC_001722.1,Retroviridae
NC_001460.1,Adenoviridae
AC_000005.1,Adenoviridae
AC_000010.1,Adenoviridae
AC_000018.1,Adenoviridae
AC_000019.1,Adenoviridae
NC_011202.1,Adenoviridae
NC_011203.1,Adenoviridae
NC_001405.1,Adenoviridae
AC_000007.1,Adenoviridae
AC_000008.1,Adenoviridae
AC_000017.1,Adenoviridae
NC_010956.1,Adenoviridae
AC_000006.1,Adenoviridae
NC_012959.1,Adenoviridae
AC_000011.1,Adenoviridae
NC_003266.2,Adenoviridae
NC_017825.1,Adenoviridae
NC_001454.1,Adenoviridae
NC_006879.1,Adenoviridae
NC_001781.1,Pneumoviridae
NC_026946.1,Papillomaviridae
NC_017994.1,Papillomaviridae
NC_017996.1,Papillomaviridae
NC_021483.1,Papillomaviridae
NC_022095.1,Papillomaviridae
NC_027528.1,Papillomaviridae
NC_034616.1,Papillomaviridae
NC_027779.1,Papillomaviridae
NC_007026.1,Picobirnaviridae
NC_007027.1,Picobirnaviridae
NC_001538.1,Polyomaviridae
NC_018102.1,Polyomaviridae
NC_020106.1,Polyomaviridae
NC_020890.1,Polyomaviridae
NC_024118.1,Polyomaviridae
NC_001699.1,Polyomaviridae
NC_009238.1,Polyomaviridae
NC_009539.1,Polyomaviridae
NC_010277.2,Polyomaviridae
NC_014406.1,Polyomaviridae
NC_014407.1,Polyomaviridae
NC_014361.1,Polyomaviridae
NC_015150.1,Polyomaviridae
NC_003461.1,Paramyxoviridae
NC_001796.2,Paramyxoviridae
NC_003443.1,Paramyxoviridae
NC_021928.1,Paramyxoviridae
NC_011800.1,Retroviridae
NC_006064.1,Bromoviridae
NC_006065.1,Bromoviridae
NC_006066.1,Bromoviridae
NC_018668.1,Picornaviridae
NC_027715.1,Peribunyaviridae
NC_027716.2,Peribunyaviridae
NC_027717.1,Peribunyaviridae
NC_012869.1,Betaflexiviridae
NC_006943.1,Alphaflexiviridae
NC_022748.1,Parvoviridae
NC_007767.1,Baculoviridae
NC_008946.1,Polydnaviridae
NC_008947.1,Polydnaviridae
NC_008948.1,Polydnaviridae
NC_008949.1,Polydnaviridae
NC_008950.1,Polydnaviridae
NC_008951.1,Polydnaviridae
NC_008952.1,Polydnaviridae
NC_008953.1,Polydnaviridae
NC_008954.1,Polydnaviridae
NC_008955.1,Polydnaviridae
NC_008956.1,Polydnaviridae
NC_008957.1,Polydnaviridae
NC_008958.1,Polydnaviridae
NC_008959.1,Polydnaviridae
NC_008960.1,Polydnaviridae
NC_008961.1,Polydnaviridae
NC_008962.1,Polydnaviridae
NC_008963.1,Polydnaviridae
NC_008964.1,Polydnaviridae
NC_008965.1,Polydnaviridae
NC_008966.1,Polydnaviridae
NC_008967.1,Polydnaviridae
NC_008968.1,Polydnaviridae
NC_008969.1,Polydnaviridae
NC_008970.1,Polydnaviridae
NC_008971.1,Polydnaviridae
NC_008972.1,Polydnaviridae
NC_008973.1,Polydnaviridae
NC_008976.1,Polydnaviridae
NC_008977.1,Polydnaviridae
NC_008978.1,Polydnaviridae
NC_008979.1,Polydnaviridae
NC_008980.1,Polydnaviridae
NC_008981.1,Polydnaviridae
NC_008982.1,Polydnaviridae
NC_008983.1,Polydnaviridae
NC_008984.1,Polydnaviridae
NC_008985.1,Polydnaviridae
NC_008986.1,Polydnaviridae
NC_008987.1,Polydnaviridae
NC_008988.1,Polydnaviridae
NC_008989.1,Polydnaviridae
NC_008990.1,Polydnaviridae
NC_008991.1,Polydnaviridae
NC_008992.1,Polydnaviridae
NC_008993.1,Polydnaviridae
NC_008994.1,Polydnaviridae
NC_008995.1,Polydnaviridae
NC_008996.1,Polydnaviridae
NC_008997.1,Polydnaviridae
NC_008998.1,Polydnaviridae
NC_008999.1,Polydnaviridae
NC_009000.1,Polydnaviridae
NC_009001.1,Polydnaviridae
NC_009002.1,Polydnaviridae
NC_009003.1,Polydnaviridae
NC_001493.2,Alloherpesviridae
NC_025471.1,Siphoviridae
NC_018629.1,Rhabdoviridae
NC_024805.1,Flaviviridae
NC_034557.1,Hantaviridae
NC_034558.1,Hantaviridae
NC_034564.1,Hantaviridae
NC_030236.1,Potyviridae
NC_003616.1,Tospoviridae
NC_003624.1,Tospoviridae
NC_003625.1,Tospoviridae
NC_001932.1,Geminiviridae
NC_001933.1,Geminiviridae
NC_003093.1,Alphaflexiviridae
NC_032682.2,Circoviridae
NC_004729.1,Virgaviridae
NC_004730.1,Virgaviridae
NC_001560.1,Rhabdoviridae
NC_004178.1,Birnaviridae
NC_004179.1,Birnaviridae
NC_003781.1,Iflaviridae
NC_001915.1,Birnaviridae
NC_001916.1,Birnaviridae
NC_006497.1,Orthomyxoviridae
NC_006498.1,Orthomyxoviridae
NC_006499.1,Orthomyxoviridae
NC_006500.2,Orthomyxoviridae
NC_006501.1,Orthomyxoviridae
NC_006502.1,Orthomyxoviridae
NC_006503.1,Orthomyxoviridae
NC_006505.1,Orthomyxoviridae
NC_003494.1,Iridoviridae
NC_004905.2,Orthomyxoviridae
NC_004906.1,Orthomyxoviridae
NC_004907.1,Orthomyxoviridae
NC_004908.1,Orthomyxoviridae
NC_004909.1,Orthomyxoviridae
NC_004910.1,Orthomyxoviridae
NC_004911.1,Orthomyxoviridae
NC_004912.1,Orthomyxoviridae
NC_002016.1,Orthomyxoviridae
NC_002017.1,Orthomyxoviridae
NC_002018.1,Orthomyxoviridae
NC_002019.1,Orthomyxoviridae
NC_002020.1,Orthomyxoviridae
NC_002021.1,Orthomyxoviridae
NC_002022.1,Orthomyxoviridae
NC_002023.1,Orthomyxoviridae
NC_007357.1,Orthomyxoviridae
NC_007358.1,Orthomyxoviridae
NC_007359.1,Orthomyxoviridae
NC_007360.1,Orthomyxoviridae
NC_007361.1,Orthomyxoviridae
NC_007362.1,Orthomyxoviridae
NC_007363.1,Orthomyxoviridae
NC_007364.1,Orthomyxoviridae
NC_007374.1,Orthomyxoviridae
NC_007375.1,Orthomyxoviridae
NC_007376.1,Orthomyxoviridae
NC_007377.1,Orthomyxoviridae
NC_007378.1,Orthomyxoviridae
NC_007380.1,Orthomyxoviridae
NC_007381.1,Orthomyxoviridae
NC_007382.1,Orthomyxoviridae
NC_007366.1,Orthomyxoviridae
NC_007367.1,Orthomyxoviridae
NC_007368.1,Orthomyxoviridae
NC_007369.1,Orthomyxoviridae
NC_007370.1,Orthomyxoviridae
NC_007371.1,Orthomyxoviridae
NC_007372.1,Orthomyxoviridae
NC_007373.1,Orthomyxoviridae
NC_026422.1,Orthomyxoviridae
NC_026423.1,Orthomyxoviridae
NC_026424.1,Orthomyxoviridae
NC_026425.1,Orthomyxoviridae
NC_026426.1,Orthomyxoviridae
NC_026427.1,Orthomyxoviridae
NC_026428.1,Orthomyxoviridae
NC_026429.1,Orthomyxoviridae
NC_026431.1,Orthomyxoviridae
NC_026432.1,Orthomyxoviridae
NC_026433.1,Orthomyxoviridae
NC_026434.1,Orthomyxoviridae
NC_026435.1,Orthomyxoviridae
NC_026436.1,Orthomyxoviridae
NC_026437.1,Orthomyxoviridae
NC_026438.1,Orthomyxoviridae
NC_002204.1,Orthomyxoviridae
NC_002205.1,Orthomyxoviridae
NC_002206.1,Orthomyxoviridae
NC_002207.1,Orthomyxoviridae
NC_002208.1,Orthomyxoviridae
NC_002209.1,Orthomyxoviridae
NC_002210.1,Orthomyxoviridae
NC_002211.1,Orthomyxoviridae
NC_006306.2,Orthomyxoviridae
NC_006307.2,Orthomyxoviridae
NC_006308.2,Orthomyxoviridae
NC_006309.2,Orthomyxoviridae
NC_006310.2,Orthomyxoviridae
NC_006311.1,Orthomyxoviridae
NC_006312.2,Orthomyxoviridae
NC_036615.1,Orthomyxoviridae
NC_036616.1,Orthomyxoviridae
NC_036617.1,Orthomyxoviridae
NC_036618.1,Orthomyxoviridae
NC_036619.1,Orthomyxoviridae
NC_036620.1,Orthomyxoviridae
NC_036621.1,Orthomyxoviridae
NC_028230.1,Rhabdoviridae
NC_023615.1,Iridoviridae
NC_008187.1,Iridoviridae
NC_023611.1,Iridoviridae
NC_024451.1,Iridoviridae
NC_003038.1,Iridoviridae
NC_015780.1,Iridoviridae
NC_021901.1,Iridoviridae
NC_023613.1,Iridoviridae
NC_011142.1,Myoviridae
NC_001605.1,Papillomaviridae
NC_013022.2,Geminiviridae
NC_007905.1,Arenaviridae
NC_007906.1,Arenaviridae
NC_034544.1,Rhabdoviridae
NC_029076.1,Potyviridae
NC_029799.1,Tospoviridae
NC_029800.1,Tospoviridae
NC_020809.1,Rhabdoviridae
NC_033277.1,Chrysoviridae
NC_033278.1,Chrysoviridae
NC_033317.1,Chrysoviridae
NC_033318.1,Chrysoviridae
NC_020806.1,Rhabdoviridae
NC_009025.1,Dicistroviridae
NC_034536.1,Rhabdoviridae
NC_029691.1,Luteoviridae
NC_034243.1,Tombusviridae
NC_007454.1,Paramyxoviridae
NC_001494.1,Retroviridae
NC_002187.1,Tombusviridae
NC_000947.1,Potyviridae
NC_030926.1,Betaflexiviridae
NC_029051.1,Potyviridae
NC_025725.1,Geminiviridae
NC_011268.1,Geminiviridae
NC_019034.1,Geminiviridae
NC_024012.1,Geminiviridae
NC_024013.1,Geminiviridae
NC_011309.2,Geminiviridae
NC_034398.1,Hantaviridae
NC_034399.1,Hantaviridae
NC_034404.1,Hantaviridae
NC_005287.1,Tombusviridae
NC_003606.1,Potyviridae
NC_034538.1,Rhabdoviridae
NC_033699.1,Flaviviridae
NC_035472.1,Caulimoviridae
NC_005080.1,Arenaviridae
NC_005081.1,Arenaviridae
NC_026620.1,Flaviviridae
NC_036604.1,Phenuiviridae
NC_036605.1,Phenuiviridae
NC_036606.1,Phenuiviridae
NC_033724.1,Flaviviridae
NC_004199.1,Reoviridae
NC_004205.1,Reoviridae
NC_004206.1,Reoviridae
NC_004207.1,Reoviridae
NC_004208.1,Reoviridae
NC_004209.1,Reoviridae
NC_004210.1,Reoviridae
NC_004212.1,Reoviridae
NC_004213.1,Reoviridae
NC_004214.1,Reoviridae
NC_004215.1,Reoviridae
NC_004216.1,Reoviridae
NC_034499.1,Peribunyaviridae
NC_034500.1,Peribunyaviridae
NC_034501.1,Peribunyaviridae
NC_029053.1,Arteriviridae
NC_013006.1,Betaflexiviridae
NC_004540.1,Caulimoviridae
NC_033829.1,Nudiviridae
NC_023439.1,Flaviviridae
NC_034450.1,Rhabdoviridae
NC_005064.1,Flaviviridae
NC_002232.1,Papillomaviridae
NC_001541.1,Papillomaviridae
NC_035118.1,Flaviviridae
NC_004807.1,Dicistroviridae
NC_029932.1,Hantaviridae
NC_029933.1,Hantaviridae
NC_036636.1,Hantaviridae
NC_012533.1,Flaviviridae
NC_010435.1,Geminiviridae
NC_034559.1,Hantaviridae
NC_034560.1,Hantaviridae
NC_034565.1,Hantaviridae
NC_001746.1,Tymoviridae
NC_034451.1,Rhabdoviridae
NC_034388.1,Hantaviridae
NC_034389.1,Hantaviridae
NC_034392.1,Hantaviridae
NC_016159.1,Potyviridae
NC_034540.1,Rhabdoviridae
NC_034518.1,Hantaviridae
NC_034519.1,Hantaviridae
NC_034527.1,Hantaviridae
NC_025385.1,Rhabdoviridae
NC_034458.1,Peribunyaviridae
NC_034460.1,Peribunyaviridae
NC_034468.1,Peribunyaviridae
NC_033553.1,Arteriviridae
NC_034455.1,Arteriviridae
NC_034462.1,Phasmaviridae
NC_034463.1,Phasmaviridae
NC_034469.1,Phasmaviridae
NC_025396.1,Rhabdoviridae
NC_031749.1,Iflaviridae
NC_034549.1,Rhabdoviridae
NC_022343.1,Myoviridae
NC_020204.1,Myoviridae
NC_027399.1,Myoviridae
NC_005857.1,Siphoviridae
NC_028659.1,Myoviridae
NC_031087.1,Myoviridae
NC_028786.1,Siphoviridae
NC_023567.2,Podoviridae
NC_028686.1,Myoviridae
NC_011043.1,Podoviridae
NC_025418.1,Podoviridae
NC_028800.1,Podoviridae
NC_028760.1,Siphoviridae
NC_028688.1,Podoviridae
NC_014036.1,Myoviridae
NC_028664.1,Podoviridae
NC_020080.1,Myoviridae
NC_013647.1,Podoviridae
NC_013649.2,Podoviridae
NC_029099.1,Siphoviridae
NC_028977.1,Podoviridae
NC_028670.1,Podoviridae
NC_031025.1,Podoviridae
NC_031246.1,Podoviridae
NC_028750.1,Myoviridae
NC_031095.1,Myoviridae
NC_031053.1,Siphoviridae
NC_028816.1,Podoviridae
NC_028870.1,Podoviridae
NC_028774.1,Siphoviridae
NC_011534.1,Podoviridae
NC_027918.1,Picornaviridae
NC_009029.2,Flaviviridae
NC_032088.1,Flaviviridae
NC_025342.1,Rhabdoviridae
NC_007913.1,Potyviridae
NC_028239.1,Rhabdoviridae
NC_017714.1,Rhabdoviridae
NC_009645.1,Geminiviridae
NC_009647.1,Geminiviridae
NC_028236.1,Rhabdoviridae
NC_003610.1,Virgaviridae
NC_027128.1,Iflaviridae
NC_034537.1,Rhabdoviridae
NC_017843.2,Circoviridae
NC_001639.1,Arteriviridae
NC_004112.1,Siphoviridae
NC_028888.1,Siphoviridae
NC_028835.1,Siphoviridae
NC_028830.1,Siphoviridae
NC_028911.1,Siphoviridae
NC_028783.1,Siphoviridae
NC_022756.1,Siphoviridae
NC_019456.1,Siphoviridae
NC_007924.1,Myoviridae
NC_027990.1,Myoviridae
NC_005893.1,Siphoviridae
NC_007501.1,Siphoviridae
NC_026609.1,Siphoviridae
NC_019486.1,Siphoviridae
NC_029058.1,Myoviridae
NC_029068.1,Siphoviridae
NC_009554.1,Siphoviridae
NC_011104.1,Siphoviridae
NC_011801.1,Siphoviridae
NC_024206.1,Myoviridae
NC_000896.1,Siphoviridae
NC_019782.1,Myoviridae
NC_004305.1,Siphoviridae
NC_022775.1,Siphoviridae
NC_027982.1,Siphoviridae
NC_022757.1,Siphoviridae
NC_031036.1,Siphoviridae
NC_031125.1,Siphoviridae
NC_019489.1,Siphoviridae
NC_005354.1,Siphoviridae
NC_005355.1,Siphoviridae
NC_019916.1,Siphoviridae
NC_019449.1,Siphoviridae
NC_012530.1,Myoviridae
NC_025420.1,Siphoviridae
NC_025415.1,Siphoviridae
NC_025421.1,Siphoviridae
NC_022989.1,Siphoviridae
NC_006565.1,Myoviridae
NC_006936.1,Siphoviridae
NC_022762.1,Siphoviridae
NC_024149.1,Podoviridae
NC_027120.1,Siphoviridae
NC_010576.1,Siphoviridae
NC_031013.1,Siphoviridae
NC_021853.1,Siphoviridae
NC_031040.1,Siphoviridae
NC_031017.1,Siphoviridae
NC_008364.1,Siphoviridae
NC_015263.1,Siphoviridae
NC_031064.1,Siphoviridae
NC_010363.1,Podoviridae
NC_002666.1,Siphoviridae
NC_002667.1,Siphoviridae
NC_002668.1,Siphoviridae
NC_002796.1,Siphoviridae
NC_021861.1,Siphoviridae
NC_031071.1,Siphoviridae
NC_031009.1,Siphoviridae
NC_029118.1,Siphoviridae
NC_021860.1,Siphoviridae
NC_021854.1,Siphoviridae
NC_031075.1,Siphoviridae
NC_031002.1,Siphoviridae
NC_031044.1,Siphoviridae
NC_024215.1,Siphoviridae
NC_012663.1,Siphoviridae
NC_024203.1,Siphoviridae
NC_024208.1,Siphoviridae
NC_024214.1,Siphoviridae
NC_004746.1,Siphoviridae
NC_021852.1,Siphoviridae
NC_021855.1,Siphoviridae
NC_023574.1,Siphoviridae
NC_005822.1,Siphoviridae
NC_031016.1,Siphoviridae
NC_004302.1,Siphoviridae
NC_002747.1,Siphoviridae
NC_002703.1,Siphoviridae
NC_004066.1,Siphoviridae
NC_027341.1,Siphoviridae
NC_008370.1,Siphoviridae
NC_017688.1,Siphoviridae
NC_011046.1,Siphoviridae
NC_001909.1,Siphoviridae
NC_001629.1,Siphoviridae
NC_001706.1,Siphoviridae
NC_013155.1,Siphoviridae
NC_013152.1,Siphoviridae
NC_008371.1,Siphoviridae
NC_009817.1,Podoviridae
NC_008363.1,Siphoviridae
NC_001835.1,Siphoviridae
NC_028900.1,Siphoviridae
NC_023641.1,Endornaviridae
NC_034216.1,Endornaviridae
NC_020807.1,Rhabdoviridae
NC_004765.1,Papillomaviridae
NC_001619.1,Papillomaviridae
NC_013237.1,Papillomaviridae
NC_007150.1,Papillomaviridae
NC_018575.1,Papillomaviridae
NC_026922.1,Baculoviridae
NC_010737.1,Caulimoviridae
NC_023016.1,Secoviridae
NC_023017.1,Secoviridae
NC_024806.1,Flaviviridae
NC_034533.1,Rhabdoviridae
NC_003690.1,Flaviviridae
NC_023627.1,Iflaviridae
NC_025788.1,Iflaviridae
NC_004296.1,Arenaviridae
NC_004297.1,Arenaviridae
NC_010758.1,Arenaviridae
NC_010760.1,Arenaviridae
NC_028133.1,Nodaviridae
NC_028134.1,Nodaviridae
NC_034443.1,Rhabdoviridae
NC_001822.1,Tombusviridae
NC_004011.1,Potyviridae
NC_024115.1,Totiviridae
NC_002063.1,Totiviridae
NC_003601.1,Totiviridae
NC_002064.1,Totiviridae
NC_025450.1,Podoviridae
NC_025831.1,Hantaviridae
NC_025832.1,Hantaviridae
NC_025833.1,Hantaviridae
NC_004286.1,Parvoviridae
NC_005341.1,Parvoviridae
NC_004284.1,Parvoviridae
NC_019492.1,Parvoviridae
NC_004287.1,Parvoviridae
NC_004288.1,Parvoviridae
NC_018399.1,Parvoviridae
NC_006555.1,Parvoviridae
NC_018450.1,Parvoviridae
NC_015718.1,Parvoviridae
NC_029311.1,Herpesviridae
NC_032120.1,Polyomaviridae
NC_025218.2,Totiviridae
NC_026315.1,Picornaviridae
NC_026316.1,Picornaviridae
NC_011558.1,Rhabdoviridae
NC_011568.1,Rhabdoviridae
NC_012909.1,Closteroviridae
NC_012910.1,Closteroviridae
NC_003617.1,Closteroviridae
NC_003618.1,Closteroviridae
NC_027706.1,Potyviridae
NC_003605.1,Potyviridae
NC_035214.1,Secoviridae
NC_035219.1,Secoviridae
NC_007642.1,Rhabdoviridae
NC_006051.1,Ophioviridae
NC_006052.1,Ophioviridae
NC_006053.1,Ophioviridae
NC_006054.1,Ophioviridae
NC_010832.1,Alphaflexiviridae
NC_011532.1,Rhabdoviridae
NC_008348.1,Baculoviridae
NC_027987.1,Siphoviridae
NC_018273.1,Siphoviridae
NC_027377.1,Siphoviridae
NC_027358.1,Siphoviridae
NC_020880.1,Siphoviridae
NC_024390.1,Siphoviridae
NC_020870.1,Siphoviridae
NC_024385.1,Siphoviridae
NC_024386.1,Siphoviridae
NC_024388.1,Siphoviridae
NC_024380.1,Siphoviridae
NC_024389.1,Siphoviridae
NC_024378.1,Siphoviridae
NC_034253.1,Polyomaviridae
NC_007736.1,Reoviridae
NC_007737.1,Reoviridae
NC_007738.1,Reoviridae
NC_007739.1,Reoviridae
NC_007740.1,Reoviridae
NC_007741.1,Reoviridae
NC_007742.1,Reoviridae
NC_007743.1,Reoviridae
NC_007744.1,Reoviridae
NC_007745.1,Reoviridae
NC_007746.1,Reoviridae
NC_007747.1,Reoviridae
NC_019549.1,Podoviridae
NC_019550.1,Podoviridae
NC_010305.1,Betaflexiviridae
NC_031089.1,Betaflexiviridae
NC_025477.1,Bromoviridae
NC_025478.1,Bromoviridae
NC_025481.1,Bromoviridae
NC_005288.1,Potyviridae
NC_005138.1,Betaflexiviridae
NC_007192.1,Alphaflexiviridae
NC_018506.1,Picornaviridae
NC_023162.1,Picornaviridae
NC_035432.1,Flaviviridae
NC_009550.1,Geminiviridae
NC_031466.1,Geminiviridae
NC_003291.2,Siphoviridae
NC_009815.1,Siphoviridae
NC_003216.1,Siphoviridae
NC_009810.1,Siphoviridae
NC_009812.1,Siphoviridae
NC_009813.1,Siphoviridae
NC_024364.1,Myoviridae
NC_024360.1,Myoviridae
NC_024787.1,Myoviridae
NC_024384.1,Siphoviridae
NC_024359.1,Myoviridae
NC_024387.1,Siphoviridae
NC_009814.1,Siphoviridae
NC_011308.1,Siphoviridae
NC_020871.1,Myoviridae
NC_028871.1,Siphoviridae
NC_028929.1,Siphoviridae
NC_025440.1,Myoviridae
NC_009811.2,Myoviridae
NC_021785.1,Siphoviridae
NC_024392.1,Siphoviridae
NC_024375.1,Siphoviridae
NC_021539.2,Siphoviridae
NC_021787.2,Siphoviridae
NC_021781.2,Myoviridae
NC_024383.1,Myoviridae
NC_018831.1,Siphoviridae
NC_006953.1,Siphoviridae
NC_001836.1,Closteroviridae
NC_005065.1,Closteroviridae
NC_027783.1,Circoviridae
NC_024684.1,Adenoviridae
NC_031955.1,Rhabdoviridae
NC_016144.1,Filoviridae
NC_010434.1,Alphaflexiviridae
NC_021242.1,Peribunyaviridae
NC_021243.1,Peribunyaviridae
NC_021244.1,Peribunyaviridae
NC_025340.1,Rhabdoviridae
NC_034835.1,Potyviridae
NC_007580.2,Flaviviridae
NC_001809.1,Flaviviridae
NC_022519.1,Polyomaviridae
NC_032730.1,Coronaviridae
NC_007210.2,Geminiviridae
NC_027703.1,Luteoviridae
NC_004824.1,Geminiviridae
NC_004825.1,Geminiviridae
NC_012776.1,Arenaviridae
NC_012777.1,Arenaviridae
NC_003027.1,Poxviridae
NC_016152.1,Arenaviridae
NC_016153.1,Arenaviridae
NC_018710.1,Arenaviridae
NC_018711.1,Arenaviridae
NC_014898.1,Potyviridae
NC_027567.1,Reoviridae
NC_027568.1,Reoviridae
NC_027569.1,Reoviridae
NC_027570.1,Reoviridae
NC_027571.1,Reoviridae
NC_027572.1,Reoviridae
NC_027573.1,Reoviridae
NC_027574.1,Reoviridae
NC_027576.1,Reoviridae
NC_024497.1,Iflaviridae
NC_001973.1,Baculoviridae
NC_013953.1,Baculoviridae
NC_001824.1,Iridoviridae
NC_005902.1,Iridoviridae
NC_033423.1,Iridoviridae
NC_004291.1,Arenaviridae
NC_004294.1,Arenaviridae
NC_025408.1,Rhabdoviridae
NC_027801.1,Circoviridae
NC_035187.1,Flaviviridae
NC_019851.1,Polyomaviridae
NC_001669.1,Polyomaviridae
NC_030200.1,Herpesviridae
NC_004812.1,Herpesviridae
NC_006150.1,Herpesviridae
NC_006146.1,Herpesviridae
NC_007016.1,Herpesviridae
NC_005078.1,Arenaviridae
NC_005079.1,Arenaviridae
NC_005094.1,Nodaviridae
NC_005095.1,Nodaviridae
NC_018570.2,Dicistroviridae
NC_025674.1,Virgaviridae
NC_029132.1,Herpesviridae
NC_031452.1,Geminiviridae
NC_031448.1,Geminiviridae
NC_031453.1,Geminiviridae
NC_010952.1,Geminiviridae
NC_010953.1,Geminiviridae
NC_035487.1,Geminiviridae
NC_035488.1,Geminiviridae
NC_004097.1,Geminiviridae
NC_004098.1,Geminiviridae
NC_004099.1,Geminiviridae
NC_004100.1,Geminiviridae
NC_010647.1,Geminiviridae
NC_010648.1,Geminiviridae
NC_017001.1,Geminiviridae
NC_017002.1,Geminiviridae
NC_016999.1,Geminiviridae
NC_017000.1,Geminiviridae
NC_028137.1,Flaviviridae
NC_023812.1,Togaviridae
NC_034497.1,Peribunyaviridae
NC_034498.1,Peribunyaviridae
NC_034505.1,Peribunyaviridae
NC_014462.1,Chrysoviridae
NC_014463.1,Chrysoviridae
NC_014464.1,Chrysoviridae
NC_014465.1,Chrysoviridae
NC_023039.1,Chrysoviridae
NC_023040.1,Chrysoviridae
NC_023041.1,Chrysoviridae
NC_023042.1,Chrysoviridae
NC_023043.1,Chrysoviridae
NC_006367.1,Totiviridae
NC_010246.1,Totiviridae
NC_027209.1,Totiviridae
NC_016993.1,Coronaviridae
NC_029911.1,Reoviridae
NC_029912.1,Reoviridae
NC_029913.1,Reoviridae
NC_029914.1,Reoviridae
NC_029915.1,Reoviridae
NC_029916.1,Reoviridae
NC_029917.1,Reoviridae
NC_029918.1,Reoviridae
NC_029919.1,Reoviridae
NC_029920.1,Reoviridae
NC_028044.1,Totiviridae
NC_036589.1,Totiviridae
NC_030398.2,Totiviridae
NC_003626.1,Secoviridae
NC_003627.1,Tombusviridae
NC_003377.1,Potyviridae
NC_005974.1,Rhabdoviridae
NC_036390.1,Rhabdoviridae
NC_005975.1,Rhabdoviridae
NC_007729.1,Tombusviridae
NC_002786.2,Tymoviridae
NC_028465.1,Reoviridae
NC_017917.1,Geminiviridae
NC_001346.2,Geminiviridae
NC_009533.1,Tombusviridae
NC_021484.1,Luteoviridae
NC_029990.1,Luteoviridae
NC_008728.1,Reoviridae
NC_008729.1,Reoviridae
NC_008730.1,Reoviridae
NC_008731.1,Reoviridae
NC_008732.1,Reoviridae
NC_008733.1,Reoviridae
NC_008734.1,Reoviridae
NC_008735.1,Reoviridae
NC_008736.1,Reoviridae
NC_008737.1,Reoviridae
NC_025400.1,Rhabdoviridae
NC_025364.1,Rhabdoviridae
NC_008251.1,Alphaflexiviridae
NC_031458.1,Geminiviridae
NC_031459.1,Geminiviridae
NC_008316.1,Geminiviridae
NC_021245.1,Geminiviridae
NC_007724.1,Geminiviridae
NC_008559.1,Geminiviridae
NC_012665.1,Geminiviridae
NC_026763.1,Geminiviridae
NC_014647.1,Geminiviridae
NC_030749.1,Geminiviridae
NC_004634.1,Geminiviridae
NC_006631.1,Geminiviridae
NC_001943.1,Astroviridae
NC_030922.1,Astroviridae
NC_004579.1,Astroviridae
NC_002469.1,Astroviridae
NC_024701.1,Astroviridae
NC_034974.1,Astroviridae
NC_025379.2,Astroviridae
NC_034975.1,Astroviridae
NC_011400.1,Astroviridae
NC_013060.1,Astroviridae
NC_023681.1,Baculoviridae
NC_003529.1,Baculoviridae
NC_004117.1,Baculoviridae
NC_001607.1,Bornaviridae
NC_030692.1,Bornaviridae
NC_013225.1,Reoviridae
NC_013226.1,Reoviridae
NC_013227.1,Reoviridae
NC_013228.1,Reoviridae
NC_013229.1,Reoviridae
NC_013230.1,Reoviridae
NC_013231.1,Reoviridae
NC_013232.1,Reoviridae
NC_013233.1,Reoviridae
NC_013234.1,Reoviridae
NC_006430.1,Paramyxoviridae
NC_034531.1,Rhabdoviridae
NC_028766.1,Myoviridae
NC_028898.1,Myoviridae
NC_028956.1,Siphoviridae
NC_028853.1,Siphoviridae
NC_028743.1,Siphoviridae
NC_008201.1,Myoviridae
NC_024074.1,Peribunyaviridae
NC_024075.1,Peribunyaviridae
NC_024076.1,Peribunyaviridae
NC_034552.1,Hantaviridae
NC_034553.1,Hantaviridae
NC_034566.1,Hantaviridae
NC_026281.1,Peribunyaviridae
NC_026282.1,Peribunyaviridae
NC_026283.1,Peribunyaviridae
NC_009489.1,Paramyxoviridae
NC_025255.1,Rhabdoviridae
NC_008716.1,Virgaviridae
NC_030148.1,Polyomaviridae
NC_001608.3,Filoviridae
NC_024781.1,Filoviridae
NC_034530.1,Rhabdoviridae
NC_027134.1,Arenaviridae
NC_027136.1,Arenaviridae
NC_022790.1,Microviridae
NC_027788.1,Circoviridae
NC_034495.1,Peribunyaviridae
NC_034496.1,Peribunyaviridae
NC_034504.1,Peribunyaviridae
NC_008725.1,Baculoviridae
NC_001550.1,Retroviridae
NC_025895.1,Polyomaviridae
NC_003417.1,Togaviridae
NC_033721.1,Flaviviridae
NC_001498.1,Paramyxoviridae
NC_029797.1,Parvoviridae
NC_016072.1,Mimiviridae
NC_013266.1,Bromoviridae
NC_013267.1,Bromoviridae
NC_013268.1,Bromoviridae
NC_001993.1,Poxviridae
NC_002641.1,Herpesviridae
NC_021201.1,Picornaviridae
NC_026473.1,Polyomaviridae
NC_028140.1,Geminiviridae
NC_028141.1,Geminiviridae
NC_028142.1,Geminiviridae
NC_028143.1,Geminiviridae
NC_010809.1,Luteoviridae
NC_004732.1,Geminiviridae
NC_028138.1,Geminiviridae
NC_014380.1,Geminiviridae
NC_014381.1,Geminiviridae
NC_033832.1,Tospoviridae
NC_033833.1,Tospoviridae
NC_033834.1,Tospoviridae
NC_008300.1,Tospoviridae
NC_008306.1,Tospoviridae
NC_008307.1,Tospoviridae
NC_034204.1,Flaviviridae
NC_027819.1,Flaviviridae
NC_023763.1,Arenaviridae
NC_023764.1,Arenaviridae
NC_015490.1,Geminiviridae
NC_015491.1,Geminiviridae
NC_007965.1,Geminiviridae
NC_007966.1,Geminiviridae
NC_001663.2,Polyomaviridae
NC_020901.1,Mesoniviridae
NC_020900.1,Mesoniviridae
NC_025431.1,Podoviridae
NC_010818.1,Geminiviridae
NC_009088.1,Geminiviridae
NC_001902.1,Siphoviridae
NC_002628.3,Siphoviridae
NC_009603.1,Siphoviridae
NC_023859.1,Siphoviridae
NC_029002.1,Myoviridae
NC_008562.1,Myoviridae
NC_008171.1,Reoviridae
NC_008172.1,Reoviridae
NC_008173.1,Reoviridae
NC_008174.1,Reoviridae
NC_008175.1,Reoviridae
NC_008176.1,Reoviridae
NC_008177.1,Reoviridae
NC_008178.1,Reoviridae
NC_008179.1,Reoviridae
NC_008180.1,Reoviridae
NC_008181.1,Reoviridae
NC_014767.1,Phycodnaviridae
NC_007028.1,Polydnaviridae
NC_007029.1,Polydnaviridae
NC_007030.2,Polydnaviridae
NC_007031.1,Polydnaviridae
NC_007032.1,Polydnaviridae
NC_007033.1,Polydnaviridae
NC_007034.1,Polydnaviridae
NC_007035.1,Polydnaviridae
NC_007036.1,Polydnaviridae
NC_007037.1,Polydnaviridae
NC_007038.1,Polydnaviridae
NC_007039.1,Polydnaviridae
NC_007040.1,Polydnaviridae
NC_007041.1,Polydnaviridae
NC_007044.1,Polydnaviridae
NC_028119.1,Polyomaviridae
NC_027634.1,Microviridae
NC_027635.1,Microviridae
NC_027638.1,Microviridae
NC_027639.1,Microviridae
NC_027640.1,Microviridae
NC_027641.1,Microviridae
NC_027643.1,Microviridae
NC_027644.1,Microviridae
NC_027646.1,Microviridae
NC_027647.1,Microviridae
NC_027648.1,Microviridae
NC_026013.1,Microviridae
NC_015785.1,Microviridae
NC_024887.1,Togaviridae
NC_019843.3,Coronaviridae
NC_012702.1,Nyamiviridae
NC_025112.1,Arteriviridae
NC_003641.1,Nanoviridae
NC_003642.1,Nanoviridae
NC_003643.1,Nanoviridae
NC_003644.1,Nanoviridae
NC_003645.1,Nanoviridae
NC_003646.1,Nanoviridae
NC_003648.1,Nanoviridae
NC_023626.1,Nanoviridae
NC_023639.1,Mimiviridae
NC_009546.1,Geminiviridae
NC_010438.1,Coronaviridae
NC_020069.1,Polyomaviridae
NC_034220.1,Polyomaviridae
NC_034221.1,Polyomaviridae
NC_030873.1,Parvoviridae
NC_019712.1,Caliciviridae
NC_023885.1,Circoviridae
NC_023760.1,Coronaviridae
NC_006944.1,Closteroviridae
NC_006948.1,Alphaflexiviridae
NC_016080.1,Betaflexiviridae
NC_024491.1,Geminiviridae
NC_004036.1,Caulimoviridae
NC_003379.1,Geminiviridae
NC_034381.1,Picornaviridae
NC_007903.1,Arenaviridae
NC_007904.1,Arenaviridae
NC_022620.1,Reoviridae
NC_022621.1,Reoviridae
NC_022622.1,Reoviridae
NC_022623.1,Reoviridae
NC_022624.1,Reoviridae
NC_022625.1,Reoviridae
NC_022626.1,Reoviridae
NC_022627.1,Reoviridae
NC_022628.1,Reoviridae
NC_022629.1,Reoviridae
NC_029996.1,Baculoviridae
NC_003635.1,Flaviviridae
NC_034222.1,Flaviviridae
NC_034223.1,Flaviviridae
NC_034224.1,Flaviviridae
NC_034225.1,Flaviviridae
NC_025352.1,Paramyxoviridae
NC_006429.1,Rhabdoviridae
NC_031338.1,Iflaviridae
NC_001731.1,Poxviridae
NC_001502.1,Retroviridae
NC_028123.1,Polyomaviridae
NC_026509.1,Arteriviridae
NC_003310.1,Poxviridae
NC_004119.1,Flaviviridae
NC_034396.1,Hantaviridae
NC_034397.1,Hantaviridae
NC_034403.1,Hantaviridae
NC_006572.1,Arenaviridae
NC_006573.1,Arenaviridae
NC_006574.1,Arenaviridae
NC_006575.1,Arenaviridae
NC_011085.3,Podoviridae
NC_031020.1,Myoviridae
NC_031115.1,Podoviridae
NC_020073.2,Tombusviridae
NC_009995.1,Potyviridae
NC_013057.1,Arenaviridae
NC_013058.1,Arenaviridae
NC_034508.1,Rhabdoviridae
NC_023987.1,Picornaviridae
NC_034448.1,Rhabdoviridae
NC_026512.1,Circoviridae
NC_015115.1,Parvoviridae
NC_005339.1,Paramyxoviridae
NC_035218.1,Secoviridae
NC_035220.1,Secoviridae
NC_020104.1,Mimiviridae
NC_034545.1,Rhabdoviridae
NC_015935.1,Astroviridae
NC_031755.1,Circoviridae
NC_015936.1,Picornaviridae
NC_001503.1,Retroviridae
NC_025359.1,Rhabdoviridae
NC_026815.1,Parvoviridae
NC_014793.1,Dicistroviridae
NC_026020.2,Caulimoviridae
NC_026771.1,Geminiviridae
NC_026617.1,Peribunyaviridae
NC_026618.2,Peribunyaviridae
NC_026619.1,Peribunyaviridae
NC_006966.1,Poxviridae
NC_002200.1,Paramyxoviridae
NC_004608.1,Geminiviridae
NC_004609.1,Geminiviridae
NC_001983.1,Geminiviridae
NC_001984.1,Geminiviridae
NC_011550.1,Coronaviridae
NC_001356.1,Papillomaviridae
NC_001458.1,Papillomaviridae
NC_004065.1,Herpesviridae
NC_002512.2,Herpesviridae
NC_019559.2,Herpesviridae
NC_001826.2,Herpesviridae
NC_018702.1,Astroviridae
NC_001846.1,Coronaviridae
NC_012936.1,Coronaviridae
NC_007815.2,Retroviridae
NC_001501.1,Retroviridae
NC_001362.1,Retroviridae
NC_001702.1,Retroviridae
NC_000942.1,Adenoviridae
AC_000012.1,Adenoviridae
NC_014899.1,Adenoviridae
NC_012584.1,Adenoviridae
NC_006579.1,Pneumoviridae
NC_001506.1,Retroviridae
NC_001552.1,Paramyxoviridae
NC_033620.1,Herpesviridae
NC_035468.1,Poxviridae
NC_000943.1,Flaviviridae
NC_022595.1,Peribunyaviridae
NC_022596.1,Peribunyaviridae
NC_022597.1,Peribunyaviridae
NC_029853.1,Retroviridae
NC_001515.2,Polyomaviridae
NC_001505.2,Polyomaviridae
NC_023597.1,Siphoviridae
NC_023602.1,Siphoviridae
NC_023603.1,Siphoviridae
NC_023607.1,Siphoviridae
NC_028920.1,Siphoviridae
NC_022058.1,Siphoviridae
NC_023723.1,Siphoviridae
NC_023742.1,Siphoviridae
NC_023862.1,Siphoviridae
NC_026583.1,Siphoviridae
NC_012788.1,Siphoviridae
NC_022087.1,Siphoviridae
NC_029018.2,Siphoviridae
NC_031277.1,Siphoviridae
NC_028878.1,Siphoviridae
NC_028876.2,Siphoviridae
NC_031279.1,Siphoviridae
NC_023747.1,Siphoviridae
NC_028804.1,Siphoviridae
NC_028823.1,Siphoviridae
NC_031253.1,Siphoviridae
NC_023713.1,Siphoviridae
NC_022055.1,Siphoviridae
NC_031262.1,Siphoviridae
NC_022988.1,Siphoviridae
NC_021533.1,Siphoviridae
NC_021061.1,Siphoviridae
NC_026593.1,Siphoviridae
NC_028678.1,Siphoviridae
NC_028922.1,Siphoviridae
NC_028842.1,Siphoviridae
NC_028779.1,Siphoviridae
NC_021324.1,Siphoviridae
NC_031238.1,Siphoviridae
NC_022057.1,Siphoviridae
NC_026604.1,Siphoviridae
NC_028897.1,Siphoviridae
NC_028979.1,Siphoviridae
NC_021338.1,Siphoviridae
NC_021318.1,Siphoviridae
NC_022973.1,Siphoviridae
NC_022065.1,Siphoviridae
NC_023606.1,Siphoviridae
NC_022071.1,Siphoviridae
NC_022068.1,Siphoviridae
NC_024371.1,Siphoviridae
NC_028946.1,Siphoviridae
NC_011022.1,Siphoviridae
NC_023703.1,Siphoviridae
NC_022059.1,Siphoviridae
NC_023708.1,Siphoviridae
NC_023744.1,Siphoviridae
NC_021306.2,Siphoviridae
NC_029079.1,Siphoviridae
NC_022325.1,Siphoviridae
NC_023562.1,Siphoviridae
NC_023564.1,Siphoviridae
NC_023553.1,Siphoviridae
NC_029059.1,Siphoviridae
NC_028936.1,Siphoviridae
NC_028852.1,Siphoviridae
NC_026585.1,Siphoviridae
NC_031263.1,Siphoviridae
NC_020876.1,Siphoviridae
NC_028861.1,Siphoviridae
NC_028889.1,Siphoviridae
NC_022753.1,Siphoviridae
NC_031124.1,Siphoviridae
NC_031035.1,Siphoviridae
NC_022085.1,Siphoviridae
NC_031111.1,Siphoviridae
NC_022979.1,Siphoviridae
NC_011290.1,Siphoviridae
NC_026595.1,Siphoviridae
NC_022056.1,Siphoviridae
NC_022975.1,Siphoviridae
NC_024209.1,Siphoviridae
NC_021308.1,Siphoviridae
NC_024145.1,Siphoviridae
NC_022981.1,Siphoviridae
NC_026596.1,Siphoviridae
NC_028687.1,Siphoviridae
NC_022069.1,Siphoviridae
NC_021538.1,Siphoviridae
NC_021535.1,Siphoviridae
NC_023600.1,Siphoviridae
NC_023604.1,Siphoviridae
NC_022984.1,Siphoviridae
NC_024141.1,Siphoviridae
NC_022061.1,Siphoviridae
NC_026603.1,Siphoviridae
NC_028792.1,Siphoviridae
NC_028947.1,Siphoviridae
NC_028744.1,Siphoviridae
NC_024143.1,Siphoviridae
NC_028877.1,Siphoviridae
NC_021556.1,Siphoviridae
NC_023689.1,Siphoviridae
NC_022086.1,Siphoviridae
NC_028923.1,Siphoviridae
NC_028843.1,Siphoviridae
NC_031256.1,Siphoviridae
NC_028849.1,Siphoviridae
NC_031067.1,Siphoviridae
NC_028798.1,Siphoviridae
NC_028953.1,Siphoviridae
NC_023572.1,Siphoviridae
NC_026598.1,Siphoviridae
NC_029093.1,Siphoviridae
NC_026584.1,Siphoviridae
NC_028791.1,Siphoviridae
NC_028759.1,Siphoviridae
NC_031257.1,Siphoviridae
NC_021305.1,Siphoviridae
NC_028978.1,Siphoviridae
NC_011273.1,Myoviridae
NC_022976.1,Siphoviridae
NC_028785.1,Siphoviridae
NC_028928.1,Siphoviridae
NC_028815.1,Siphoviridae
NC_023565.1,Siphoviridae
NC_023578.1,Siphoviridae
NC_024366.1,Siphoviridae
NC_028832.1,Siphoviridae
NC_028937.1,Siphoviridae
NC_031281.1,Siphoviridae
NC_031041.1,Siphoviridae
NC_028874.1,Siphoviridae
NC_021297.1,Siphoviridae
NC_021299.1,Siphoviridae
NC_028680.1,Siphoviridae
NC_011057.1,Siphoviridae
NC_024148.1,Siphoviridae
NC_022969.1,Siphoviridae
NC_028844.1,Siphoviridae
NC_021311.1,Siphoviridae
NC_022063.1,Siphoviridae
NC_028662.1,Podoviridae
NC_012027.1,Siphoviridae
NC_031266.1,Siphoviridae
NC_022329.1,Siphoviridae
NC_021309.1,Siphoviridae
NC_024368.1,Siphoviridae
NC_028965.1,Siphoviridae
NC_028794.1,Siphoviridae
NC_008200.1,Siphoviridae
NC_028961.1,Siphoviridae
NC_028751.1,Siphoviridae
NC_022330.1,Siphoviridae
NC_022066.1,Siphoviridae
NC_023609.1,Siphoviridae
NC_028810.1,Siphoviridae
NC_023580.1,Siphoviridae
NC_022324.1,Siphoviridae
NC_026589.1,Siphoviridae
NC_024136.1,Siphoviridae
NC_028813.1,Siphoviridae
NC_028932.1,Siphoviridae
NC_021307.1,Siphoviridae
NC_028846.1,Siphoviridae
NC_028914.1,Siphoviridae
NC_031261.1,Siphoviridae
NC_021301.1,Siphoviridae
NC_028860.1,Siphoviridae
NC_031102.1,Siphoviridae
NC_028778.1,Siphoviridae
NC_028654.1,Siphoviridae
NC_026597.1,Siphoviridae
NC_026588.1,Siphoviridae
NC_029043.2,Siphoviridae
NC_028912.1,Siphoviridae
NC_028784.1,Siphoviridae
NC_028960.2,Siphoviridae
NC_028828.1,Siphoviridae
NC_028757.1,Siphoviridae
NC_031080.1,Myoviridae
NC_026591.1,Siphoviridae
NC_011285.1,Siphoviridae
NC_022062.1,Siphoviridae
NC_028941.1,Siphoviridae
NC_028802.1,Siphoviridae
NC_023498.1,Siphoviridae
NC_022060.1,Siphoviridae
NC_029077.1,Siphoviridae
NC_028801.1,Siphoviridae
NC_022067.1,Siphoviridae
NC_022070.1,Siphoviridae
NC_022052.1,Siphoviridae
NC_023709.1,Siphoviridae
NC_021334.1,Siphoviridae
NC_031243.1,Siphoviridae
NC_028910.1,Siphoviridae
NC_022965.1,Siphoviridae
NC_022985.1,Siphoviridae
NC_022977.1,Siphoviridae
NC_024147.1,Siphoviridae
NC_008194.1,Siphoviridae
NC_023701.1,Siphoviridae
NC_022328.1,Siphoviridae
NC_028986.1,Myoviridae
NC_023716.1,Siphoviridae
NC_014458.1,Siphoviridae
NC_028691.1,Siphoviridae
NC_013936.1,Siphoviridae
NC_023698.1,Siphoviridae
NC_023697.1,Siphoviridae
NC_028742.1,Siphoviridae
NC_022331.2,Siphoviridae
NC_004689.1,Siphoviridae
NC_024135.1,Siphoviridae
NC_022983.1,Siphoviridae
NC_009878.1,Siphoviridae
NC_023692.1,Siphoviridae
NC_023739.1,Siphoviridae
NC_011054.1,Siphoviridae
NC_014461.1,Siphoviridae
NC_028968.1,Siphoviridae
NC_011291.1,Siphoviridae
NC_023687.1,Siphoviridae
NC_028747.1,Siphoviridae
NC_002656.1,Siphoviridae
NC_004687.1,Myoviridae
NC_008207.1,Myoviridae
NC_021348.1,Myoviridae
NC_021346.1,Myoviridae
NC_021349.1,Myoviridae
NC_023737.1,Myoviridae
NC_023714.1,Myoviridae
NC_023733.1,Myoviridae
NC_029044.1,Myoviridae
NC_011272.1,Myoviridae
NC_011269.2,Myoviridae
NC_011270.1,Myoviridae
NC_011271.1,Myoviridae
NC_013650.1,Myoviridae
NC_004682.2,Siphoviridae
NC_023729.1,Siphoviridae
NC_008203.1,Siphoviridae
NC_004680.2,Siphoviridae
NC_004683.1,Siphoviridae
NC_004686.2,Siphoviridae
NC_004681.1,Siphoviridae
NC_008195.1,Siphoviridae
NC_004685.1,Siphoviridae
NC_023690.1,Siphoviridae
NC_014459.2,Siphoviridae
NC_001900.2,Siphoviridae
NC_023696.1,Myoviridae
NC_023728.1,Siphoviridae
NC_023552.1,Siphoviridae
NC_023704.1,Siphoviridae
NC_023721.1,Siphoviridae
NC_023726.1,Siphoviridae
NC_015584.1,Siphoviridae
NC_021063.1,Siphoviridae
NC_027365.1,Siphoviridae
NC_023712.1,Siphoviridae
NC_021302.1,Siphoviridae
NC_011288.1,Siphoviridae
NC_023686.1,Siphoviridae
NC_026590.1,Siphoviridae
NC_009993.2,Siphoviridae
NC_008204.1,Siphoviridae
NC_023746.1,Siphoviridae
NC_008202.2,Siphoviridae
NC_028869.1,Myoviridae
NC_023554.1,Siphoviridae
NC_011020.1,Siphoviridae
NC_011019.1,Siphoviridae
NC_011292.1,Siphoviridae
NC_011056.1,Siphoviridae
NC_023702.1,Siphoviridae
NC_001335.1,Siphoviridae
NC_023724.1,Siphoviridae
NC_023577.1,Siphoviridae
NC_023705.1,Siphoviridae
NC_008196.1,Siphoviridae
NC_011021.1,Siphoviridae
NC_026605.1,Siphoviridae
NC_024363.1,Siphoviridae
NC_024138.1,Siphoviridae
NC_022054.2,Siphoviridae
NC_023725.1,Myoviridae
NC_011044.1,Siphoviridae
NC_023711.1,Siphoviridae
NC_004688.1,Siphoviridae
NC_028803.1,Siphoviridae
NC_011287.1,Siphoviridae
NC_022053.1,Siphoviridae
NC_023691.1,Siphoviridae
NC_008198.1,Siphoviridae
NC_013694.1,Siphoviridae
NC_023720.1,Siphoviridae
NC_008197.1,Siphoviridae
NC_023740.1,Siphoviridae
NC_028682.1,Siphoviridae
NC_028907.1,Siphoviridae
NC_028796.1,Siphoviridae
NC_008199.1,Siphoviridae
NC_008205.1,Siphoviridae
NC_011055.1,Siphoviridae
NC_011039.1,Siphoviridae
NC_011023.1,Siphoviridae
NC_011289.1,Siphoviridae
NC_023730.1,Siphoviridae
NC_025444.1,Siphoviridae
NC_023710.1,Siphoviridae
NC_004684.1,Siphoviridae
NC_023732.1,Siphoviridae
NC_023699.1,Siphoviridae
NC_023748.1,Siphoviridae
NC_011267.1,Siphoviridae
NC_023727.1,Siphoviridae
NC_025438.1,Siphoviridae
NC_027985.1,Siphoviridae
NC_028658.1,Siphoviridae
NC_028942.1,Siphoviridae
NC_023741.1,Siphoviridae
NC_021310.1,Siphoviridae
NC_023563.1,Siphoviridae
NC_028674.1,Siphoviridae
NC_028690.1,Siphoviridae
NC_028681.1,Siphoviridae
NC_028689.1,Siphoviridae
NC_017973.1,Siphoviridae
NC_025433.1,Siphoviridae
NC_023738.1,Siphoviridae
NC_003387.1,Siphoviridae
NC_028906.1,Siphoviridae
NC_023731.1,Siphoviridae
NC_023707.1,Siphoviridae
NC_009820.1,Siphoviridae
NC_009877.1,Siphoviridae
NC_028934.1,Siphoviridae
NC_023695.1,Siphoviridae
NC_014901.1,Siphoviridae
NC_008206.2,Siphoviridae
NC_002515.1,Podoviridae
NC_010743.1,Reoviridae
NC_010744.1,Reoviridae
NC_010745.1,Reoviridae
NC_010746.1,Reoviridae
NC_010747.1,Reoviridae
NC_010748.1,Reoviridae
NC_010749.1,Reoviridae
NC_010750.1,Reoviridae
NC_010751.1,Reoviridae
NC_010752.1,Reoviridae
NC_010753.1,Reoviridae
NC_007524.1,Reoviridae
NC_007525.1,Reoviridae
NC_007526.1,Reoviridae
NC_007527.1,Reoviridae
NC_007528.1,Reoviridae
NC_007529.1,Reoviridae
NC_007531.1,Reoviridae
NC_007532.1,Reoviridae
NC_007533.1,Reoviridae
NC_007534.1,Reoviridae
NC_007535.1,Reoviridae
NC_007536.1,Reoviridae
NC_028117.1,Polyomaviridae
NC_029255.1,Herpesviridae
NC_011310.1,Polyomaviridae
NC_021246.1,Poxviridae
NC_033780.2,Baculoviridae
NC_027794.1,Circoviridae
NC_003085.1,Podoviridae
NC_001132.2,Poxviridae
NC_034386.1,Hantaviridae
NC_034387.1,Hantaviridae
NC_034391.1,Hantaviridae
NC_030400.1,Flaviviridae
NC_008266.1,Betaflexiviridae
NC_008824.1,Potyviridae
NC_023628.1,Potyviridae
NC_001441.1,Alphaflexiviridae
NC_008552.1,Betaflexiviridae
NC_011541.1,Potyviridae
NC_017937.1,Paramyxoviridae
NC_004084.1,Myoviridae
NC_016959.1,Togaviridae
NC_029063.1,Tymoviridae
NC_027211.1,Luteoviridae
NC_011538.1,Tymoviridae
NC_008252.1,Baculoviridae
NC_005906.1,Baculoviridae
NC_005905.1,Baculoviridae
NC_035114.1,Narnaviridae
NC_028111.1,Betaflexiviridae
NC_007679.1,Alphaflexiviridae
NC_024473.1,Rhabdoviridae
NC_004064.1,Caliciviridae
NC_007916.1,Caliciviridae
NC_013955.1,Rhabdoviridae
NC_024017.1,Flaviviridae
NC_025405.1,Rhabdoviridae
NC_024299.2,Flaviviridae
NC_016994.1,Coronaviridae
NC_030224.1,Totiviridae
NC_021566.1,Iflaviridae
NC_021567.1,Iflaviridae
NC_003652.1,Reoviridae
NC_003653.1,Reoviridae
NC_003654.1,Reoviridae
NC_003655.1,Reoviridae
NC_003656.1,Reoviridae
NC_003657.1,Reoviridae
NC_003658.1,Reoviridae
NC_003659.1,Reoviridae
NC_003660.1,Reoviridae
NC_003661.1,Reoviridae
NC_008030.1,Poxviridae
NC_023851.1,Geminiviridae
NC_002728.1,Paramyxoviridae
NC_034539.1,Rhabdoviridae
NC_032107.1,Coronaviridae
NC_016569.1,Siphoviridae
NC_002690.1,Nodaviridae
NC_002691.1,Nodaviridae
NC_018272.1,Siphoviridae
NC_018271.1,Siphoviridae
NC_009017.1,Tombusviridae
NC_002251.1,Rhabdoviridae
NC_001959.2,Caliciviridae
NC_008311.1,Caliciviridae
NC_029646.1,Caliciviridae
NC_029645.1,Caliciviridae
NC_029647.1,Caliciviridae
NC_025672.1,Flaviviridae
NC_025673.1,Flaviviridae
NC_025675.1,Picornaviridae
NC_025679.1,Flaviviridae
NC_025677.1,Flaviviridae
NC_033715.1,Flaviviridae
NC_034464.1,Hantaviridae
NC_034465.1,Hantaviridae
NC_034470.1,Hantaviridae
NC_018705.3,Flaviviridae
NC_001990.1,Alphatetraviridae
NC_001354.1,Papillomaviridae
NC_035469.1,Poxviridae
NC_012703.1,Nyamiviridae
NC_034481.1,Peribunyaviridae
NC_034491.1,Peribunyaviridae
NC_034492.1,Peribunyaviridae
NC_001512.1,Togaviridae
NC_001793.1,Tymoviridae
NC_003633.1,Tombusviridae
NC_010799.1,Geminiviridae
NC_002357.1,Virgaviridae
NC_002358.1,Virgaviridae
NC_004016.1,Potyviridae
NC_004017.1,Potyviridae
NC_005136.1,Potyviridae
NC_017685.1,Rhabdoviridae
NC_003852.1,Virgaviridae
NC_034242.1,Flaviviridae
NC_035462.1,Betaflexiviridae
NC_035463.1,Narnaviridae
NC_001728.1,Virgaviridae
NC_034548.1,Rhabdoviridae
NC_027135.1,Arenaviridae
NC_027137.1,Arenaviridae
NC_014894.1,Geminiviridae
NC_014745.1,Geminiviridae
NC_014847.1,Geminiviridae
NC_028985.1,Geminiviridae
NC_013017.1,Geminiviridae
NC_009532.1,Tymoviridae
NC_011181.1,Geminiviridae
NC_011182.1,Geminiviridae
NC_008377.1,Geminiviridae
NC_014066.1,Geminiviridae
NC_014067.1,Geminiviridae
NC_031754.1,Geminiviridae
NC_004673.1,Geminiviridae
NC_001721.1,Tombusviridae
NC_003671.1,Bromoviridae
NC_003673.1,Bromoviridae
NC_003674.1,Bromoviridae
NC_013920.1,Tymoviridae
NC_006939.1,Tombusviridae
NC_010248.1,Arenaviridae
NC_010250.1,Arenaviridae
NC_035127.1,Arteriviridae
NC_010739.1,Papillomaviridae
NC_003348.1,Papillomaviridae
NC_005062.1,Flaviviridae
NC_005029.1,Potyviridae
NC_032001.1,Phycodnaviridae
NC_001513.1,Tymoviridae
NC_007559.1,Reoviridae
NC_007560.1,Reoviridae
NC_007561.1,Reoviridae
NC_007562.1,Reoviridae
NC_007563.1,Reoviridae
NC_007564.1,Reoviridae
NC_007565.1,Reoviridae
NC_007566.1,Reoviridae
NC_007567.1,Reoviridae
NC_007568.1,Reoviridae
NC_004049.1,Narnaviridae
NC_004052.1,Narnaviridae
NC_004053.1,Narnaviridae
NC_004054.1,Narnaviridae
NC_027710.2,Tombusviridae
NC_027917.1,Iflaviridae
NC_006060.1,Alphaflexiviridae
NC_033782.1,Reoviridae
NC_033783.1,Reoviridae
NC_033784.1,Reoviridae
NC_033785.1,Reoviridae
NC_033786.1,Reoviridae
NC_033787.1,Reoviridae
NC_033788.1,Reoviridae
NC_033789.1,Reoviridae
NC_033790.1,Reoviridae
NC_033791.1,Reoviridae
NC_009608.1,Rhabdoviridae
NC_009609.1,Rhabdoviridae
NC_034543.1,Rhabdoviridae
NC_005336.1,Poxviridae
NC_031690.1,Rhabdoviridae
NC_010276.1,Baculoviridae
NC_001875.2,Baculoviridae
NC_034475.1,Peribunyaviridae
NC_034476.1,Peribunyaviridae
NC_034488.1,Peribunyaviridae
NC_019409.1,Potyviridae
NC_005775.1,Peribunyaviridae
NC_005776.1,Peribunyaviridae
NC_005777.1,Peribunyaviridae
NC_028097.1,Nodaviridae
NC_028098.1,Nodaviridae
NC_001434.1,Hepeviridae
NC_023425.1,Hepeviridae
NC_004290.1,Parvoviridae
NC_022564.1,Parvoviridae
NC_011588.1,Nudiviridae
NC_007649.1,Endornaviridae
NC_007647.1,Endornaviridae
NC_014412.1,Picornaviridae
NC_014413.1,Picornaviridae
NC_005881.2,Herpesviridae
NC_014766.1,Phycodnaviridae
NC_028091.1,Phycodnaviridae
NC_028093.1,Phycodnaviridae
NC_028092.1,Phycodnaviridae
NC_013288.1,Phycodnaviridae
NC_014789.1,Phycodnaviridae
NC_010191.2,Phycodnaviridae
NC_034160.1,Picobirnaviridae
NC_034161.1,Picobirnaviridae
NC_020071.1,Polyomaviridae
NC_020066.1,Polyomaviridae
NC_004037.2,Adenoviridae
NC_007015.1,Retroviridae
NC_007646.1,Herpesviridae
NC_001511.1,Retroviridae
NC_002513.1,Adenoviridae
AC_000001.1,Adenoviridae
NC_026253.1,Geminiviridae
NC_021558.1,Siphoviridae
NC_028930.1,Siphoviridae
NC_028837.1,Siphoviridae
NC_028788.1,Siphoviridae
NC_028746.1,Siphoviridae
NC_028758.1,Siphoviridae
NC_029084.1,Siphoviridae
NC_028854.1,Siphoviridae
NC_028767.1,Siphoviridae
NC_028851.1,Siphoviridae
NC_024301.1,Caulimoviridae
NC_027800.1,Circoviridae
NC_027786.1,Circoviridae
NC_027792.1,Circoviridae
NC_033694.1,Flaviviridae
NC_005986.1,Reoviridae
NC_005987.1,Reoviridae
NC_005988.1,Reoviridae
NC_005989.1,Reoviridae
NC_005990.1,Reoviridae
NC_005991.1,Reoviridae
NC_005992.1,Reoviridae
NC_005993.1,Reoviridae
NC_005994.1,Reoviridae
NC_005995.1,Reoviridae
NC_025368.1,Polyomaviridae
NC_028635.1,Polyomaviridae
NC_019858.1,Polyomaviridae
NC_027532.1,Polyomaviridae
NC_025370.1,Polyomaviridae
NC_019855.1,Polyomaviridae
NC_019856.1,Polyomaviridae
NC_019857.1,Polyomaviridae
NC_029096.1,Totiviridae
NC_014252.1,Potyviridae
NC_002598.1,Tombusviridae
NC_001647.1,Geminiviridae
NC_023677.1,Herpesviridae
NC_003521.1,Herpesviridae
NC_019454.1,Podoviridae
NC_015585.1,Podoviridae
NC_014707.1,Geminiviridae
NC_005321.1,Geminiviridae
NC_005844.1,Geminiviridae
NC_004147.1,Geminiviridae
NC_005028.1,Potyviridae
NC_001748.1,Alphaflexiviridae
NC_001785.1,Potyviridae
NC_007653.1,Herpesviridae
NC_025894.1,Polyomaviridae
NC_017716.1,Papillomaviridae
NC_004106.1,Virgaviridae
NC_029012.1,Microviridae
NC_029014.1,Microviridae
NC_026608.1,Siphoviridae
NC_027999.1,Flaviviridae
NC_000852.5,Phycodnaviridae
NC_008603.1,Phycodnaviridae
NC_009899.1,Phycodnaviridae
NC_009898.1,Phycodnaviridae
NC_027798.1,Circoviridae
NC_010756.1,Arenaviridae
NC_010761.1,Arenaviridae
NC_025963.1,Poxviridae
NC_003976.2,Picornaviridae
NC_021482.1,Picornaviridae
NC_034453.1,Picornaviridae
NC_003691.1,Nodaviridae
NC_003692.1,Nodaviridae
NC_005848.1,Bromoviridae
NC_005849.1,Bromoviridae
NC_005854.1,Bromoviridae
NC_027817.1,Flaviviridae
NC_016561.1,Hepadnaviridae
NC_034449.1,Rhabdoviridae
NC_003628.1,Secoviridae
NC_031450.1,Parvoviridae
NC_022089.1,Parvoviridae
NC_018226.1,Picornaviridae
NC_018576.1,Geminiviridae
NC_018530.1,Geminiviridae
NC_027892.1,Bornaviridae
NC_030690.1,Bornaviridae
NC_014411.1,Picornaviridae
NC_036588.1,Picornaviridae
NC_008292.1,Betaflexiviridae
NC_015552.1,Virgaviridae
NC_014790.2,Potyviridae
NC_031764.1,Geminiviridae
NC_031765.1,Geminiviridae
NC_012786.1,Geminiviridae
NC_012787.1,Geminiviridae
NC_008193.1,Myoviridae
NC_029105.1,Geminiviridae
NC_001368.1,Virgaviridae
NC_002036.1,Virgaviridae
NC_003629.1,Luteoviridae
NC_003853.1,Tombusviridae
NC_033554.1,Geminiviridae
NC_023154.1,Nanoviridae
NC_023155.1,Nanoviridae
NC_023156.1,Nanoviridae
NC_023157.1,Nanoviridae
NC_023158.1,Nanoviridae
NC_023159.1,Nanoviridae
NC_023160.1,Nanoviridae
NC_023161.1,Nanoviridae
NC_001671.1,Potyviridae
NC_004995.1,Tombusviridae
NC_026616.2,Betaflexiviridae
NC_027527.1,Betaflexiviridae
NC_023296.1,Nanoviridae
NC_023297.1,Nanoviridae
NC_023298.1,Nanoviridae
NC_023303.1,Nanoviridae
NC_023308.1,Nanoviridae
NC_023309.1,Nanoviridae
NC_023310.1,Nanoviridae
NC_023311.1,Nanoviridae
NC_034970.1,Luteoviridae
NC_009892.1,Betaflexiviridae
NC_011552.1,Betaflexiviridae
NC_034214.1,Secoviridae
NC_034215.1,Secoviridae
NC_033828.1,Tymoviridae
NC_001634.1,Caulimoviridae
NC_003668.1,Virgaviridae
NC_003672.1,Virgaviridae
NC_002600.1,Potyviridae
NC_002038.1,Bromoviridae
NC_002039.1,Bromoviridae
NC_002040.1,Bromoviridae
NC_027124.1,Arteriviridae
NC_030293.1,Potyviridae
NC_028940.1,Myoviridae
NC_018837.1,Siphoviridae
NC_029081.1,Podoviridae
NC_023865.1,Myoviridae
NC_019542.1,Podoviridae
NC_031068.2,Podoviridae
NC_031096.1,Podoviridae
NC_019522.1,Myoviridae
NC_020201.1,Myoviridae
NC_012118.1,Geminiviridae
NC_016161.1,Siphoviridae
NC_001837.1,Flaviviridae
NC_024377.1,Flaviviridae
NC_030291.1,Flaviviridae
NC_001710.1,Flaviviridae
NC_020902.1,Flaviviridae
NC_027998.2,Flaviviridae
NC_020484.1,Myoviridae
NC_020481.1,Podoviridae
NC_020482.1,Podoviridae
NC_020483.1,Podoviridae
NC_005985.1,Tombusviridae
NC_005286.1,Tombusviridae
NC_030452.1,Tombusviridae
NC_007017.2,Tombusviridae
NC_005285.1,Tombusviridae
NC_026240.1,Tombusviridae
NC_013262.1,Caulimoviridae
NC_003649.1,Bromoviridae
NC_003650.1,Bromoviridae
NC_003651.1,Bromoviridae
NC_007915.3,Totiviridae
NC_022897.1,Circoviridae
NC_024692.1,Nudiviridae
NC_014977.1,Nodaviridae
NC_014978.1,Nodaviridae
NC_024446.1,Poxviridae
NC_028494.1,Partitiviridae
NC_028499.1,Partitiviridae
NC_028948.1,Totiviridae
NC_007539.1,Chrysoviridae
NC_007540.1,Chrysoviridae
NC_007541.1,Chrysoviridae
NC_007542.1,Chrysoviridae
NC_029989.1,Totiviridae
NC_028495.1,Chrysoviridae
NC_028496.1,Chrysoviridae
NC_028497.1,Chrysoviridae
NC_028500.1,Chrysoviridae
NC_007221.1,Partitiviridae
NC_007222.1,Partitiviridae
NC_005976.2,Partitiviridae
NC_005977.2,Partitiviridae
NC_007147.1,Potyviridae
NC_004067.1,Alphaflexiviridae
NC_030225.1,Luteoviridae
NC_033772.1,Tospoviridae
NC_033773.1,Tospoviridae
NC_033774.1,Tospoviridae
NC_034159.1,Partitiviridae
NC_034167.1,Partitiviridae
NC_004096.1,Geminiviridae
NC_004101.1,Geminiviridae
NC_001359.1,Geminiviridae
NC_001369.1,Geminiviridae
NC_004192.1,Geminiviridae
NC_016984.1,Geminiviridae
NC_000882.1,Geminiviridae
NC_010618.1,Geminiviridae
NC_003630.1,Virgaviridae
NC_001517.1,Potyviridae
NC_003669.1,Virgaviridae
NC_003670.1,Virgaviridae
NC_008393.1,Potyviridae
NC_015050.1,Luteoviridae
NC_011918.1,Potyviridae
NC_034376.1,Betaflexiviridae
NC_034629.1,Geminiviridae
NC_020236.1,Geminiviridae
NC_008283.1,Geminiviridae
NC_008284.1,Geminiviridae
NC_028989.1,Geminiviridae
NC_014327.1,Potyviridae
NC_005347.1,Geminiviridae
NC_020803.1,Rhabdoviridae
NC_024625.1,Baculoviridae
NC_027923.1,Baculoviridae
NC_003113.1,Iflaviridae
NC_025394.1,Rhabdoviridae
NC_019024.1,Geminiviridae
NC_016648.1,Endornaviridae
NC_017988.1,Partitiviridae
NC_017989.1,Partitiviridae
NC_018381.2,Rhabdoviridae
NC_025967.1,Closteroviridae
NC_004573.1,Potyviridae
NC_007748.1,Reoviridae
NC_007749.1,Reoviridae
NC_007750.1,Reoviridae
NC_007751.1,Reoviridae
NC_007752.1,Reoviridae
NC_007753.1,Reoviridae
NC_007754.1,Reoviridae
NC_007755.1,Reoviridae
NC_007756.1,Reoviridae
NC_007757.1,Reoviridae
NC_003678.1,Flaviviridae
NC_027780.1,Circoviridae
NC_033492.1,Secoviridae
NC_033493.1,Secoviridae
NC_001839.2,Caulimoviridae
NC_021312.1,Phycodnaviridae
NC_010295.1,Alphaflexiviridae
NC_028793.2,Luteoviridae
NC_008032.1,Papillomaviridae
NC_013999.1,Totiviridae
NC_009991.1,Betaflexiviridae
NC_009383.1,Betaflexiviridae
NC_034007.1,Flaviviridae
NC_028249.1,Paramyxoviridae
NC_018074.1,Papillomaviridae
NC_024685.1,Hypoviridae
NC_033729.1,Narnaviridae
NC_026135.1,Totiviridae
NC_009551.1,Podoviridae
NC_008367.1,Podoviridae
NC_004062.1,Baculoviridae
NC_003634.1,Tymoviridae
NC_030308.1,Narnaviridae
NC_007069.1,Endornaviridae
NC_029782.1,Narnaviridae
NC_006439.1,Arenaviridae
NC_006447.1,Arenaviridae
NC_035206.1,Picobirnaviridae
NC_034452.1,Picobirnaviridae
NC_013797.1,Baculoviridae
NC_031503.1,Adenoviridae
NC_024474.1,Adenoviridae
NC_002361.1,Circoviridae
NC_029556.1,Fimoviridae
NC_029557.1,Fimoviridae
NC_029569.1,Fimoviridae
NC_029574.1,Fimoviridae
NC_029575.1,Fimoviridae
NC_015626.1,Picornaviridae
NC_030658.1,Fimoviridae
NC_030659.1,Fimoviridae
NC_030660.1,Fimoviridae
NC_030661.1,Fimoviridae
NC_030662.1,Fimoviridae
NC_030663.1,Fimoviridae
NC_024447.1,Poxviridae
NC_025356.1,Rhabdoviridae
NC_019850.1,Polyomaviridae
NC_014648.1,Caulimoviridae
NC_010178.1,Closteroviridae
NC_022647.1,Papillomaviridae
NC_008519.1,Papillomaviridae
NC_008582.1,Papillomaviridae
NC_014326.1,Papillomaviridae
NC_022365.1,Caulimoviridae
NC_009020.1,Coronaviridae
NC_005894.1,Arenaviridae
NC_005897.1,Arenaviridae
NC_015521.1,Hepeviridae
NC_029302.1,Totiviridae
NC_015639.1,Totiviridae
NC_000855.1,Rhabdoviridae
NC_036468.1,Reoviridae
NC_036469.1,Reoviridae
NC_036470.1,Reoviridae
NC_036471.1,Reoviridae
NC_036472.1,Reoviridae
NC_036473.1,Reoviridae
NC_036474.1,Reoviridae
NC_036475.1,Reoviridae
NC_036476.1,Reoviridae
NC_036477.1,Reoviridae
NC_024458.1,Alphaflexiviridae
NC_034217.1,Iflaviridae
NC_016564.1,Podoviridae
NC_003849.1,Alphaflexiviridae
NC_011539.1,Tymoviridae
NC_020487.1,Adenoviridae
NC_003779.1,Dicistroviridae
NC_036592.1,Circoviridae
NC_006960.1,Partitiviridae
NC_006961.1,Partitiviridae
NC_032255.1,Baculoviridae
NC_009992.1,Closteroviridae
NC_001445.1,Potyviridae
NC_026816.1,Virgaviridae
NC_002593.1,Baculoviridae
NC_025683.1,Circoviridae
NC_025684.1,Circoviridae
NC_025682.1,Circoviridae
NC_024329.1,Podoviridae
NC_002164.1,Tymoviridae
NC_018872.2,Potyviridae
NC_028924.1,Siphoviridae
NC_028763.1,Siphoviridae
NC_031757.1,Polyomaviridae
NC_033737.1,Polyomaviridae
NC_028127.1,Polyomaviridae
NC_013439.1,Polyomaviridae
NC_005343.1,Betaflexiviridae
NC_023674.1,Astroviridae
NC_019494.1,Astroviridae
NC_023675.1,Astroviridae
NC_023636.1,Astroviridae
NC_016647.1,Parvoviridae
NC_023673.1,Parvoviridae
NC_001792.2,Circoviridae
NC_005148.1,Circoviridae
NC_031753.1,Circoviridae
NC_036593.1,Circoviridae
NC_013774.1,Circoviridae
NC_003436.1,Coronaviridae
AC_000189.1,Adenoviridae
NC_002702.1,Adenoviridae
AC_000009.1,Adenoviridae
NC_022104.1,Parvoviridae
NC_025965.1,Parvoviridae
NC_023020.1,Parvoviridae
NC_023860.1,Parvoviridae
NC_034442.1,Flaviviridae
NC_023176.1,Flaviviridae
NC_029801.1,Picobirnaviridae
NC_029802.1,Picobirnaviridae
NC_001961.1,Arteriviridae
NC_025402.1,Paramyxoviridae
NC_009640.1,Paramyxoviridae
NC_023877.1,Circoviridae
NC_023878.1,Circoviridae
NC_035476.1,Circoviridae
NC_022787.1,Coronaviridae
NC_003059.1,Retroviridae
NC_022332.1,Picornaviridae
NC_003632.1,Alphaflexiviridae
NC_022798.1,Secoviridae
NC_022799.1,Secoviridae
NC_011525.1,Betaflexiviridae
NC_001747.1,Luteoviridae
NC_003723.1,Virgaviridae
NC_003724.1,Virgaviridae
NC_003725.1,Virgaviridae
NC_029900.1,Tombusviridae
NC_004039.1,Potyviridae
NC_018175.1,Betaflexiviridae
NC_001361.2,Betaflexiviridae
NC_009759.1,Betaflexiviridae
NC_007289.1,Betaflexiviridae
NC_011062.1,Betaflexiviridae
NC_004010.1,Potyviridae
NC_011620.1,Alphaflexiviridae
NC_001616.1,Potyviridae
NC_016136.1,Rhabdoviridae
NC_002048.1,Geminiviridae
NC_002049.1,Geminiviridae
NC_004638.1,Geminiviridae
NC_004644.1,Geminiviridae
NC_001934.1,Geminiviridae
NC_001935.1,Geminiviridae
NC_006061.1,Closteroviridae
NC_006062.1,Closteroviridae
NC_006063.1,Closteroviridae
NC_000939.2,Tombusviridae
NC_023849.1,Geminiviridae
NC_003687.1,Flaviviridae
NC_012564.1,Parvoviridae
NC_014358.1,Parvoviridae
NC_012042.1,Parvoviridae
NC_012729.2,Parvoviridae
NC_000883.2,Parvoviridae
NC_031324.1,Caliciviridae
NC_001436.1,Retroviridae
NC_000858.1,Retroviridae
NC_001488.1,Retroviridae
NC_001815.1,Retroviridae
NC_003323.1,Retroviridae
NC_007018.1,Parvoviridae
NC_027797.1,Circoviridae
NC_013109.1,Partitiviridae
NC_013110.1,Partitiviridae
NC_027928.1,Bromoviridae
NC_027929.1,Bromoviridae
NC_027930.1,Bromoviridae
NC_020847.1,Myoviridae
NC_020845.1,Myoviridae
NC_015280.1,Myoviridae
NC_015284.1,Myoviridae
NC_015283.1,Myoviridae
NC_006883.2,Myoviridae
NC_021559.1,Myoviridae
NC_006884.2,Myoviridae
NC_015290.1,Myoviridae
NC_020835.1,Podoviridae
NC_028955.1,Myoviridae
NC_006882.2,Podoviridae
NC_023845.1,Polyomaviridae
NC_024018.2,Flaviviridae
NC_031084.1,Siphoviridae
NC_031119.1,Siphoviridae
NC_031003.1,Siphoviridae
NC_028694.1,Siphoviridae
NC_028967.1,Siphoviridae
NC_027336.1,Siphoviridae
NC_022336.1,Siphoviridae
NC_027357.1,Siphoviridae
NC_027373.1,Siphoviridae
NC_027391.1,Siphoviridae
NC_027400.1,Siphoviridae
NC_022335.1,Siphoviridae
NC_027333.1,Siphoviridae
NC_027361.1,Siphoviridae
NC_027385.1,Siphoviridae
NC_027401.1,Siphoviridae
NC_027362.1,Siphoviridae
NC_027367.1,Siphoviridae
NC_027389.1,Siphoviridae
NC_027294.1,Siphoviridae
NC_027386.1,Siphoviridae
NC_027346.1,Siphoviridae
NC_027370.1,Siphoviridae
NC_027295.1,Siphoviridae
NC_027354.1,Siphoviridae
NC_031005.2,Siphoviridae
NC_018851.1,Siphoviridae
NC_018847.1,Siphoviridae
NC_027629.1,Siphoviridae
NC_003460.1,Inoviridae
NC_027625.1,Siphoviridae
NC_027628.1,Siphoviridae
NC_027620.1,Siphoviridae
NC_027630.1,Siphoviridae
NC_018842.1,Siphoviridae
NC_018840.1,Siphoviridae
NC_018838.1,Siphoviridae
NC_018852.1,Siphoviridae
NC_018841.1,Siphoviridae
NC_018845.1,Siphoviridae
NC_018849.1,Siphoviridae
NC_018839.1,Siphoviridae
NC_018834.1,Siphoviridae
NC_009541.1,Siphoviridae
NC_027371.1,Siphoviridae
NC_015454.1,Siphoviridae
NC_015453.1,Siphoviridae
NC_022338.1,Siphoviridae
NC_022337.1,Siphoviridae
NC_022342.1,Siphoviridae
NC_022334.1,Siphoviridae
NC_022341.1,Siphoviridae
NC_022340.1,Siphoviridae
NC_027623.2,Siphoviridae
NC_027626.1,Siphoviridae
NC_027624.1,Siphoviridae
NC_027627.1,Siphoviridae
NC_027622.1,Siphoviridae
NC_027621.1,Siphoviridae
NC_027363.1,Podoviridae
NC_027379.1,Podoviridae
NC_027390.1,Podoviridae
NC_027342.1,Podoviridae
NC_028812.1,Siphoviridae
NC_028762.1,Myoviridae
NC_028916.1,Podoviridae
NC_008037.1,Bromoviridae
NC_008038.1,Bromoviridae
NC_008039.1,Bromoviridae
NC_004362.1,Bromoviridae
NC_004363.1,Bromoviridae
NC_004364.1,Bromoviridae
NC_024686.1,Betaflexiviridae
NC_013772.1,Baculoviridae
NC_029094.1,Myoviridae
NC_015293.1,Siphoviridae
NC_029100.1,Siphoviridae
NC_020849.1,Podoviridae
NC_021300.1,Podoviridae
NC_013804.1,Poxviridae
NC_030479.1,Partitiviridae
NC_030480.1,Partitiviridae
NC_010821.1,Myoviridae
NC_019923.1,Podoviridae
NC_031014.1,Podoviridae
NC_006548.1,Siphoviridae
NC_016764.1,Podoviridae
NC_028652.1,Myoviridae
NC_028919.1,Podoviridae
NC_028836.1,Podoviridae
NC_028885.1,Podoviridae
NC_007805.1,Siphoviridae
NC_027384.1,Siphoviridae
NC_027986.1,Siphoviridae
NC_020203.1,Siphoviridae
NC_027992.1,Siphoviridae
NC_020198.1,Siphoviridae
NC_030929.1,Siphoviridae
NC_020202.1,Siphoviridae
NC_030908.1,Siphoviridae
NC_020200.1,Siphoviridae
NC_030918.1,Siphoviridae
NC_024330.1,Siphoviridae
NC_030910.1,Myoviridae
NC_028817.1,Myoviridae
NC_009935.1,Podoviridae
NC_017972.1,Myoviridae
NC_010326.1,Podoviridae
NC_031091.1,Siphoviridae
NC_018274.1,Siphoviridae
NC_024782.1,Siphoviridae
NC_022746.1,Podoviridae
NC_022091.1,Podoviridae
NC_019813.1,Podoviridae
NC_019451.1,Myoviridae
NC_016571.1,Myoviridae
NC_027345.1,Podoviridae
NC_022096.1,Myoviridae
NC_011373.1,Siphoviridae
NC_022967.1,Myoviridae
NC_028879.1,Siphoviridae
NC_029083.1,Myoviridae
NC_005884.1,Podoviridae
NC_027292.1,Podoviridae
NC_013638.1,Podoviridae
NC_021062.1,Podoviridae
NC_004173.1,Chrysoviridae
NC_004174.1,Chrysoviridae
NC_004175.1,Chrysoviridae
NC_004170.1,Chrysoviridae
NC_004171.1,Chrysoviridae
NC_004172.1,Chrysoviridae
NC_015208.1,Podoviridae
NC_030931.1,Siphoviridae
NC_012091.2,Chrysoviridae
NC_012092.1,Chrysoviridae
NC_012093.1,Chrysoviridae
NC_016762.1,Siphoviridae
NC_030940.1,Myoviridae
NC_003299.1,Chrysoviridae
NC_003300.1,Chrysoviridae
NC_003301.1,Chrysoviridae
NC_015264.1,Podoviridae
NC_012418.1,Podoviridae
NC_031110.1,Myoviridae
NC_028999.1,Myoviridae
NC_024365.1,Siphoviridae
NC_024362.1,Podoviridae
NC_023601.2,Myoviridae
NC_001628.1,Leviviridae
NC_028661.1,Podoviridae
NC_023006.1,Myoviridae
NC_023005.1,Podoviridae
NC_008294.1,Leviviridae
NC_029066.1,Siphoviridae
NC_011107.1,Podoviridae
NC_017971.2,Podoviridae
NC_018850.2,Podoviridae
NC_028939.1,Myoviridae
NC_017865.1,Podoviridae
NC_026586.1,Myoviridae
NC_028882.1,Myoviridae
NC_031104.1,Podoviridae
NC_026602.1,Podoviridae
NC_027375.1,Podoviridae
NC_026601.1,Siphoviridae
NC_028667.1,Siphoviridae
NC_030934.1,Myoviridae
NC_029065.1,Myoviridae
NC_029101.1,Podoviridae
NC_027388.1,Podoviridae
NC_028657.1,Siphoviridae
NC_030923.1,Podoviridae
NC_030909.1,Siphoviridae
NC_007807.1,Podoviridae
NC_011703.1,Myoviridae
NC_007806.1,Siphoviridae
NC_026587.1,Myoviridae
NC_024140.1,Podoviridae
NC_031063.1,Podoviridae
NC_026594.1,Siphoviridae
NC_026599.1,Podoviridae
NC_024381.1,Siphoviridae
NC_026600.1,Myoviridae
NC_019918.1,Myoviridae
NC_028933.1,Podoviridae
NC_002484.2,Siphoviridae
NC_005178.1,Siphoviridae
NC_028745.1,Myoviridae
NC_028971.1,Myoviridae
NC_008717.1,Siphoviridae
NC_007623.1,Myoviridae
NC_006552.1,Podoviridae
NC_007810.1,Myoviridae
NC_004665.1,Podoviridae
NC_019450.1,Myoviridae
NC_017674.1,Myoviridae
NC_017864.1,Siphoviridae
NC_015272.2,Myoviridae
NC_019935.1,Myoviridae
NC_029017.1,Podoviridae
NC_024123.1,Podoviridae
NC_011165.1,Myoviridae
NC_013692.1,Podoviridae
NC_009936.1,Podoviridae
NC_011166.1,Myoviridae
NC_027298.1,Siphoviridae
NC_010325.1,Podoviridae
NC_013691.1,Podoviridae
NC_007809.1,Siphoviridae
NC_018282.1,Siphoviridae
NC_009818.1,Siphoviridae
NC_011613.1,Siphoviridae
NC_011611.1,Siphoviridae
NC_031058.1,Siphoviridae
NC_023700.1,Siphoviridae
NC_022971.1,Podoviridae
NC_028980.1,Siphoviridae
NC_015294.2,Myoviridae
NC_022970.1,Myoviridae
NC_022966.1,Myoviridae
NC_022974.1,Myoviridae
NC_022986.1,Myoviridae
NC_028770.1,Siphoviridae
NC_028931.1,Siphoviridae
NC_028809.1,Siphoviridae
NC_019913.1,Myoviridae
NC_004466.2,Podoviridae
NC_011810.1,Myoviridae
NC_001331.1,Inoviridae
NC_001418.1,Inoviridae
NC_003714.1,Chrysoviridae
NC_003715.1,Chrysoviridae
NC_003716.1,Chrysoviridae
NC_003278.1,Myoviridae
NC_005045.1,Podoviridae
NC_004629.1,Myoviridae
NC_016765.1,Siphoviridae
NC_011756.1,Myoviridae
NC_023583.1,Podoviridae
NC_010116.1,Siphoviridae
NC_008298.1,Papillomaviridae
NC_005264.1,Herpesviridae
NC_028106.1,Bornaviridae
NC_030688.1,Bornaviridae
NC_030689.1,Bornaviridae
NC_025962.1,Adenoviridae
NC_031336.1,Endornaviridae
NC_020841.1,Myoviridae
NC_023734.1,Siphoviridae
NC_028121.1,Polyomaviridae
NC_020070.1,Polyomaviridae
NC_020439.1,Reoviridae
NC_020440.1,Reoviridae
NC_020441.1,Reoviridae
NC_020442.1,Reoviridae
NC_020443.1,Reoviridae
NC_020444.1,Reoviridae
NC_020445.1,Reoviridae
NC_020446.1,Reoviridae
NC_020447.1,Reoviridae
NC_020448.1,Reoviridae
NC_025801.1,Reoviridae
NC_025802.1,Reoviridae
NC_025803.1,Reoviridae
NC_025804.1,Reoviridae
NC_025805.1,Reoviridae
NC_025806.1,Reoviridae
NC_025807.1,Reoviridae
NC_025808.1,Reoviridae
NC_025809.1,Reoviridae
NC_025810.1,Reoviridae
NC_030656.1,Poxviridae
NC_025395.1,Rhabdoviridae
NC_010946.1,Geminiviridae
NC_021864.1,Podoviridae
NC_005223.1,Hantaviridae
NC_005224.1,Hantaviridae
NC_005225.1,Hantaviridae
NC_026141.2,Polyomaviridae
NC_007923.1,Polyomaviridae
NC_034511.1,Hantaviridae
NC_034512.1,Hantaviridae
NC_034522.1,Hantaviridae
NC_033792.1,Astroviridae
NC_033821.1,Astroviridae
NC_016403.1,Picornaviridae
NC_021069.1,Flaviviridae
NC_012671.1,Flaviviridae
NC_034393.1,Hantaviridae
NC_034400.1,Hantaviridae
NC_034401.1,Hantaviridae
NC_025346.1,Astroviridae
NC_028973.1,Parvoviridae
NC_011704.1,Caliciviridae
NC_017083.1,Coronaviridae
NC_001266.1,Poxviridae
NC_001543.1,Caliciviridae
NC_008580.1,Caliciviridae
NC_001542.1,Rhabdoviridae
NC_026314.1,Picornaviridae
NC_034378.1,Polyomaviridae
NC_025825.1,Parvoviridae
NC_027213.1,Poxviridae
NC_010238.1,Geminiviridae
NC_010709.1,Secoviridae
NC_010710.1,Secoviridae
NC_023586.1,Inoviridae
NC_005131.2,Inoviridae
NC_011201.1,Podoviridae
NC_023736.1,Podoviridae
NC_022917.1,Podoviridae
NC_028988.1,Podoviridae
NC_029007.1,Podoviridae
NC_022915.1,Podoviridae
NC_030948.1,Myoviridae
NC_019548.1,Inoviridae
NC_021866.1,Inoviridae
NC_021862.1,Inoviridae
NC_025115.1,Myoviridae
NC_015297.1,Inoviridae
NC_025454.1,Inoviridae
NC_009382.1,Myoviridae
NC_028899.1,Myoviridae
NC_010811.2,Myoviridae
NC_028950.1,Myoviridae
NC_008574.2,Inoviridae
NC_011399.1,Inoviridae
NC_008575.1,Inoviridae
NC_030699.1,Geminiviridae
NC_008211.1,Alloherpesviridae
NC_008210.1,Alloherpesviridae
NC_034618.1,Alloherpesviridae
NC_008190.1,Partitiviridae
NC_008191.1,Partitiviridae
NC_010343.1,Partitiviridae
NC_010344.1,Partitiviridae
NC_010345.1,Partitiviridae
NC_011705.1,Partitiviridae
NC_011706.1,Partitiviridae
NC_015455.1,Adenoviridae
NC_014598.1,Reoviridae
NC_014599.1,Reoviridae
NC_014600.1,Reoviridae
NC_014601.1,Reoviridae
NC_014602.1,Reoviridae
NC_014603.1,Reoviridae
NC_014604.1,Reoviridae
NC_014605.1,Reoviridae
NC_014606.1,Reoviridae
NC_014607.1,Reoviridae
NC_029558.1,Fimoviridae
NC_029559.1,Fimoviridae
NC_029560.1,Fimoviridae
NC_029561.1,Fimoviridae
NC_029567.1,Fimoviridae
NC_029571.1,Fimoviridae
NC_029572.1,Fimoviridae
NC_029573.1,Fimoviridae
NC_008585.1,Closteroviridae
NC_005266.1,Secoviridae
NC_005267.1,Secoviridae
NC_028963.1,Arteriviridae
NC_032987.1,Arteriviridae
NC_029133.1,Parvoviridae
NC_028650.1,Parvoviridae
NC_027777.1,Circoviridae
NC_016442.1,Virgaviridae
NC_028492.1,Papillomaviridae
NC_027531.1,Polyomaviridae
NC_032005.1,Polyomaviridae
NC_008375.1,Circoviridae
NC_022630.1,Phenuiviridae
NC_022631.1,Phenuiviridae
NC_022632.1,Phenuiviridae
NC_009889.1,Retroviridae
NC_022616.1,Partitiviridae
NC_022617.1,Partitiviridae
NC_021096.1,Partitiviridae
NC_021097.1,Partitiviridae
NC_003738.1,Secoviridae
NC_003741.1,Secoviridae
NC_003756.1,Tombusviridae
NC_003775.1,Tombusviridae
NC_028480.1,Totiviridae
NC_028481.1,Totiviridae
NC_028483.1,Totiviridae
NC_028485.1,Totiviridae
NC_028486.1,Totiviridae
NC_028488.1,Totiviridae
NC_028490.1,Totiviridae
NC_012210.1,Betaflexiviridae
NC_008040.1,Nodaviridae
NC_008041.1,Nodaviridae
NC_035461.1,Potyviridae
NC_009041.1,Virgaviridae
NC_005084.2,Paramyxoviridae
NC_001803.1,Pneumoviridae
NC_004161.1,Filoviridae
NC_006934.1,Retroviridae
NC_009988.1,Coronaviridae
NC_034218.1,Polyomaviridae
NC_031695.1,Parvoviridae
NC_001617.1,Picornaviridae
NC_001490.1,Picornaviridae
NC_009996.1,Picornaviridae
NC_011103.1,Siphoviridae
NC_027296.1,Myoviridae
NC_021560.1,Myoviridae
NC_021557.1,Myoviridae
NC_023566.1,Siphoviridae
NC_025429.1,Myoviridae
NC_025427.1,Myoviridae
NC_023502.1,Siphoviridae
NC_022619.1,Endornaviridae
NC_029991.1,Narnaviridae
NC_023684.1,Partitiviridae
NC_023685.1,Partitiviridae
NC_032150.2,Partitiviridae
NC_003801.1,Partitiviridae
NC_003802.1,Partitiviridae
NC_020839.1,Siphoviridae
NC_016165.1,Siphoviridae
NC_028954.1,Siphoviridae
NC_029097.1,Siphoviridae
NC_028677.1,Siphoviridae
NC_021347.1,Myoviridae
NC_016655.1,Siphoviridae
NC_016652.1,Siphoviridae
NC_023706.1,Siphoviridae
NC_023722.1,Siphoviridae
NC_016651.1,Siphoviridae
NC_023735.1,Siphoviridae
NC_023694.1,Siphoviridae
NC_016653.1,Siphoviridae
NC_016650.1,Siphoviridae
NC_014481.1,Amalgaviridae
NC_029061.1,Podoviridae
NC_004735.1,Myoviridae
NC_020866.1,Siphoviridae
NC_031059.1,Siphoviridae
NC_001874.1,Dicistroviridae
NC_006563.1,Papillomaviridae
NC_010293.1,Geminiviridae
NC_010294.1,Geminiviridae
NC_012481.1,Geminiviridae
NC_012482.1,Geminiviridae
NC_015488.1,Geminiviridae
NC_015489.1,Geminiviridae
NC_014902.1,Geminiviridae
NC_014903.1,Geminiviridae
NC_002792.2,Virgaviridae
NC_003728.1,Reoviridae
NC_003729.1,Reoviridae
NC_003730.1,Reoviridae
NC_003731.1,Reoviridae
NC_003732.1,Reoviridae
NC_003733.1,Reoviridae
NC_003734.1,Reoviridae
NC_003735.1,Reoviridae
NC_003736.1,Reoviridae
NC_003737.1,Reoviridae
NC_003760.1,Reoviridae
NC_003761.1,Reoviridae
NC_003762.1,Reoviridae
NC_003763.1,Reoviridae
NC_003764.1,Reoviridae
NC_003765.1,Reoviridae
NC_003766.1,Reoviridae
NC_003767.1,Reoviridae
NC_003768.1,Reoviridae
NC_003772.1,Reoviridae
NC_003773.1,Reoviridae
NC_003774.1,Reoviridae
NC_009241.1,Reoviridae
NC_009242.1,Reoviridae
NC_009243.1,Reoviridae
NC_009244.1,Reoviridae
NC_009245.1,Reoviridae
NC_009246.1,Reoviridae
NC_009247.1,Reoviridae
NC_009248.1,Reoviridae
NC_009249.1,Reoviridae
NC_009250.1,Reoviridae
NC_009251.1,Reoviridae
NC_009252.1,Reoviridae
NC_002323.1,Phenuiviridae
NC_002324.1,Phenuiviridae
NC_002325.1,Phenuiviridae
NC_002326.1,Phenuiviridae
NC_002327.1,Phenuiviridae
NC_002328.1,Phenuiviridae
NC_036597.1,Phenuiviridae
NC_036598.1,Phenuiviridae
NC_036599.1,Phenuiviridae
NC_036602.1,Phenuiviridae
NC_028144.1,Potyviridae
NC_028145.1,Potyviridae
NC_003749.1,Reoviridae
NC_003750.1,Reoviridae
NC_003751.1,Reoviridae
NC_003752.1,Reoviridae
NC_003757.1,Reoviridae
NC_003758.1,Reoviridae
NC_003759.1,Reoviridae
NC_003769.1,Reoviridae
NC_003770.1,Reoviridae
NC_003771.1,Reoviridae
NC_003753.1,Phenuiviridae
NC_003754.1,Phenuiviridae
NC_003755.1,Phenuiviridae
NC_003776.1,Phenuiviridae
NC_001914.1,Caulimoviridae
NC_001632.1,Secoviridae
NC_035452.1,Tombusviridae
NC_003746.1,Rhabdoviridae
NC_019490.1,Siphoviridae
NC_014395.1,Phenuiviridae
NC_014396.1,Phenuiviridae
NC_014397.1,Phenuiviridae
NC_006296.2,Paramyxoviridae
NC_031958.1,Rhabdoviridae
NC_034534.1,Rhabdoviridae
NC_026439.1,Arteriviridae
NC_036583.1,Astroviridae
NC_021153.1,Flaviviridae
NC_028363.1,Picornaviridae
NC_021154.1,Flaviviridae
NC_001510.1,Parvoviridae
NC_025966.1,Anelloviridae
NC_020415.1,Tombusviridae
NC_024070.1,Picornaviridae
NC_031105.1,Picornaviridae
NC_031106.1,Picornaviridae
NC_010346.1,Partitiviridae
NC_010347.1,Partitiviridae
NC_010348.1,Partitiviridae
NC_024687.1,Geminiviridae
NC_024906.1,Closteroviridae
NC_015298.1,Fimoviridae
NC_015299.1,Fimoviridae
NC_015300.1,Fimoviridae
NC_015301.1,Fimoviridae
NC_034979.1,Fimoviridae
NC_034980.1,Fimoviridae
NC_034981.1,Fimoviridae
NC_010806.1,Luteoviridae
NC_019031.1,Potyviridae
NC_020999.1,Caulimoviridae
NC_030938.1,Endornaviridae
NC_036590.1,Hypoviridae
NC_020234.1,Partitiviridae
NC_020235.1,Partitiviridae
NC_028250.1,Partitiviridae
NC_028251.1,Partitiviridae
NC_036600.1,Partitiviridae
NC_036603.1,Partitiviridae
NC_016757.1,Quadriviridae
NC_016758.1,Quadriviridae
NC_016759.1,Quadriviridae
NC_016760.1,Quadriviridae
NC_021565.1,Totiviridae
NC_007537.1,Partitiviridae
NC_007538.1,Partitiviridae
NC_015466.1,Siphoviridae
NC_002519.1,Podoviridae
NC_001544.1,Togaviridae
NC_005888.1,Hepadnaviridae
NC_005950.1,Hepadnaviridae
NC_011500.2,Reoviridae
NC_011501.2,Reoviridae
NC_011502.2,Reoviridae
NC_011503.2,Reoviridae
NC_011504.2,Reoviridae
NC_011505.2,Reoviridae
NC_011506.2,Reoviridae
NC_011507.2,Reoviridae
NC_011508.2,Reoviridae
NC_011509.2,Reoviridae
NC_011510.2,Reoviridae
NC_021541.1,Reoviridae
NC_021542.1,Reoviridae
NC_021543.1,Reoviridae
NC_021544.1,Reoviridae
NC_021545.1,Reoviridae
NC_021546.1,Reoviridae
NC_021547.1,Reoviridae
NC_021548.1,Reoviridae
NC_021549.1,Reoviridae
NC_021550.1,Reoviridae
NC_021551.1,Reoviridae
NC_007543.1,Reoviridae
NC_007544.1,Reoviridae
NC_007545.1,Reoviridae
NC_007546.1,Reoviridae
NC_007547.1,Reoviridae
NC_007569.1,Reoviridae
NC_007570.1,Reoviridae
NC_007571.1,Reoviridae
NC_007572.1,Reoviridae
NC_007573.1,Reoviridae
NC_007574.1,Reoviridae
NC_014511.1,Reoviridae
NC_014512.1,Reoviridae
NC_014513.1,Reoviridae
NC_014514.1,Reoviridae
NC_014515.1,Reoviridae
NC_014516.1,Reoviridae
NC_014517.1,Reoviridae
NC_014518.1,Reoviridae
NC_014519.1,Reoviridae
NC_014520.1,Reoviridae
NC_014521.1,Reoviridae
NC_021625.1,Reoviridae
NC_021626.1,Reoviridae
NC_021627.1,Reoviridae
NC_021628.1,Reoviridae
NC_021629.1,Reoviridae
NC_021630.1,Reoviridae
NC_021631.1,Reoviridae
NC_021632.1,Reoviridae
NC_021633.1,Reoviridae
NC_021634.1,Reoviridae
NC_021635.1,Reoviridae
NC_021580.1,Reoviridae
NC_021581.1,Reoviridae
NC_021582.1,Reoviridae
NC_021583.1,Reoviridae
NC_021584.1,Reoviridae
NC_021585.1,Reoviridae
NC_021586.1,Reoviridae
NC_021587.1,Reoviridae
NC_021588.1,Reoviridae
NC_021589.1,Reoviridae
NC_021590.1,Reoviridae
NC_007548.1,Reoviridae
NC_007549.1,Reoviridae
NC_007550.1,Reoviridae
NC_007551.1,Reoviridae
NC_007552.1,Reoviridae
NC_007553.1,Reoviridae
NC_007554.1,Reoviridae
NC_007555.1,Reoviridae
NC_007556.1,Reoviridae
NC_007557.1,Reoviridae
NC_007558.1,Reoviridae
NC_026820.2,Reoviridae
NC_026821.2,Reoviridae
NC_026822.2,Reoviridae
NC_026823.2,Reoviridae
NC_026824.2,Reoviridae
NC_026825.2,Reoviridae
NC_026826.2,Reoviridae
NC_026827.2,Reoviridae
NC_026828.2,Reoviridae
NC_026829.2,Reoviridae
NC_026830.2,Reoviridae
NC_024443.1,Hepadnaviridae
NC_001407.1,Retroviridae
NC_034219.1,Polyomaviridae
NC_009021.1,Coronaviridae
NC_030886.1,Coronaviridae
NC_001545.2,Togaviridae
NC_019025.1,Betaflexiviridae
NC_026238.1,Caulimoviridae
NC_011920.1,Caulimoviridae
NC_025428.1,Siphoviridae
NC_001814.1,Potyviridae
NC_006313.1,Arenaviridae
NC_006317.1,Arenaviridae
NC_033697.1,Flaviviridae
NC_002066.1,Iflaviridae
NC_004051.1,Narnaviridae
NC_004050.1,Narnaviridae
NC_003745.1,Totiviridae
NC_001641.1,Totiviridae
NC_032106.1,Totiviridae
NC_013464.1,Geminiviridae
NC_001780.1,Tombusviridae
NC_009951.1,Polyomaviridae
NC_014567.1,Herpesviridae
NC_016448.1,Herpesviridae
NC_001350.1,Herpesviridae
NC_034554.1,Hantaviridae
NC_034561.1,Hantaviridae
NC_034562.1,Hantaviridae
NC_022802.1,Picornaviridae
NC_029127.1,Phenuiviridae
NC_029128.1,Phenuiviridae
NC_029129.1,Phenuiviridae
NC_025386.1,Paramyxoviridae
NC_019540.1,Podoviridae
NC_012957.1,Picornaviridae
NC_012986.1,Picornaviridae
NC_025114.1,Picornaviridae
NC_025360.1,Paramyxoviridae
NC_027707.1,Poxviridae
NC_003930.1,Togaviridae
NC_003433.1,Togaviridae
NC_031946.1,Podoviridae
NC_031930.1,Siphoviridae
NC_030919.1,Podoviridae
NC_029071.1,Siphoviridae
NC_029045.1,Siphoviridae
NC_029042.1,Myoviridae
NC_015938.1,Podoviridae
NC_031258.1,Podoviridae
NC_031271.1,Podoviridae
NC_031228.1,Siphoviridae
NC_031925.1,Siphoviridae
NC_031939.1,Myoviridae
NC_011976.1,Podoviridae
NC_021774.1,Myoviridae
NC_021772.1,Podoviridae
NC_021782.1,Podoviridae
NC_013059.1,Podoviridae
NC_031045.1,Myoviridae
NC_031924.1,Siphoviridae
NC_031021.1,Siphoviridae
NC_031042.1,Myoviridae
NC_010807.1,Podoviridae
NC_031026.1,Siphoviridae
NC_019488.1,Myoviridae
NC_029003.2,Myoviridae
NC_028696.2,Podoviridae
NC_028699.1,Myoviridae
NC_029015.2,Myoviridae
NC_028701.2,Myoviridae
NC_031129.1,Myoviridae
NC_019910.1,Myoviridae
NC_019545.1,Siphoviridae
NC_017985.1,Podoviridae
NC_018843.1,Siphoviridae
NC_014900.1,Podoviridae
NC_026607.2,Myoviridae
NC_031128.1,Myoviridae
NC_018275.1,Podoviridae
NC_023608.1,Siphoviridae
NC_024204.1,Siphoviridae
NC_031065.1,Myoviridae
NC_018279.1,Siphoviridae
NC_010495.1,Siphoviridae
NC_015271.1,Podoviridae
NC_031902.1,Siphoviridae
NC_031933.1,Siphoviridae
NC_025443.1,Podoviridae
NC_025442.1,Siphoviridae
NC_027119.1,Myoviridae
NC_019539.1,Siphoviridae
NC_004775.2,Podoviridae
NC_028698.1,Siphoviridae
NC_005282.1,Myoviridae
NC_021779.1,Siphoviridae
NC_021780.1,Siphoviridae
NC_027329.1,Myoviridae
NC_002730.1,Podoviridae
NC_021783.1,Siphoviridae
NC_002014.1,Inoviridae
NC_021777.1,Siphoviridae
NC_026017.1,Siphoviridae
NC_022772.1,Myoviridae
NC_022768.1,Myoviridae
NC_002371.2,Podoviridae
NC_001421.2,Tectiviridae
NC_005340.1,Myoviridae
NC_020416.1,Myoviridae
NC_011802.1,Podoviridae
NC_016071.1,Myoviridae
NC_016763.1,Siphoviridae
NC_022752.1,Siphoviridae
NC_009232.2,Siphoviridae
NC_022754.1,Siphoviridae
NC_016073.1,Myoviridae
NC_019530.1,Myoviridae
NC_028754.1,Siphoviridae
NC_023856.1,Myoviridae
NC_024122.1,Myoviridae
NC_021775.1,Siphoviridae
NC_004831.2,Podoviridae
NC_015269.1,Siphoviridae
NC_019417.1,Siphoviridae
NC_016761.1,Podoviridae
NC_027402.1,Myoviridae
NC_006940.2,Siphoviridae
NC_027351.1,Myoviridae
NC_004348.1,Podoviridae
NC_027297.1,Siphoviridae
NC_027344.1,Myoviridae
NC_027360.1,Myoviridae
NC_015296.1,Myoviridae
NC_001652.1,Rhabdoviridae
NC_025676.1,Caliciviridae
NC_006318.1,Phenuiviridae
NC_006319.1,Phenuiviridae
NC_006320.1,Phenuiviridae
NC_015411.1,Phenuiviridae
NC_015412.1,Phenuiviridae
NC_015413.1,Phenuiviridae
NC_034516.1,Hantaviridae
NC_034517.1,Hantaviridae
NC_034526.1,Hantaviridae
NC_028234.1,Rhabdoviridae
NC_015069.1,Nodaviridae
NC_015070.1,Nodaviridae
NC_031141.1,Peribunyaviridae
NC_031142.1,Peribunyaviridae
NC_031143.1,Peribunyaviridae
NC_031093.1,Rhabdoviridae
NC_003987.1,Picornaviridae
NC_004451.1,Picornaviridae
NC_000940.1,Caliciviridae
NC_010624.1,Caliciviridae
NC_006554.1,Caliciviridae
NC_006269.1,Caliciviridae
NC_027026.1,Caliciviridae
NC_018461.1,Peribunyaviridae
NC_018462.1,Peribunyaviridae
NC_018466.1,Peribunyaviridae
NC_003785.2,Secoviridae
NC_003786.2,Secoviridae
NC_033726.1,Flaviviridae
NC_025837.1,Luteoviridae
NC_027778.1,Iridoviridae
NC_003399.1,Potyviridae
NC_011659.1,Alphaflexiviridae
NC_030392.1,Totiviridae
NC_023893.1,Endornaviridae
NC_007415.1,Alphaflexiviridae
NC_021706.1,Endornaviridae
NC_015939.1,Hypoviridae
NC_022896.1,Hypoviridae
NC_026510.1,Narnaviridae
NC_028475.1,Narnaviridae
NC_023598.1,Narnaviridae
NC_030152.1,Reoviridae
NC_030153.1,Reoviridae
NC_030154.1,Reoviridae
NC_030155.1,Reoviridae
NC_030156.1,Reoviridae
NC_030157.1,Reoviridae
NC_030158.1,Reoviridae
NC_030159.1,Reoviridae
NC_030160.1,Reoviridae
NC_030161.1,Reoviridae
NC_030162.1,Reoviridae
NC_030163.1,Reoviridae
NC_013014.1,Partitiviridae
NC_013015.1,Partitiviridae
NC_030203.1,Tombusviridae
NC_025387.1,Rhabdoviridae
NC_009657.1,Coronaviridae
NC_011537.1,Tymoviridae
NC_024150.1,Adenoviridae
NC_030837.1,Parvoviridae
NC_025259.1,Polyomaviridae
NC_024891.1,Anelloviridae
NC_024890.1,Anelloviridae
NC_026138.1,Anelloviridae
NC_015212.1,Anelloviridae
NC_035188.1,Poxviridae
NC_003215.1,Togaviridae
NC_034529.1,Rhabdoviridae
NC_011349.1,Picornaviridae
NC_006995.1,Geminiviridae
NC_024492.1,Nodaviridae
NC_024493.1,Nodaviridae
NC_030748.1,Geminiviridae
NC_030746.1,Alphaflexiviridae
NC_005236.1,Hantaviridae
NC_005237.1,Hantaviridae
NC_005238.1,Hantaviridae
NC_008719.1,Flaviviridae
NC_017085.1,Polyomaviridae
NC_021563.1,Siphoviridae
NC_020083.1,Myoviridae
NC_024121.1,Myoviridae
NC_026251.1,Parvoviridae
NC_004718.3,Coronaviridae
NC_018136.1,Phenuiviridae
NC_018137.1,Phenuiviridae
NC_018138.1,Phenuiviridae
NC_003557.1,Betaflexiviridae
NC_003795.1,Alphaflexiviridae
NC_007433.1,Potyviridae
NC_018463.1,Peribunyaviridae
NC_018464.1,Peribunyaviridae
NC_018467.1,Peribunyaviridae
NC_031215.1,Rhabdoviridae
NC_031216.1,Rhabdoviridae
NC_031218.1,Peribunyaviridae
NC_031219.1,Peribunyaviridae
NC_031220.1,Peribunyaviridae
NC_026942.1,Polyomaviridae
NC_004002.1,Poxviridae
NC_005890.1,Hepadnaviridae
NC_025436.1,Myoviridae
NC_025470.1,Myoviridae
NC_025458.1,Myoviridae
NC_025463.1,Myoviridae
NC_025466.1,Myoviridae
NC_023594.2,Myoviridae
NC_021331.1,Siphoviridae
NC_021857.1,Myoviridae
NC_022749.1,Myoviridae
NC_031085.1,Myoviridae
NC_030953.1,Myoviridae
NC_031011.1,Myoviridae
NC_031022.1,Siphoviridae
NC_031090.1,Myoviridae
NC_029120.1,Podoviridae
NC_013693.1,Myoviridae
NC_016566.1,Siphoviridae
NC_025434.1,Podoviridae
NC_026010.1,Siphoviridae
NC_025829.1,Myoviridae
NC_023589.1,Podoviridae
NC_005344.1,Podoviridae
NC_027382.1,Myoviridae
NC_015456.1,Siphoviridae
NC_015457.1,Myoviridae
NC_014595.1,Myoviridae
NC_025437.1,Myoviridae
NC_028685.1,Podoviridae
NC_025365.1,Rhabdoviridae
NC_030394.2,Iridoviridae
NC_028364.1,Picornaviridae
NC_031221.1,Peribunyaviridae
NC_031222.1,Peribunyaviridae
NC_031223.1,Peribunyaviridae
NC_018459.1,Peribunyaviridae
NC_018460.1,Peribunyaviridae
NC_018465.1,Peribunyaviridae
NC_023861.2,Picornaviridae
NC_027799.1,Circoviridae
NC_031456.1,Geminiviridae
NC_031457.1,Geminiviridae
NC_031454.1,Geminiviridae
NC_031455.1,Geminiviridae
NC_014794.1,Geminiviridae
NC_014795.1,Geminiviridae
NC_004657.1,Geminiviridae
NC_004658.1,Geminiviridae
NC_014446.1,Geminiviridae
NC_014447.1,Geminiviridae
NC_004659.1,Geminiviridae
NC_004660.1,Geminiviridae
NC_002046.1,Geminiviridae
NC_002047.1,Geminiviridae
NC_014128.1,Geminiviridae
NC_014130.1,Geminiviridae
NC_004635.2,Geminiviridae
NC_014799.1,Geminiviridae
NC_007638.1,Geminiviridae
NC_005330.1,Geminiviridae
NC_005331.1,Geminiviridae
NC_016573.1,Geminiviridae
NC_016579.1,Geminiviridae
NC_015044.1,Geminiviridae
NC_015046.1,Geminiviridae
NC_015043.1,Geminiviridae
NC_015047.1,Geminiviridae
NC_008056.1,Geminiviridae
NC_008059.1,Geminiviridae
NC_020256.1,Geminiviridae
NC_004637.1,Geminiviridae
NC_020254.1,Geminiviridae
NC_020255.1,Geminiviridae
NC_017987.1,Geminiviridae
NC_004639.1,Geminiviridae
NC_008779.1,Geminiviridae
NC_008780.1,Geminiviridae
NC_016082.1,Geminiviridae
NC_016083.1,Geminiviridae
NC_020253.1,Geminiviridae
NC_009354.1,Geminiviridae
NC_009547.1,Geminiviridae
NC_004661.1,Geminiviridae
NC_004662.1,Geminiviridae
NC_008317.1,Geminiviridae
NC_008236.1,Geminiviridae
NC_024376.1,Nyamiviridae
NC_006951.1,Papillomaviridae
NC_012697.1,Podoviridae
NC_018476.1,Peribunyaviridae
NC_018477.1,Peribunyaviridae
NC_018478.1,Peribunyaviridae
NC_028107.1,Adenoviridae
NC_028113.1,Adenoviridae
NC_034382.1,Adenoviridae
NC_001364.1,Retroviridae
NC_003092.2,Arteriviridae
NC_004455.1,Retroviridae
NC_001549.1,Retroviridae
NC_006144.1,Adenoviridae
NC_015225.1,Adenoviridae
NC_021168.1,Adenoviridae
NC_028103.1,Adenoviridae
NC_028105.1,Adenoviridae
NC_022266.1,Adenoviridae
NC_020485.1,Adenoviridae
NC_025678.1,Adenoviridae
NC_032105.1,Adenoviridae
NC_014474.1,Retroviridae
NC_031326.1,Retroviridae
NC_006428.1,Paramyxoviridae
NC_011546.1,Retroviridae
NC_026663.1,Anelloviridae
NC_026662.1,Anelloviridae
NC_026664.1,Anelloviridae
NC_026764.1,Anelloviridae
NC_026765.1,Anelloviridae
NC_007611.1,Polyomaviridae
NC_005215.1,Hantaviridae
NC_005216.1,Hantaviridae
NC_005217.1,Hantaviridae
NC_030243.1,Partitiviridae
NC_030245.1,Partitiviridae
NC_001547.1,Togaviridae
NC_006549.1,Iridoviridae
NC_008514.1,Rhabdoviridae
NC_029046.1,Siphoviridae
NC_027204.1,Myoviridae
NC_028676.1,Myoviridae
NC_028945.1,Myoviridae
NC_016437.1,Adenoviridae
NC_034445.1,Parvoviridae
NC_027708.1,Adenoviridae
NC_031038.1,Poxviridae
NC_014137.1,Iflaviridae
NC_025891.1,Parvoviridae
NC_007013.1,Anelloviridae
NC_007014.1,Anelloviridae
NC_006383.2,Paramyxoviridae
NC_009989.1,Adenoviridae
NC_000903.1,Rhabdoviridae
NC_001724.1,Retroviridae
NC_013600.1,Siphoviridae
NC_002330.1,Virgaviridae
NC_002351.1,Virgaviridae
NC_002041.1,Virgaviridae
NC_002042.1,Virgaviridae
NC_026624.1,Flaviviridae
NC_024304.1,Geminiviridae
NC_024305.1,Geminiviridae
NC_006559.1,Dicistroviridae
NC_001615.3,Rhabdoviridae
NC_030875.1,Partitiviridae
NC_030876.1,Partitiviridae
NC_004014.1,Virgaviridae
NC_004015.1,Virgaviridae
NC_004035.1,Potyviridae
NC_025343.1,Paramyxoviridae
NC_003803.1,Geminiviridae
NC_003804.1,Geminiviridae
NC_016960.1,Togaviridae
NC_014708.1,Reoviridae
NC_014709.1,Reoviridae
NC_014710.1,Reoviridae
NC_014711.1,Reoviridae
NC_014712.1,Reoviridae
NC_014713.1,Reoviridae
NC_014714.1,Reoviridae
NC_014715.1,Reoviridae
NC_014716.1,Reoviridae
NC_014717.1,Reoviridae
NC_011591.1,Amalgaviridae
NC_025113.1,Arteriviridae
NC_014141.1,Geminiviridae
NC_014142.1,Geminiviridae
NC_001739.2,Caulimoviridae
NC_018456.1,Geminiviridae
NC_018457.1,Geminiviridae
NC_003357.1,Geminiviridae
NC_024702.1,Nyamiviridae
NC_024077.1,Flaviviridae
NC_003056.1,Luteoviridae
NC_032270.1,Secoviridae
NC_032271.1,Secoviridae
NC_014140.1,Geminiviridae
NC_002634.1,Potyviridae
NC_018505.1,Caulimoviridae
NC_011643.1,Tombusviridae
NC_027709.1,Flaviviridae
NC_016992.1,Coronaviridae
NC_030839.1,Papillomaviridae
NC_030838.1,Polyomaviridae
NC_001963.1,Totiviridae
NC_001964.1,Totiviridae
NC_033464.1,Herpesviridae
NC_019521.1,Myoviridae
NC_009545.1,Geminiviridae
NC_035070.1,Amalgaviridae
NC_033770.1,Partitiviridae
NC_033771.1,Partitiviridae
NC_015051.1,Geminiviridae
NC_003808.1,Bromoviridae
NC_003809.1,Bromoviridae
NC_003810.1,Bromoviridae
NC_014631.1,Geminiviridae
NC_023023.1,Geminiviridae
NC_003793.1,Inoviridae
NC_001365.1,Inoviridae
NC_009987.1,Inoviridae
NC_003438.1,Microviridae
NC_001270.2,Inoviridae
NC_016874.1,Reoviridae
NC_016875.1,Reoviridae
NC_016876.1,Reoviridae
NC_016877.1,Reoviridae
NC_016878.1,Reoviridae
NC_016879.1,Reoviridae
NC_016880.1,Reoviridae
NC_016881.1,Reoviridae
NC_016882.1,Reoviridae
NC_016883.1,Reoviridae
NC_001500.1,Retroviridae
NC_016405.1,Iflaviridae
NC_023676.1,Iflaviridae
NC_002169.1,Baculoviridae
NC_008361.1,Ascoviridae
NC_026511.1,Baculoviridae
NC_009011.2,Baculoviridae
NC_025382.1,Rhabdoviridae
NC_009503.1,Baculoviridae
NC_011616.1,Baculoviridae
NC_003102.1,Baculoviridae
NC_029055.1,Flaviviridae
NC_018577.1,Geminiviridae
NC_018578.1,Geminiviridae
NC_004120.1,Bromoviridae
NC_004121.1,Bromoviridae
NC_004122.1,Bromoviridae
NC_006148.1,Parvoviridae
NC_035215.1,Secoviridae
NC_035221.1,Secoviridae
NC_007338.1,Geminiviridae
NC_007339.1,Geminiviridae
NC_005845.1,Geminiviridae
NC_005846.1,Geminiviridae
NC_001936.1,Geminiviridae
NC_001937.1,Geminiviridae
NC_004651.1,Geminiviridae
NC_004645.1,Geminiviridae
NC_004646.1,Geminiviridae
NC_003799.1,Secoviridae
NC_003800.1,Secoviridae
NC_010521.1,Potyviridae
NC_003860.1,Geminiviridae
NC_003865.1,Geminiviridae
NC_035207.1,Adenoviridae
NC_027530.1,Circoviridae
NC_001514.1,Retroviridae
NC_035797.1,Poxviridae
NC_022563.1,Poxviridae
NC_003861.1,Geminiviridae
NC_003862.1,Geminiviridae
NC_034542.1,Rhabdoviridae
NC_004091.1,Geminiviridae
NC_028775.1,Siphoviridae
NC_007051.1,Siphoviridae
NC_028917.1,Siphoviridae
NC_007046.1,Podoviridae
NC_029080.1,Myoviridae
NC_028859.1,Siphoviridae
NC_028915.1,Siphoviridae
NC_031046.1,Podoviridae
NC_031241.1,Siphoviridae
NC_024391.1,Siphoviridae
NC_023550.1,Podoviridae
NC_029025.1,Siphoviridae
NC_021773.2,Siphoviridae
NC_004679.1,Podoviridae
NC_013195.1,Siphoviridae
NC_019921.1,Siphoviridae
NC_020199.1,Siphoviridae
NC_026016.1,Siphoviridae
NC_028669.1,Siphoviridae
NC_008583.1,Siphoviridae
NC_008617.1,Siphoviridae
NC_022914.1,Siphoviridae
NC_025460.1,Siphoviridae
NC_002321.1,Siphoviridae
NC_007058.1,Siphoviridae
NC_016565.1,Podoviridae
NC_021801.1,Siphoviridae
NC_021863.1,Siphoviridae
NC_029010.1,Siphoviridae
NC_009875.1,Podoviridae
NC_023009.1,Myoviridae
NC_031008.1,Podoviridae
NC_019513.1,Siphoviridae
NC_018277.1,Siphoviridae
NC_029119.1,Siphoviridae
NC_021326.1,Siphoviridae
NC_021323.1,Siphoviridae
NC_021332.1,Siphoviridae
NC_023499.1,Siphoviridae
NC_023500.1,Siphoviridae
NC_020490.2,Siphoviridae
NC_028821.1,Siphoviridae
NC_019915.1,Siphoviridae
NC_019914.1,Siphoviridae
NC_017968.1,Siphoviridae
NC_009762.3,Siphoviridae
NC_028862.1,Siphoviridae
NC_022758.1,Siphoviridae
NC_002486.1,Siphoviridae
NC_008689.1,Siphoviridae
NC_004615.1,Siphoviridae
NC_004617.1,Siphoviridae
NC_007047.1,Siphoviridae
NC_007061.1,Siphoviridae
NC_007055.1,Siphoviridae
NC_007053.1,Siphoviridae
NC_007052.1,Siphoviridae
NC_004678.1,Podoviridae
NC_007054.1,Siphoviridae
NC_007062.1,Siphoviridae
NC_007049.1,Siphoviridae
NC_007060.1,Siphoviridae
NC_007048.1,Siphoviridae
NC_007059.1,Siphoviridae
NC_005356.1,Siphoviridae
NC_030652.1,Siphoviridae
NC_009526.1,Siphoviridae
NC_007050.1,Siphoviridae
NC_007063.1,Siphoviridae
NC_007064.1,Siphoviridae
NC_007057.1,Siphoviridae
NC_008722.1,Siphoviridae
NC_007056.1,Siphoviridae
NC_007066.1,Myoviridae
NC_025417.1,Myoviridae
NC_019448.1,Myoviridae
NC_011612.1,Siphoviridae
NC_018281.1,Siphoviridae
NC_018284.1,Siphoviridae
NC_011614.1,Siphoviridae
NC_028962.1,Myoviridae
NC_019726.1,Myoviridae
NC_005880.2,Myoviridae
NC_025416.1,Myoviridae
NC_025426.1,Myoviridae
NC_008723.1,Siphoviridae
NC_004616.1,Siphoviridae
NC_003288.1,Siphoviridae
NC_008798.1,Siphoviridae
NC_008799.1,Siphoviridae
NC_010147.1,Siphoviridae
NC_010808.1,Siphoviridae
NC_028913.1,Siphoviridae
NC_028864.1,Siphoviridae
NC_002661.2,Siphoviridae
NC_020877.1,Myoviridae
NC_022090.1,Myoviridae
NC_028765.1,Myoviridae
NC_022918.1,Myoviridae
NC_022920.1,Myoviridae
NC_019511.1,Myoviridae
NC_023573.1,Myoviridae
NC_014460.1,Siphoviridae
NC_023582.1,Siphoviridae
NC_024355.1,Siphoviridae
NC_030933.1,Myoviridae
NC_007021.1,Myoviridae
NC_007065.1,Siphoviridae
NC_008033.1,Circoviridae
NC_011050.1,Caliciviridae
NC_019416.1,Podoviridae
NC_015586.1,Inoviridae
NC_011589.1,Siphoviridae
NC_023588.1,Myoviridae
NC_029019.1,Siphoviridae
NC_029000.1,Myoviridae
NC_010429.1,Inoviridae
NC_021569.1,Inoviridae
NC_007189.1,Inoviridae
NC_008366.1,Closteroviridae
NC_006964.1,Secoviridae
NC_006965.1,Secoviridae
NC_003794.1,Alphaflexiviridae
NC_003445.1,Secoviridae
NC_003446.1,Secoviridae
NC_008706.1,Bromoviridae
NC_008707.1,Bromoviridae
NC_008708.2,Bromoviridae
NC_005895.2,Closteroviridae
NC_005896.2,Closteroviridae
NC_025435.1,Luteoviridae
NC_001725.1,Caulimoviridae
NC_008365.1,Virgaviridae
NC_012753.1,Siphoviridae
NC_028697.1,Podoviridae
NC_029030.1,Siphoviridae
NC_015274.1,Siphoviridae
NC_005294.1,Myoviridae
NC_012884.1,Siphoviridae
NC_028984.1,Siphoviridae
NC_003050.2,Siphoviridae
NC_009819.1,Siphoviridae
NC_028666.1,Podoviridae
NC_012756.1,Siphoviridae
NC_010945.1,Siphoviridae
NC_009018.1,Siphoviridae
NC_031915.1,Siphoviridae
NC_031907.1,Siphoviridae
NC_030946.1,Siphoviridae
NC_019418.1,Siphoviridae
NC_004996.1,Siphoviridae
NC_008721.2,Siphoviridae
NC_027396.1,Siphoviridae
NC_028700.1,Podoviridae
NC_022776.1,Siphoviridae
NC_020197.1,Siphoviridae
NC_018285.1,Siphoviridae
NC_007019.1,Siphoviridae
NC_002185.1,Siphoviridae
NC_010353.1,Siphoviridae
NC_031069.1,Siphoviridae
NC_031094.1,Siphoviridae
NC_031023.1,Siphoviridae
NC_013598.1,Siphoviridae
NC_004814.1,Podoviridae
NC_001825.1,Podoviridae
NC_002072.2,Siphoviridae
NC_004303.1,Siphoviridae
NC_013645.1,Siphoviridae
NC_002214.1,Siphoviridae
NC_000871.1,Siphoviridae
NC_000872.1,Siphoviridae
NC_021868.1,Siphoviridae
NC_029098.1,Siphoviridae
NC_007967.1,Siphoviridae
NC_031078.1,Siphoviridae
NC_029005.2,Siphoviridae
NC_014229.1,Siphoviridae
NC_028807.1,Siphoviridae
NC_028952.1,Siphoviridae
NC_018848.1,Siphoviridae
NC_005345.2,Siphoviridae
NC_028904.1,Siphoviridae
NC_028892.1,Siphoviridae
NC_028976.1,Siphoviridae
NC_028827.1,Siphoviridae
NC_021298.1,Siphoviridae
NC_004664.2,Siphoviridae
NC_001978.3,Siphoviridae
NC_018836.1,Siphoviridae
NC_019414.1,Siphoviridae
NC_021304.1,Siphoviridae
NC_018853.1,Siphoviridae
NC_028818.1,Siphoviridae
NC_028974.1,Siphoviridae
NC_021339.1,Siphoviridae
NC_012754.1,Reoviridae
NC_012755.1,Reoviridae
NC_003448.1,Nodaviridae
NC_003449.1,Nodaviridae
NC_011357.1,Siphoviridae
NC_008464.1,Podoviridae
NC_025375.1,Rudiviridae
NC_018571.2,Luteoviridae
NC_028636.1,Baculoviridae
NC_006432.1,Filoviridae
NC_035459.1,Potyviridae
NC_003031.1,Caulimoviridae
NC_008017.1,Caulimoviridae
NC_013455.1,Caulimoviridae
NC_032004.1,Geminiviridae
NC_003398.1,Potyviridae
NC_001868.1,Geminiviridae
NC_014037.1,Potyviridae
NC_004755.1,Geminiviridae
NC_003744.1,Geminiviridae
NC_003870.1,Betaflexiviridae
NC_035179.1,Geminiviridae
NC_023989.1,Geminiviridae
NC_000874.1,Luteoviridae
NC_006151.1,Herpesviridae
NC_022233.1,Herpesviridae
NC_012696.1,Podoviridae
NC_020862.2,Podoviridae
NC_020882.1,Fuselloviridae
NC_019413.1,Rudiviridae
NC_003214.2,Lipothrixviridae
NC_004087.1,Rudiviridae
NC_034625.1,Rudiviridae
NC_034624.1,Rudiviridae
NC_004086.1,Rudiviridae
NC_034628.1,Rudiviridae
NC_034621.1,Rudiviridae
NC_034627.1,Rudiviridae
NC_034619.1,Rudiviridae
NC_034623.1,Rudiviridae
NC_034620.1,Rudiviridae
NC_030884.1,Rudiviridae
NC_001338.1,Fuselloviridae
NC_005265.1,Fuselloviridae
NC_009986.1,Fuselloviridae
NC_011217.1,Fuselloviridae
NC_013587.1,Fuselloviridae
NC_013588.1,Fuselloviridae
NC_005360.1,Fuselloviridae
NC_005361.1,Fuselloviridae
NC_006268.1,Bicaudaviridae
NC_020077.1,Bicaudaviridae
NC_014038.1,Potyviridae
NC_021065.1,Potyviridae
NC_034208.1,Potyviridae
NC_025401.1,Rhabdoviridae
NC_013019.1,Geminiviridae
NC_035478.1,Papillomaviridae
NC_025247.1,Circoviridae
NC_003806.1,Tombusviridae
NC_003807.1,Tombusviridae
NC_015655.1,Caulimoviridae
NC_012728.1,Caulimoviridae
NC_018448.1,Betaflexiviridae
NC_006550.1,Betaflexiviridae
NC_004123.1,Closteroviridae
NC_004124.1,Closteroviridae
NC_015328.1,Caulimoviridae
NC_001841.1,Potyviridae
NC_015324.1,Geminiviridae
NC_020896.1,Potyviridae
NC_013640.2,Geminiviridae
NC_013465.1,Geminiviridae
NC_021719.1,Geminiviridae
NC_004640.1,Geminiviridae
NC_024693.1,Geminiviridae
NC_022586.1,Geminiviridae
NC_013467.1,Geminiviridae
NC_025681.1,Geminiviridae
NC_022232.1,Geminiviridae
NC_015317.1,Geminiviridae
NC_011052.2,Geminiviridae
NC_014968.1,Geminiviridae
NC_004650.1,Geminiviridae
NC_003797.1,Potyviridae
NC_033334.1,Geminiviridae
NC_015228.1,Caulimoviridae
NC_017970.1,Potyviridae
NC_014742.1,Potyviridae
NC_018093.1,Potyviridae
NC_034630.1,Geminiviridae
NC_034546.1,Rhabdoviridae
NC_003389.1,Poxviridae
NC_025834.1,Geminiviridae
NC_015522.1,Tymoviridae
NC_027130.1,Myoviridae
NC_019444.1,Myoviridae
NC_026923.1,Myoviridae
NC_026928.1,Myoviridae
NC_026927.1,Myoviridae
NC_026924.1,Myoviridae
NC_023587.1,Myoviridae
NC_027132.1,Myoviridae
NC_026926.1,Myoviridae
NC_019443.1,Myoviridae
NC_020837.1,Myoviridae
NC_021530.1,Myoviridae
NC_025456.1,Podoviridae
NC_025464.1,Podoviridae
NC_029031.1,Podoviridae
NC_016164.1,Siphoviridae
NC_015463.1,Siphoviridae
NC_015465.1,Siphoviridae
NC_016766.1,Siphoviridae
NC_015569.1,Myoviridae
NC_021536.1,Myoviridae
NC_023584.1,Myoviridae
NC_006820.1,Myoviridae
NC_020859.1,Myoviridae
NC_020486.1,Myoviridae
NC_020867.1,Podoviridae
NC_020838.1,Podoviridae
NC_013085.1,Myoviridae
NC_015281.1,Myoviridae
NC_020851.1,Siphoviridae
NC_015282.1,Myoviridae
NC_015279.1,Myoviridae
NC_020875.1,Myoviridae
NC_015289.1,Myoviridae
NC_015287.1,Myoviridae
NC_031944.1,Myoviridae
NC_031935.1,Myoviridae
NC_015286.1,Myoviridae
NC_008296.2,Myoviridae
NC_003390.2,Podoviridae
NC_009531.1,Podoviridae
NC_031306.1,Geminiviridae
NC_034151.1,Flaviviridae
NC_004292.1,Arenaviridae
NC_004293.1,Arenaviridae
NC_031268.1,Rhabdoviridae
NC_031272.1,Rhabdoviridae
NC_026012.1,Polyomaviridae
NC_026015.1,Polyomaviridae
NC_032681.1,Togaviridae
NC_014372.1,Filoviridae
NC_034457.1,Peribunyaviridae
NC_034459.1,Peribunyaviridae
NC_034461.1,Peribunyaviridae
NC_025355.1,Paramyxoviridae
NC_031273.1,Rhabdoviridae
NC_022745.1,Potyviridae
NC_026615.1,Potyviridae
NC_010701.1,Arenaviridae
NC_010702.1,Arenaviridae
NC_016003.1,Alphaflexiviridae
NC_002642.1,Poxviridae
NC_033838.1,Phenuiviridae
NC_033839.1,Phenuiviridae
NC_033848.1,Phenuiviridae
NC_026819.1,Caulimoviridae
NC_004450.1,Caulimoviridae
NC_006942.1,Rhabdoviridae
NC_028252.1,Birnaviridae
NC_028253.1,Birnaviridae
NC_008291.1,Poxviridae
NC_006564.1,Papillomaviridae
NC_023852.1,Papillomaviridae
NC_021472.1,Papillomaviridae
NC_003005.1,Dicistroviridae
NC_030403.1,Geminiviridae
NC_009742.1,Potyviridae
NC_015843.2,Flaviviridae
NC_003157.5,Siphoviridae
NC_025371.1,Rhabdoviridae
NC_024445.1,Hepadnaviridae
NC_003985.1,Picornaviridae
NC_027916.2,Herpesviridae
NC_031670.1,Parvoviridae
NC_034555.1,Hantaviridae
NC_034556.1,Hantaviridae
NC_034563.1,Hantaviridae
NC_009990.1,Podoviridae
NC_026250.1,Iflaviridae
NC_028921.1,Totiviridae
NC_018264.1,Siphoviridae
NC_008584.1,Myoviridae
NC_015937.1,Myoviridae
NC_009803.1,Siphoviridae
NC_009804.1,Siphoviridae
NC_003973.1,Papillomaviridae
NC_012585.1,Narnaviridae
NC_021705.2,Tombusviridae
NC_006495.1,Orthomyxoviridae
NC_006496.1,Orthomyxoviridae
NC_006504.1,Orthomyxoviridae
NC_006506.1,Orthomyxoviridae
NC_006507.1,Orthomyxoviridae
NC_006508.1,Orthomyxoviridae
NC_010704.1,Hantaviridae
NC_010707.1,Hantaviridae
NC_010708.1,Hantaviridae
NC_011549.1,Coronaviridae
NC_007180.1,Potyviridae
NC_019945.1,Baculoviridae
NC_017084.1,Totiviridae
NC_027803.1,Reoviridae
NC_027804.1,Reoviridae
NC_027805.1,Reoviridae
NC_027806.1,Reoviridae
NC_027807.1,Reoviridae
NC_027811.2,Reoviridae
NC_027812.1,Reoviridae
NC_027813.1,Reoviridae
NC_027814.1,Reoviridae
NC_027815.1,Reoviridae
NC_030446.1,Hepadnaviridae
NC_020804.1,Rhabdoviridae
NC_001672.1,Flaviviridae
NC_013460.1,Nodaviridae
NC_013461.1,Nodaviridae
NC_035210.1,Hepadnaviridae
NC_004074.1,Paramyxoviridae
NC_026242.1,Nudiviridae
NC_004366.1,Tombusviridae
NC_003722.1,Geminiviridae
NC_001555.1,Potyviridae
NC_035887.1,Geminiviridae
NC_035888.1,Geminiviridae
NC_004654.1,Geminiviridae
NC_004641.1,Geminiviridae
NC_014596.1,Geminiviridae
NC_009553.1,Geminiviridae
NC_029994.1,Geminiviridae
NC_004356.1,Geminiviridae
NC_002817.1,Geminiviridae
NC_001556.1,Virgaviridae
NC_001367.1,Virgaviridae
NC_030118.1,Potyviridae
NC_001777.1,Tombusviridae
NC_003487.1,Tombusviridae
NC_003805.1,Virgaviridae
NC_003811.1,Virgaviridae
NC_005096.1,Secoviridae
NC_005097.1,Secoviridae
NC_003842.1,Bromoviridae
NC_003844.1,Bromoviridae
NC_003845.1,Bromoviridae
NC_009994.1,Potyviridae
NC_003378.1,Caulimoviridae
NC_010732.1,Luteoviridae
NC_001768.1,Potyviridae
NC_027712.1,Closteroviridae
NC_034265.1,Luteoviridae
NC_015627.1,Geminiviridae
NC_015628.1,Geminiviridae
NC_003822.1,Geminiviridae
NC_029122.1,Hantaviridae
NC_029123.1,Hantaviridae
NC_029124.1,Hantaviridae
NC_014823.1,Totiviridae
NC_036591.1,Geminiviridae
NC_003836.1,Bromoviridae
NC_003837.1,Bromoviridae
NC_003838.1,Bromoviridae
NC_035676.1,Geminiviridae
NC_004439.1,Secoviridae
NC_004440.1,Secoviridae
NC_021851.1,Tymoviridae
NC_028478.1,Virgaviridae
NC_001554.1,Tombusviridae
NC_005843.1,Geminiviridae
NC_007340.1,Closteroviridae
NC_007341.1,Closteroviridae
NC_015961.1,Geminiviridae
NC_015962.1,Geminiviridae
NC_003664.1,Geminiviridae
NC_003665.1,Geminiviridae
NC_035482.1,Tospoviridae
NC_035483.1,Tospoviridae
NC_035484.1,Tospoviridae
NC_013075.1,Secoviridae
NC_013076.1,Secoviridae
NC_010835.1,Geminiviridae
NC_010836.1,Geminiviridae
NC_004675.1,Geminiviridae
NC_016580.1,Geminiviridae
NC_016581.1,Geminiviridae
NC_026761.1,Geminiviridae
NC_021579.1,Geminiviridae
NC_001507.1,Geminiviridae
NC_001508.1,Geminiviridae
NC_008057.1,Geminiviridae
NC_008058.1,Geminiviridae
NC_013258.1,Closteroviridae
NC_013259.1,Closteroviridae
NC_009030.1,Geminiviridae
NC_003891.1,Geminiviridae
NC_004614.1,Geminiviridae
NC_024116.1,Geminiviridae
NC_033779.1,Geminiviridae
NC_013639.1,Geminiviridae
NC_010439.1,Geminiviridae
NC_021205.1,Geminiviridae
NC_005320.1,Geminiviridae
NC_028114.1,Geminiviridae
NC_010441.2,Geminiviridae
NC_023034.1,Geminiviridae
NC_010313.1,Geminiviridae
NC_008373.1,Geminiviridae
NC_008329.1,Geminiviridae
NC_004558.1,Geminiviridae
NC_004559.1,Geminiviridae
NC_013102.1,Geminiviridae
NC_015124.1,Geminiviridae
NC_010791.1,Geminiviridae
NC_010792.1,Geminiviridae
NC_005842.1,Geminiviridae
NC_005031.1,Geminiviridae
NC_007723.1,Geminiviridae
NC_003897.1,Geminiviridae
NC_011135.1,Geminiviridae
NC_011096.1,Geminiviridae
NC_004613.1,Geminiviridae
NC_023312.1,Geminiviridae
NC_006874.1,Geminiviridae
NC_004648.1,Geminiviridae
NC_005348.1,Geminiviridae
NC_006876.1,Geminiviridae
NC_010440.1,Geminiviridae
NC_004611.1,Geminiviridae
NC_004612.1,Geminiviridae
NC_012206.1,Geminiviridae
NC_014542.1,Geminiviridae
NC_008299.1,Geminiviridae
NC_010839.1,Geminiviridae
NC_010840.1,Geminiviridae
NC_012492.1,Geminiviridae
NC_005032.1,Geminiviridae
NC_008517.1,Geminiviridae
NC_035481.1,Geminiviridae
NC_016965.1,Geminiviridae
NC_009031.1,Geminiviridae
NC_009605.1,Geminiviridae
NC_009606.1,Geminiviridae
NC_004647.1,Geminiviridae
NC_005855.1,Geminiviridae
NC_013413.1,Geminiviridae
NC_003898.1,Geminiviridae
NC_004153.1,Geminiviridae
NC_003896.1,Geminiviridae
NC_014510.2,Geminiviridae
NC_010987.1,Secoviridae
NC_010988.1,Secoviridae
NC_010833.1,Geminiviridae
NC_010834.1,Geminiviridae
NC_009490.1,Geminiviridae
NC_009491.1,Geminiviridae
NC_003867.1,Geminiviridae
NC_003868.1,Geminiviridae
NC_005850.1,Geminiviridae
NC_005851.1,Geminiviridae
NC_002692.1,Virgaviridae
NC_032006.1,Geminiviridae
NC_022230.1,Virgaviridae
NC_001828.1,Geminiviridae
NC_001917.1,Geminiviridae
NC_001938.1,Geminiviridae
NC_001939.1,Geminiviridae
NC_025265.1,Geminiviridae
NC_025266.1,Geminiviridae
NC_027926.1,Secoviridae
NC_027927.1,Secoviridae
NC_017824.1,Potyviridae
NC_003825.1,Geminiviridae
NC_003839.2,Secoviridae
NC_003840.1,Secoviridae
NC_002555.1,Geminiviridae
NC_002556.1,Geminiviridae
NC_020257.1,Geminiviridae
NC_004642.1,Geminiviridae
NC_009607.1,Geminiviridae
NC_009612.1,Geminiviridae
NC_002050.1,Tospoviridae
NC_002051.1,Tospoviridae
NC_002052.1,Tospoviridae
NC_009013.1,Secoviridae
NC_009032.1,Secoviridae
NC_025680.1,Geminiviridae
NC_011024.1,Geminiviridae
NC_004044.1,Geminiviridae
NC_008374.1,Geminiviridae
NC_008267.1,Geminiviridae
NC_005811.1,Geminiviridae
NC_005812.1,Geminiviridae
NC_004569.1,Geminiviridae
NC_027215.1,Geminiviridae
NC_003828.1,Geminiviridae
NC_022229.1,Geminiviridae
NC_029995.1,Geminiviridae
NC_000869.1,Geminiviridae
NC_000870.1,Geminiviridae
NC_009548.1,Geminiviridae
NC_004005.1,Geminiviridae
NC_021341.1,Geminiviridae
NC_011348.1,Geminiviridae
NC_017913.1,Geminiviridae
NC_005852.2,Geminiviridae
NC_005853.2,Geminiviridae
NC_034240.1,Rhabdoviridae
NC_019946.1,Geminiviridae
NC_019947.1,Geminiviridae
NC_007726.1,Geminiviridae
NC_007727.1,Geminiviridae
NC_010949.1,Geminiviridae
NC_010950.1,Geminiviridae
NC_010489.1,Tospoviridae
NC_010490.1,Tospoviridae
NC_010491.1,Tospoviridae
NC_025890.1,Picornaviridae
NC_029903.1,Phenuiviridae
NC_014071.1,Anelloviridae
NC_014087.1,Anelloviridae
NC_014072.1,Anelloviridae
NC_034978.1,Anelloviridae
NC_035136.1,Anelloviridae
NC_035135.1,Anelloviridae
NC_009225.1,Anelloviridae
NC_014093.1,Anelloviridae
NC_014097.1,Anelloviridae
NC_030297.1,Anelloviridae
NC_014086.1,Anelloviridae
NC_014088.1,Anelloviridae
NC_014090.1,Anelloviridae
NC_014089.1,Anelloviridae
NC_014095.1,Anelloviridae
NC_014082.1,Anelloviridae
NC_014068.1,Anelloviridae
NC_002195.1,Anelloviridae
NC_025726.1,Anelloviridae
NC_025727.1,Anelloviridae
NC_014070.1,Anelloviridae
NC_027059.1,Anelloviridae
NC_014092.2,Anelloviridae
NC_024908.1,Anelloviridae
NC_014085.1,Anelloviridae
NC_002076.2,Anelloviridae
NC_014076.1,Anelloviridae
NC_014075.1,Anelloviridae
NC_014077.1,Anelloviridae
NC_014096.1,Anelloviridae
NC_014091.1,Anelloviridae
NC_014078.1,Anelloviridae
NC_014480.2,Anelloviridae
NC_014083.1,Anelloviridae
NC_014079.1,Anelloviridae
NC_014074.1,Anelloviridae
NC_014073.1,Anelloviridae
NC_014081.1,Anelloviridae
NC_014069.1,Anelloviridae
NC_014094.1,Anelloviridae
NC_014080.1,Anelloviridae
NC_014084.1,Anelloviridae
NC_015783.1,Anelloviridae
NC_012126.1,Anelloviridae
NC_023988.1,Picornaviridae
NC_030378.1,Tospoviridae
NC_030379.1,Tospoviridae
NC_030380.1,Tospoviridae
NC_015227.2,Tombusviridae
AC_000190.1,Adenoviridae
NC_023894.1,Papillomaviridae
NC_024300.1,Papillomaviridae
NC_026944.1,Polyomaviridae
NC_003990.1,Picornaviridae
NC_003783.1,Dicistroviridae
NC_016898.1,Papillomaviridae
NC_028267.1,Papillomaviridae
NC_027701.1,Totiviridae
NC_003873.1,Totiviridae
NC_004034.1,Totiviridae
NC_003824.1,Totiviridae
NC_008518.1,Ascoviridae
NC_007383.1,Baculoviridae
NC_012799.1,Potyviridae
NC_030229.1,Virgaviridae
NC_015210.1,Siphoviridae
NC_030916.1,Siphoviridae
NC_028865.1,Siphoviridae
NC_028966.1,Siphoviridae
NC_020498.1,Anelloviridae
NC_014904.1,Endornaviridae
NC_015629.1,Narnaviridae
NC_025410.1,Paramyxoviridae
NC_025348.1,Paramyxoviridae
NC_025350.1,Paramyxoviridae
NC_005226.1,Hantaviridae
NC_005227.2,Hantaviridae
NC_005228.1,Hantaviridae
NC_003833.1,Bromoviridae
NC_003834.1,Bromoviridae
NC_003835.1,Bromoviridae
NC_004322.1,Alphaflexiviridae
NC_028981.1,Picornaviridae
NC_002199.1,Paramyxoviridae
NC_007020.1,Rhabdoviridae
NC_002794.1,Herpesviridae
NC_002470.1,Astroviridae
NC_014564.2,Adenoviridae
NC_022612.1,Adenoviridae
NC_022613.1,Adenoviridae
NC_023858.1,Picornaviridae
NC_024454.1,Parvoviridae
NC_001958.1,Adenoviridae
AC_000016.1,Adenoviridae
NC_028238.1,Poxviridae
NC_003821.3,Tombusviridae
NC_014324.1,Geminiviridae
NC_029117.1,Geminiviridae
NC_002509.2,Potyviridae
NC_013218.1,Secoviridae
NC_013219.1,Secoviridae
NC_001873.1,Virgaviridae
NC_004063.1,Tymoviridae
NC_003743.1,Luteoviridae
NC_009019.1,Coronaviridae
NC_023424.1,Flaviviridae
NC_033698.1,Flaviviridae
NC_014791.1,Potyviridae
NC_024499.1,Reoviridae
NC_024500.1,Reoviridae
NC_024503.1,Reoviridae
NC_024504.1,Reoviridae
NC_024505.1,Reoviridae
NC_024506.1,Reoviridae
NC_024507.1,Reoviridae
NC_024508.1,Reoviridae
NC_024509.1,Reoviridae
NC_024510.1,Reoviridae
NC_026612.1,Inoviridae
NC_026613.1,Inoviridae
NC_026582.1,Inoviridae
NC_001540.1,Parvoviridae
NC_024453.2,Parvoviridae
NC_016031.1,Parvoviridae
NC_016032.1,Parvoviridae
NC_030402.1,Parvoviridae
NC_006259.1,Parvoviridae
NC_014665.1,Parvoviridae
NC_001718.1,Parvoviridae
NC_028136.1,Parvoviridae
NC_035180.1,Parvoviridae
NC_030116.1,Adenoviridae
NC_011109.1,Papillomaviridae
NC_008184.1,Papillomaviridae
NC_018075.1,Papillomaviridae
NC_001618.1,Retroviridae
NC_029997.2,Baculoviridae
NC_033840.1,Phenuiviridae
NC_033849.1,Phenuiviridae
NC_033850.1,Phenuiviridae
NC_010797.1,Geminiviridae
NC_033841.1,Phenuiviridae
NC_033842.1,Phenuiviridae
NC_033843.1,Phenuiviridae
NC_021873.1,Partitiviridae
NC_021874.1,Partitiviridae
NC_020997.1,Totiviridae
NC_023547.1,Totiviridae
NC_028477.1,Totiviridae
NC_025366.1,Totiviridae
NC_025367.1,Totiviridae
NC_003823.1,Totiviridae
NC_006551.1,Flaviviridae
NC_005214.1,Phenuiviridae
NC_005220.1,Phenuiviridae
NC_005221.1,Phenuiviridae
NC_006998.1,Poxviridae
NC_012699.1,Caliciviridae
