accession,family
NC_027119.1,Ackermannviridae
NC_013693.1,Ackermannviridae
NC_019452.1,Ackermannviridae
NC_016073.1,Ackermannviridae
NC_019530.1,Ackermannviridae
NC_025446.1,Ackermannviridae
NC_019910.1,Ackermannviridae
NC_042061.1,Ackermannviridae
NC_020083.1,Ackermannviridae
NC_022772.1,Ackermannviridae
NC_022768.1,Ackermannviridae
NC_025452.1,Ackermannviridae
NC_027340.1,Ackermannviridae
NC_029042.1,Ackermannviridae
NC_030948.1,Ackermannviridae
NC_042047.1,Ackermannviridae
NC_031045.1,Ackermannviridae
NC_031128.1,Ackermannviridae
NC_049378.1,Ackermannviridae
NC_049382.1,Ackermannviridae
NC_048660.1,Ackermannviridae
NC_049396.1,Ackermannviridae
NC_049427.1,Ackermannviridae
NC_047900.1,Ackermannviridae
NC_047901.1,Ackermannviridae
NC_049428.1,Ackermannviridae
NC_049433.1,Ackermannviridae
NC_047932.1,Ackermannviridae
NC_048702.1,Ackermannviridae
NC_049384.1,Ackermannviridae
NC_049437.1,Ackermannviridae
NC_048709.1,Ackermannviridae
NC_049440.1,Ackermannviridae
NC_049439.1,Ackermannviridae
NC_049443.1,Ackermannviridae
NC_048736.1,Ackermannviridae
NC_048186.1,Ackermannviridae
NC_049455.1,Ackermannviridae
NC_048765.1,Ackermannviridae
NC_049462.1,Ackermannviridae
NC_049512.1,Ackermannviridae
NC_049458.1,Ackermannviridae
NC_019925.1,Ackermannviridae
NC_048827.1,Ackermannviridae
NC_049496.1,Ackermannviridae
NC_049497.1,Ackermannviridae
NC_049495.1,Ackermannviridae
NC_049509.1,Ackermannviridae
NC_049503.1,Ackermannviridae
NC_049501.1,Ackermannviridae
NC_049505.1,Ackermannviridae
NC_049502.1,Ackermannviridae
NC_049504.1,Ackermannviridae
NC_049500.1,Ackermannviridae
NC_049508.1,Ackermannviridae
NC_049506.1,Ackermannviridae
NC_049507.1,Ackermannviridae
NC_049499.1,Ackermannviridae
NC_049472.1,Ackermannviridae
NC_016570.1,Ackermannviridae
NC_022343.1,Ackermannviridae
NC_015296.1,Ackermannviridae
AC_000012.1,Adenoviridae
AC_000002.1,Adenoviridae
AC_000007.1,Adenoviridae
AC_000005.1,Adenoviridae
AC_000008.1,Adenoviridae
NC_001405.1,Adenoviridae
AC_000010.1,Adenoviridae
AC_000020.1,Adenoviridae
AC_000017.1,Adenoviridae
AC_000018.1,Adenoviridae
AC_000019.1,Adenoviridae
AC_000004.1,Adenoviridae
AC_000009.1,Adenoviridae
AC_000016.1,Adenoviridae
AC_000011.1,Adenoviridae
AC_000013.1,Adenoviridae
AC_000014.1,Adenoviridae
AC_000001.1,Adenoviridae
AC_000189.1,Adenoviridae
AC_000190.1,Adenoviridae
AC_000191.1,Adenoviridae
AC_000003.1,Adenoviridae
NC_035207.1,Adenoviridae
NC_001876.1,Adenoviridae
NC_001734.1,Adenoviridae
NC_038334.1,Adenoviridae
NC_028107.1,Adenoviridae
NC_006144.1,Adenoviridae
NC_028103.1,Adenoviridae
NC_043093.1,Adenoviridae
NC_001958.1,Adenoviridae
NC_002702.1,Adenoviridae
NC_030792.1,Adenoviridae
NC_044936.1,Adenoviridae
NC_027705.1,Adenoviridae
NC_011202.1,Adenoviridae
NC_011203.1,Adenoviridae
NC_020074.1,Adenoviridae
NC_002501.1,Adenoviridae
NC_002513.1,Adenoviridae
NC_001460.1,Adenoviridae
NC_000942.1,Adenoviridae
NC_003266.2,Adenoviridae
NC_001454.1,Adenoviridae
NC_010956.1,Adenoviridae
NC_001813.1,Adenoviridae
NC_002685.2,Adenoviridae
NC_043214.1,Adenoviridae
NC_043215.1,Adenoviridae
NC_009989.1,Adenoviridae
NC_006879.1,Adenoviridae
NC_043092.1,Adenoviridae
NC_043094.1,Adenoviridae
NC_028113.1,Adenoviridae
NC_034382.1,Adenoviridae
NC_012584.1,Adenoviridae
NC_020485.1,Adenoviridae
NC_012959.1,Adenoviridae
NC_043405.1,Adenoviridae
NC_043695.1,Adenoviridae
NC_043696.1,Adenoviridae
NC_015932.1,Adenoviridae
NC_024474.1,Adenoviridae
NC_024684.1,Adenoviridae
NC_022266.1,Adenoviridae
NC_014899.1,Adenoviridae
NC_024150.1,Adenoviridae
NC_020487.1,Adenoviridae
NC_015225.1,Adenoviridae
NC_017825.1,Adenoviridae
NC_015455.1,Adenoviridae
NC_016437.1,Adenoviridae
NC_025678.1,Adenoviridae
NC_025962.1,Adenoviridae
NC_027708.1,Adenoviridae
NC_044960.1,Adenoviridae
NC_028105.1,Adenoviridae
NC_029899.1,Adenoviridae
NC_029902.1,Adenoviridae
NC_030860.1,Adenoviridae
NC_030874.1,Adenoviridae
NC_029898.1,Adenoviridae
NC_031503.1,Adenoviridae
NC_032105.1,Adenoviridae
NC_031948.1,Adenoviridae
NC_039032.1,Adenoviridae
NC_034834.1,Adenoviridae
NC_040811.1,Adenoviridae
NC_055528.1,Adenoviridae
NC_055526.1,Adenoviridae
NC_030116.1,Adenoviridae
NC_021168.1,Adenoviridae
NC_016895.2,Adenoviridae
NC_004037.2,Adenoviridae
NC_021221.1,Adenoviridae
NC_038332.1,Adenoviridae
NC_001720.1,Adenoviridae
NC_015323.1,Adenoviridae
NC_000899.1,Adenoviridae
NC_014564.2,Adenoviridae
NC_017979.1,Adenoviridae
NC_022612.1,Adenoviridae
NC_022613.1,Adenoviridae
NC_024486.1,Adenoviridae
NC_038333.1,Adenoviridae
NC_034626.1,Adenoviridae
NC_035072.1,Adenoviridae
NC_075973.1,Adenoviridae
NC_075965.1,Adenoviridae
NC_075488.1,Adenoviridae
NC_075452.1,Adenoviridae
NC_075450.1,Adenoviridae
NC_075454.1,Adenoviridae
NC_075453.1,Adenoviridae
NC_075448.1,Adenoviridae
NC_076340.1,Adenoviridae
NC_076721.1,Adenoviridae
NC_076398.1,Adenoviridae
NC_076486.1,Adenoviridae
NC_076126.1,Adenoviridae
NC_044935.1,Adenoviridae
NC_076111.1,Adintoviridae
NC_076112.1,Adintoviridae
NC_020197.1,Aliceevansviridae
NC_012884.1,Aliceevansviridae
NC_012753.1,Aliceevansviridae
NC_018285.1,Aliceevansviridae
NC_022776.1,Aliceevansviridae
NC_023503.1,Aliceevansviridae
NC_028984.1,Aliceevansviridae
NC_029030.1,Aliceevansviridae
NC_002214.1,Aliceevansviridae
NC_004303.1,Aliceevansviridae
NC_000871.1,Aliceevansviridae
NC_000872.1,Aliceevansviridae
NC_002185.1,Aliceevansviridae
NC_007019.1,Aliceevansviridae
NC_010353.1,Aliceevansviridae
NC_013598.1,Aliceevansviridae
NC_013645.1,Aliceevansviridae
NC_002072.2,Aliceevansviridae
NC_070653.1,Aliceevansviridae
NC_070652.1,Aliceevansviridae
NC_070651.1,Aliceevansviridae
NC_071057.1,Aliceevansviridae
NC_070690.1,Aliceevansviridae
NC_071056.1,Aliceevansviridae
NC_071054.1,Aliceevansviridae
NC_071059.1,Aliceevansviridae
NC_070691.1,Aliceevansviridae
NC_070692.1,Aliceevansviridae
NC_071073.1,Aliceevansviridae
NC_070693.1,Aliceevansviridae
NC_070694.1,Aliceevansviridae
NC_070695.1,Aliceevansviridae
NC_070696.1,Aliceevansviridae
NC_070697.1,Aliceevansviridae
NC_070698.1,Aliceevansviridae
NC_070699.1,Aliceevansviridae
NC_070700.1,Aliceevansviridae
NC_071074.1,Aliceevansviridae
NC_070702.1,Aliceevansviridae
NC_070703.1,Aliceevansviridae
NC_070705.1,Aliceevansviridae
NC_070706.1,Aliceevansviridae
NC_070707.1,Aliceevansviridae
NC_071075.1,Aliceevansviridae
NC_071076.1,Aliceevansviridae
NC_071077.1,Aliceevansviridae
NC_071078.1,Aliceevansviridae
NC_071079.1,Aliceevansviridae
NC_070708.1,Aliceevansviridae
NC_071080.1,Aliceevansviridae
NC_070709.1,Aliceevansviridae
NC_070710.1,Aliceevansviridae
NC_070711.1,Aliceevansviridae
NC_070712.1,Aliceevansviridae
NC_070686.1,Aliceevansviridae
NC_070654.1,Aliceevansviridae
NC_070655.1,Aliceevansviridae
NC_070687.1,Aliceevansviridae
NC_070689.1,Aliceevansviridae
NC_070713.1,Aliceevansviridae
NC_070725.1,Aliceevansviridae
NC_070726.1,Aliceevansviridae
NC_070684.1,Aliceevansviridae
NC_070685.1,Aliceevansviridae
NC_071086.1,Aliceevansviridae
NC_070656.1,Aliceevansviridae
NC_070657.1,Aliceevansviridae
NC_070658.1,Aliceevansviridae
NC_070659.1,Aliceevansviridae
NC_070660.1,Aliceevansviridae
NC_070661.1,Aliceevansviridae
NC_071061.1,Aliceevansviridae
NC_070662.1,Aliceevansviridae
NC_070663.1,Aliceevansviridae
NC_070665.1,Aliceevansviridae
NC_070666.1,Aliceevansviridae
NC_071062.1,Aliceevansviridae
NC_070667.1,Aliceevansviridae
NC_071063.1,Aliceevansviridae
NC_070668.1,Aliceevansviridae
NC_071064.1,Aliceevansviridae
NC_071065.1,Aliceevansviridae
NC_071066.1,Aliceevansviridae
NC_071067.1,Aliceevansviridae
NC_070669.1,Aliceevansviridae
NC_070670.1,Aliceevansviridae
NC_071068.1,Aliceevansviridae
NC_070671.1,Aliceevansviridae
NC_070672.1,Aliceevansviridae
NC_071069.1,Aliceevansviridae
NC_070673.1,Aliceevansviridae
NC_070674.1,Aliceevansviridae
NC_070675.1,Aliceevansviridae
NC_070676.1,Aliceevansviridae
NC_070677.1,Aliceevansviridae
NC_070678.1,Aliceevansviridae
NC_070679.1,Aliceevansviridae
NC_070680.1,Aliceevansviridae
NC_070681.1,Aliceevansviridae
NC_071070.1,Aliceevansviridae
NC_070682.1,Aliceevansviridae
NC_071071.1,Aliceevansviridae
NC_071072.1,Aliceevansviridae
NC_070683.1,Aliceevansviridae
NC_070714.1,Aliceevansviridae
NC_070715.1,Aliceevansviridae
NC_071081.1,Aliceevansviridae
NC_070716.1,Aliceevansviridae
NC_071082.1,Aliceevansviridae
NC_071083.1,Aliceevansviridae
NC_071084.1,Aliceevansviridae
NC_071085.1,Aliceevansviridae
NC_071060.1,Aliceevansviridae
NC_070717.1,Aliceevansviridae
NC_071052.1,Aliceevansviridae
NC_070718.1,Aliceevansviridae
NC_071051.1,Aliceevansviridae
NC_070720.1,Aliceevansviridae
NC_070722.1,Aliceevansviridae
NC_070723.1,Aliceevansviridae
NC_070724.1,Aliceevansviridae
NC_071055.1,Aliceevansviridae
NC_070721.1,Aliceevansviridae
NC_071053.1,Aliceevansviridae
NC_031214.1,Aliusviridae
NC_032922.1,Aliusviridae
NC_055939.1,Aliusviridae
NC_076021.1,Aliusviridae
NC_076424.1,Aliusviridae
NC_076468.1,Aliusviridae
NC_076497.1,Aliusviridae
NC_076498.1,Aliusviridae
NC_034618.1,Alloherpesviridae
NC_019491.1,Alloherpesviridae
NC_019495.1,Alloherpesviridae
NC_008211.1,Alloherpesviridae
NC_008210.1,Alloherpesviridae
NC_001493.2,Alloherpesviridae
NC_013668.3,Alloherpesviridae
NC_009127.1,Alloherpesviridae
NC_043042.1,Alloherpesviridae
NC_043043.1,Alloherpesviridae
NC_043044.1,Alloherpesviridae
NC_043466.1,Alloherpesviridae
NC_043467.1,Alloherpesviridae
NC_043468.1,Alloherpesviridae
NC_040681.1,Alloherpesviridae
NC_036579.1,Alloherpesviridae
NC_075802.1,Alloherpesviridae
NC_077077.1,Allomimiviridae
NC_075136.1,Allomimiviridae
NC_028649.1,Alphaflexiviridae
NC_034375.1,Alphaflexiviridae
NC_030746.1,Alphaflexiviridae
NC_032104.1,Alphaflexiviridae
NC_036587.1,Alphaflexiviridae
NC_034622.1,Alphaflexiviridae
NC_035205.1,Alphaflexiviridae
NC_035204.1,Alphaflexiviridae
NC_035190.1,Alphaflexiviridae
NC_024458.1,Alphaflexiviridae
NC_025252.1,Alphaflexiviridae
NC_025789.1,Alphaflexiviridae
NC_026592.1,Alphaflexiviridae
NC_022894.1,Alphaflexiviridae
NC_022961.1,Alphaflexiviridae
NC_001441.1,Alphaflexiviridae
NC_003093.1,Alphaflexiviridae
NC_001642.1,Alphaflexiviridae
NC_007192.1,Alphaflexiviridae
NC_004067.1,Alphaflexiviridae
NC_008251.1,Alphaflexiviridae
NC_001753.1,Alphaflexiviridae
NC_015706.1,Alphaflexiviridae
NC_003820.1,Alphaflexiviridae
NC_007415.1,Alphaflexiviridae
NC_006948.1,Alphaflexiviridae
NC_001812.1,Alphaflexiviridae
NC_007679.1,Alphaflexiviridae
NC_001658.1,Alphaflexiviridae
NC_003794.1,Alphaflexiviridae
NC_001748.1,Alphaflexiviridae
NC_003376.1,Alphaflexiviridae
NC_006060.1,Alphaflexiviridae
NC_003849.1,Alphaflexiviridae
NC_010832.1,Alphaflexiviridae
NC_011659.1,Alphaflexiviridae
NC_011620.1,Alphaflexiviridae
NC_010295.1,Alphaflexiviridae
NC_012211.2,Alphaflexiviridae
NC_001483.1,Alphaflexiviridae
NC_004012.1,Alphaflexiviridae
NC_010434.1,Alphaflexiviridae
NC_003632.1,Alphaflexiviridae
NC_011544.1,Alphaflexiviridae
NC_006059.1,Alphaflexiviridae
NC_002815.2,Alphaflexiviridae
NC_003400.1,Alphaflexiviridae
NC_005132.1,Alphaflexiviridae
NC_007731.1,Alphaflexiviridae
NC_001800.1,Alphaflexiviridae
NC_007408.1,Alphaflexiviridae
NC_006943.1,Alphaflexiviridae
NC_038864.1,Alphaflexiviridae
NC_043079.1,Alphaflexiviridae
NC_040842.1,Alphaflexiviridae
NC_040644.1,Alphaflexiviridae
NC_055542.1,Alphaflexiviridae
NC_055546.1,Alphaflexiviridae
NC_055574.1,Alphaflexiviridae
NC_076409.1,Alphaflexiviridae
NC_076132.1,Alphaflexiviridae
NC_005898.1,Alphatetraviridae
NC_001990.1,Alphatetraviridae
NC_001982.1,Alphatetraviridae
NC_001981.1,Alphatetraviridae
NC_005899.1,Alphatetraviridae
NC_038335.1,Alphatetraviridae
NC_020101.1,Alternaviridae
NC_020102.1,Alternaviridae
NC_020103.1,Alternaviridae
NC_020100.1,Alternaviridae
NC_010989.1,Alternaviridae
NC_010990.1,Alternaviridae
NC_010991.1,Alternaviridae
NC_010984.1,Alternaviridae
NC_040515.1,Alternaviridae
NC_040516.1,Alternaviridae
NC_040517.1,Alternaviridae
NC_040518.1,Alternaviridae
NC_030880.1,Alternaviridae
NC_030881.1,Alternaviridae
NC_030883.1,Alternaviridae
NC_036596.1,Alternaviridae
NC_036601.1,Alternaviridae
NC_079109.1,Alternaviridae
NC_079110.1,Alternaviridae
NC_079111.1,Alternaviridae
NC_079112.1,Alternaviridae
NC_079113.1,Alternaviridae
NC_079114.1,Alternaviridae
NC_079115.1,Alternaviridae
NC_035189.1,Amalgaviridae
NC_036581.1,Amalgaviridae
NC_036580.1,Amalgaviridae
NC_011591.1,Amalgaviridae
NC_014593.1,Amalgaviridae
NC_014481.1,Amalgaviridae
NC_040433.1,Amalgaviridae
NC_040590.1,Amalgaviridae
NC_040592.1,Amalgaviridae
NC_040593.1,Amalgaviridae
NC_040663.1,Amalgaviridae
NC_040777.1,Amalgaviridae
NC_040778.1,Amalgaviridae
NC_034614.1,Amalgaviridae
NC_034615.1,Amalgaviridae
NC_035070.1,Amalgaviridae
NC_043095.1,Amalgaviridae
NC_040432.1,Amalgaviridae
NC_040662.1,Amalgaviridae
NC_040591.1,Amalgaviridae
NC_040690.1,Amalgaviridae
NC_075420.1,Amalgaviridae
NC_027632.1,Amesuviridae
NC_040708.1,Amesuviridae
NC_077014.1,Amesuviridae
NC_029921.1,Amnoonviridae
NC_029922.1,Amnoonviridae
NC_029923.1,Amnoonviridae
NC_029924.1,Amnoonviridae
NC_029925.1,Amnoonviridae
NC_029928.1,Amnoonviridae
NC_029929.1,Amnoonviridae
NC_029930.1,Amnoonviridae
NC_029926.1,Amnoonviridae
NC_030297.1,Anelloviridae
NC_027430.1,Anelloviridae
NC_018401.1,Anelloviridae
NC_030650.1,Anelloviridae
NC_034978.1,Anelloviridae
NC_035136.1,Anelloviridae
NC_035135.1,Anelloviridae
NC_035192.1,Anelloviridae
NC_020498.1,Anelloviridae
NC_024891.1,Anelloviridae
NC_024890.1,Anelloviridae
NC_024908.1,Anelloviridae
NC_025215.1,Anelloviridae
NC_025727.1,Anelloviridae
NC_025726.1,Anelloviridae
NC_025966.1,Anelloviridae
NC_026138.1,Anelloviridae
NC_022789.1,Anelloviridae
NC_022788.1,Anelloviridae
NC_026662.1,Anelloviridae
NC_026664.1,Anelloviridae
NC_026663.1,Anelloviridae
NC_026765.1,Anelloviridae
NC_026764.1,Anelloviridae
NC_015396.1,Anelloviridae
NC_001427.1,Anelloviridae
NC_014071.1,Anelloviridae
NC_014480.2,Anelloviridae
NC_007014.1,Anelloviridae
NC_017091.1,Anelloviridae
NC_014075.1,Anelloviridae
NC_014096.1,Anelloviridae
NC_002076.2,Anelloviridae
NC_014083.1,Anelloviridae
NC_014087.1,Anelloviridae
NC_014089.1,Anelloviridae
NC_014090.1,Anelloviridae
NC_014091.1,Anelloviridae
NC_014093.1,Anelloviridae
NC_014095.1,Anelloviridae
NC_014097.1,Anelloviridae
NC_009225.1,Anelloviridae
NC_014068.1,Anelloviridae
NC_014070.1,Anelloviridae
NC_014072.1,Anelloviridae
NC_014073.1,Anelloviridae
NC_014074.1,Anelloviridae
NC_014077.1,Anelloviridae
NC_014079.1,Anelloviridae
NC_014080.1,Anelloviridae
NC_014081.1,Anelloviridae
NC_014084.1,Anelloviridae
NC_014085.1,Anelloviridae
NC_014094.1,Anelloviridae
NC_012126.1,Anelloviridae
NC_015212.1,Anelloviridae
NC_007013.1,Anelloviridae
NC_014069.1,Anelloviridae
NC_014076.1,Anelloviridae
NC_038336.1,Anelloviridae
NC_038337.1,Anelloviridae
NC_038338.1,Anelloviridae
NC_038339.1,Anelloviridae
NC_038340.1,Anelloviridae
NC_038341.1,Anelloviridae
NC_038342.1,Anelloviridae
NC_038343.1,Anelloviridae
NC_038345.1,Anelloviridae
NC_038346.1,Anelloviridae
NC_038347.1,Anelloviridae
NC_038348.1,Anelloviridae
NC_038349.1,Anelloviridae
NC_038350.1,Anelloviridae
NC_038351.1,Anelloviridae
NC_038352.1,Anelloviridae
NC_038353.1,Anelloviridae
NC_038354.1,Anelloviridae
NC_038355.1,Anelloviridae
NC_038356.1,Anelloviridae
NC_038357.1,Anelloviridae
NC_038358.1,Anelloviridae
NC_038359.1,Anelloviridae
NC_038360.1,Anelloviridae
NC_038361.1,Anelloviridae
NC_038362.1,Anelloviridae
NC_038363.1,Anelloviridae
NC_040668.1,Anelloviridae
NC_040546.1,Anelloviridae
NC_040617.1,Anelloviridae
NC_040686.1,Anelloviridae
NC_040547.1,Anelloviridae
NC_040801.1,Anelloviridae
NC_040618.1,Anelloviridae
NC_040687.1,Anelloviridae
NC_040720.1,Anelloviridae
NC_076138.1,Anelloviridae
NC_076168.1,Anelloviridae
NC_076131.1,Anelloviridae
NC_076155.1,Anelloviridae
NC_076156.1,Anelloviridae
NC_076166.1,Anelloviridae
NC_076339.1,Anelloviridae
NC_076122.1,Anelloviridae
NC_076127.1,Anelloviridae
NC_076123.1,Anelloviridae
NC_076140.1,Anelloviridae
NC_076139.1,Anelloviridae
NC_076141.1,Anelloviridae
NC_075415.1,Anelloviridae
NC_076153.1,Anelloviridae
NC_075427.1,Anelloviridae
NC_076188.1,Anelloviridae
NC_076189.1,Anelloviridae
NC_076190.1,Anelloviridae
NC_076191.1,Anelloviridae
NC_076192.1,Anelloviridae
NC_076193.1,Anelloviridae
NC_076194.1,Anelloviridae
NC_076195.1,Anelloviridae
NC_076196.1,Anelloviridae
NC_076197.1,Anelloviridae
NC_076198.1,Anelloviridae
NC_076184.1,Anelloviridae
NC_076207.1,Anelloviridae
NC_076206.1,Anelloviridae
NC_075369.1,Anelloviridae
NC_075370.1,Anelloviridae
NC_075371.1,Anelloviridae
NC_075372.1,Anelloviridae
NC_075373.1,Anelloviridae
NC_075374.1,Anelloviridae
NC_075375.1,Anelloviridae
NC_075376.1,Anelloviridae
NC_075377.1,Anelloviridae
NC_075378.1,Anelloviridae
NC_075379.1,Anelloviridae
NC_075380.1,Anelloviridae
NC_075381.1,Anelloviridae
NC_075382.1,Anelloviridae
NC_075383.1,Anelloviridae
NC_075384.1,Anelloviridae
NC_075385.1,Anelloviridae
NC_075386.1,Anelloviridae
NC_075388.1,Anelloviridae
NC_075389.1,Anelloviridae
NC_075390.1,Anelloviridae
NC_075447.1,Anelloviridae
NC_076162.1,Anelloviridae
NC_076233.1,Anelloviridae
NC_076234.1,Anelloviridae
NC_076174.1,Anelloviridae
NC_076175.1,Anelloviridae
NC_076176.1,Anelloviridae
NC_076177.1,Anelloviridae
NC_076178.1,Anelloviridae
NC_076224.1,Anelloviridae
NC_076225.1,Anelloviridae
NC_076264.1,Anelloviridae
NC_076337.1,Anelloviridae
NC_076483.1,Anelloviridae
NC_076942.1,Anelloviridae
NC_027135.1,Arenaviridae
NC_027137.1,Arenaviridae
NC_027134.1,Arenaviridae
NC_027136.1,Arenaviridae
NC_018481.1,Arenaviridae
NC_018484.1,Arenaviridae
NC_018482.1,Arenaviridae
NC_018483.1,Arenaviridae
NC_023762.1,Arenaviridae
NC_023763.1,Arenaviridae
NC_023764.1,Arenaviridae
NC_018710.1,Arenaviridae
NC_018711.1,Arenaviridae
NC_023766.1,Arenaviridae
NC_010758.1,Arenaviridae
NC_010252.1,Arenaviridae
NC_010702.1,Arenaviridae
NC_010248.1,Arenaviridae
NC_010250.1,Arenaviridae
NC_010251.1,Arenaviridae
NC_010249.1,Arenaviridae
NC_010256.1,Arenaviridae
NC_012776.1,Arenaviridae
NC_010247.1,Arenaviridae
NC_010703.1,Arenaviridae
NC_007904.1,Arenaviridae
NC_004296.1,Arenaviridae
NC_006573.1,Arenaviridae
NC_004297.1,Arenaviridae
NC_010759.1,Arenaviridae
NC_010760.1,Arenaviridae
NC_010761.1,Arenaviridae
NC_004292.1,Arenaviridae
NC_004293.1,Arenaviridae
NC_004294.1,Arenaviridae
NC_007903.1,Arenaviridae
NC_016152.1,Arenaviridae
NC_016153.1,Arenaviridae
NC_006572.1,Arenaviridae
NC_010701.1,Arenaviridae
NC_010700.1,Arenaviridae
NC_010253.1,Arenaviridae
NC_010756.1,Arenaviridae
NC_005080.1,Arenaviridae
NC_012777.1,Arenaviridae
NC_010562.1,Arenaviridae
NC_010563.1,Arenaviridae
NC_005078.1,Arenaviridae
NC_005082.1,Arenaviridae
NC_006574.1,Arenaviridae
NC_006575.1,Arenaviridae
NC_010254.1,Arenaviridae
NC_010255.1,Arenaviridae
NC_004291.1,Arenaviridae
NC_005081.1,Arenaviridae
NC_005894.1,Arenaviridae
NC_007906.1,Arenaviridae
NC_005077.1,Arenaviridae
NC_005897.1,Arenaviridae
NC_006317.1,Arenaviridae
NC_005079.1,Arenaviridae
NC_013057.1,Arenaviridae
NC_007905.1,Arenaviridae
NC_006447.1,Arenaviridae
NC_010757.1,Arenaviridae
NC_038364.1,Arenaviridae
NC_038366.1,Arenaviridae
NC_038367.1,Arenaviridae
NC_039007.1,Arenaviridae
NC_039008.1,Arenaviridae
NC_039011.1,Arenaviridae
NC_039012.1,Arenaviridae
NC_039005.1,Arenaviridae
NC_038365.1,Arenaviridae
NC_039009.1,Arenaviridae
NC_039010.1,Arenaviridae
NC_043443.1,Arenaviridae
NC_043444.1,Arenaviridae
NC_040763.1,Arenaviridae
NC_040426.1,Arenaviridae
NC_040427.1,Arenaviridae
NC_040428.1,Arenaviridae
NC_040464.1,Arenaviridae
NC_040465.1,Arenaviridae
NC_040466.1,Arenaviridae
NC_055439.1,Arenaviridae
NC_055440.1,Arenaviridae
NC_006439.1,Arenaviridae
NC_006313.1,Arenaviridae
NC_055441.1,Arenaviridae
NC_055442.1,Arenaviridae
NC_055443.1,Arenaviridae
NC_055444.1,Arenaviridae
NC_055445.1,Arenaviridae
NC_055446.1,Arenaviridae
NC_078101.1,Arenaviridae
NC_078283.1,Arenaviridae
NC_078284.1,Arenaviridae
NC_078285.1,Arenaviridae
NC_079107.1,Arenaviridae
NC_079108.1,Arenaviridae
NC_079020.1,Arenaviridae
NC_079021.1,Arenaviridae
NC_079022.1,Arenaviridae
NC_078695.1,Arenaviridae
NC_078697.1,Arenaviridae
NC_078698.1,Arenaviridae
NC_078315.1,Arenaviridae
NC_078316.1,Arenaviridae
NC_078292.1,Arenaviridae
NC_078293.1,Arenaviridae
NC_079037.1,Arenaviridae
NC_079038.1,Arenaviridae
NC_078312.1,Arenaviridae
NC_078313.1,Arenaviridae
NC_078314.1,Arenaviridae
NC_077806.1,Arenaviridae
NC_077807.1,Arenaviridae
NC_027124.1,Arteriviridae
NC_029053.1,Arteriviridae
NC_033553.1,Arteriviridae
NC_034455.1,Arteriviridae
NC_035127.1,Arteriviridae
NC_025112.1,Arteriviridae
NC_025113.1,Arteriviridae
NC_026509.1,Arteriviridae
NC_002532.2,Arteriviridae
NC_001639.1,Arteriviridae
NC_001961.1,Arteriviridae
NC_026439.1,Arteriviridae
NC_038291.1,Arteriviridae
NC_038292.1,Arteriviridae
NC_028963.1,Arteriviridae
NC_032987.1,Arteriviridae
NC_043487.1,Arteriviridae
NC_040535.1,Arteriviridae
NC_048209.1,Arteriviridae
NC_048210.1,Arteriviridae
NC_029992.1,Arteriviridae
NC_075972.1,Arteriviridae
NC_032430.1,Artoviridae
NC_032558.1,Artoviridae
NC_032555.1,Artoviridae
NC_038269.1,Artoviridae
NC_055115.1,Artoviridae
NC_055114.1,Artoviridae
NC_055113.1,Artoviridae
NC_076862.1,Artoviridae
NC_043216.1,Ascoviridae
NC_043217.1,Ascoviridae
NC_011335.1,Ascoviridae
NC_009233.1,Ascoviridae
NC_044938.1,Ascoviridae
NC_008518.1,Ascoviridae
NC_044939.1,Ascoviridae
NC_044944.1,Asfarviridae
NC_044949.1,Asfarviridae
NC_044950.1,Asfarviridae
NC_044951.1,Asfarviridae
NC_044952.1,Asfarviridae
NC_044953.1,Asfarviridae
NC_044954.1,Asfarviridae
NC_044948.1,Asfarviridae
NC_001659.2,Asfarviridae
NC_044941.1,Asfarviridae
NC_044942.1,Asfarviridae
NC_044943.1,Asfarviridae
NC_044945.1,Asfarviridae
NC_044946.1,Asfarviridae
NC_044947.1,Asfarviridae
NC_044955.1,Asfarviridae
NC_044959.2,Asfarviridae
NC_044956.1,Asfarviridae
NC_044957.1,Asfarviridae
NC_024476.1,Aspiviridae
NC_036634.1,Aspiviridae
NC_036635.1,Aspiviridae
NC_006051.1,Aspiviridae
NC_006054.1,Aspiviridae
NC_006052.1,Aspiviridae
NC_006053.1,Aspiviridae
NC_006315.1,Aspiviridae
NC_006316.1,Aspiviridae
NC_043390.1,Aspiviridae
NC_043391.1,Aspiviridae
NC_055107.1,Aspiviridae
NC_021799.1,Assiduviridae
NC_021802.1,Assiduviridae
NC_062753.1,Assiduviridae
NC_027426.1,Astroviridae
NC_027711.1,Astroviridae
NC_033792.1,Astroviridae
NC_033821.1,Astroviridae
NC_030922.1,Astroviridae
NC_032484.1,Astroviridae
NC_036583.1,Astroviridae
NC_018702.1,Astroviridae
NC_034567.1,Astroviridae
NC_034975.1,Astroviridae
NC_023631.1,Astroviridae
NC_023632.1,Astroviridae
NC_023629.1,Astroviridae
NC_023630.1,Astroviridae
NC_023636.1,Astroviridae
NC_023674.1,Astroviridae
NC_035758.1,Astroviridae
NC_035471.1,Astroviridae
NC_019027.1,Astroviridae
NC_019028.1,Astroviridae
NC_019026.1,Astroviridae
NC_037655.1,Astroviridae
NC_019494.1,Astroviridae
NC_024297.1,Astroviridae
NC_024472.1,Astroviridae
NC_024498.1,Astroviridae
NC_024701.1,Astroviridae
NC_025346.1,Astroviridae
NC_022249.1,Astroviridae
NC_026814.1,Astroviridae
NC_005790.1,Astroviridae
NC_013060.1,Astroviridae
NC_012437.1,Astroviridae
NC_016155.1,Astroviridae
NC_016896.1,Astroviridae
NC_003790.1,Astroviridae
NC_013443.1,Astroviridae
NC_004579.1,Astroviridae
NC_011400.1,Astroviridae
NC_015935.1,Astroviridae
NC_002469.1,Astroviridae
NC_001943.1,Astroviridae
NC_038368.1,Astroviridae
NC_043096.1,Astroviridae
NC_043097.1,Astroviridae
NC_043099.1,Astroviridae
NC_043102.1,Astroviridae
NC_043416.1,Astroviridae
NC_025379.2,Astroviridae
NC_034974.1,Astroviridae
NC_073825.1,Atkinsviridae
NC_073768.1,Atkinsviridae
NC_073835.1,Atkinsviridae
NC_073786.1,Atkinsviridae
NC_073819.1,Atkinsviridae
NC_073787.1,Atkinsviridae
NC_073809.1,Atkinsviridae
NC_073822.1,Atkinsviridae
NC_073851.1,Atkinsviridae
NC_073850.1,Atkinsviridae
NC_073852.1,Atkinsviridae
NC_073840.1,Atkinsviridae
NC_073805.1,Atkinsviridae
NC_073777.1,Atkinsviridae
NC_073810.1,Atkinsviridae
NC_073762.1,Atkinsviridae
NC_073841.1,Atkinsviridae
NC_073778.1,Atkinsviridae
NC_073820.1,Atkinsviridae
NC_073821.1,Atkinsviridae
NC_073771.1,Atkinsviridae
NC_073789.1,Atkinsviridae
NC_073788.1,Atkinsviridae
NC_073785.1,Atkinsviridae
NC_073763.1,Atkinsviridae
NC_073776.1,Atkinsviridae
NC_073773.1,Atkinsviridae
NC_073844.1,Atkinsviridae
NC_073813.1,Atkinsviridae
NC_073839.1,Atkinsviridae
NC_073790.1,Atkinsviridae
NC_073806.1,Atkinsviridae
NC_073770.1,Atkinsviridae
NC_073836.1,Atkinsviridae
NC_073795.1,Atkinsviridae
NC_073826.1,Atkinsviridae
NC_073801.1,Atkinsviridae
NC_073766.1,Atkinsviridae
NC_073849.1,Atkinsviridae
NC_073846.1,Atkinsviridae
NC_073767.1,Atkinsviridae
NC_073831.1,Atkinsviridae
NC_073769.1,Atkinsviridae
NC_073784.1,Atkinsviridae
NC_073779.1,Atkinsviridae
NC_073832.1,Atkinsviridae
NC_073800.1,Atkinsviridae
NC_073802.1,Atkinsviridae
NC_073799.1,Atkinsviridae
NC_073782.1,Atkinsviridae
NC_073774.1,Atkinsviridae
NC_073793.1,Atkinsviridae
NC_073775.1,Atkinsviridae
NC_073827.1,Atkinsviridae
NC_073848.1,Atkinsviridae
NC_073833.1,Atkinsviridae
NC_073803.1,Atkinsviridae
NC_073814.1,Atkinsviridae
NC_073842.1,Atkinsviridae
NC_073796.1,Atkinsviridae
NC_073811.1,Atkinsviridae
NC_073812.1,Atkinsviridae
NC_073765.1,Atkinsviridae
NC_073815.1,Atkinsviridae
NC_073772.1,Atkinsviridae
NC_073783.1,Atkinsviridae
NC_073834.1,Atkinsviridae
NC_073828.1,Atkinsviridae
NC_073764.1,Atkinsviridae
NC_073804.1,Atkinsviridae
NC_073847.1,Atkinsviridae
NC_073798.1,Atkinsviridae
NC_073817.1,Atkinsviridae
NC_073845.1,Atkinsviridae
NC_073797.1,Atkinsviridae
NC_073780.1,Atkinsviridae
NC_073829.1,Atkinsviridae
NC_073830.1,Atkinsviridae
NC_073792.1,Atkinsviridae
NC_073816.1,Atkinsviridae
NC_073808.1,Atkinsviridae
NC_073824.1,Atkinsviridae
NC_073837.1,Atkinsviridae
NC_073794.1,Atkinsviridae
NC_073843.1,Atkinsviridae
NC_073818.1,Atkinsviridae
NC_073791.1,Atkinsviridae
NC_073823.1,Atkinsviridae
NC_073781.1,Atkinsviridae
NC_073807.1,Atkinsviridae
NC_073838.1,Atkinsviridae
NC_003298.1,Autographiviridae
NC_047864.1,Autographiviridae
NC_001604.1,Autographiviridae
NC_011534.1,Autographiviridae
NC_001271.1,Autographiviridae
NC_004665.1,Autographiviridae
NC_005045.1,Autographiviridae
NC_004777.1,Autographiviridae
NC_007149.1,Autographiviridae
NC_007456.1,Autographiviridae
NC_007636.1,Autographiviridae
NC_020878.1,Autographiviridae
NC_020874.1,Autographiviridae
NC_009935.1,Autographiviridae
NC_009936.1,Autographiviridae
NC_009014.1,Autographiviridae
NC_016657.1,Autographiviridae
NC_016656.1,Autographiviridae
NC_016658.1,Autographiviridae
NC_029031.1,Autographiviridae
NC_010326.1,Autographiviridae
NC_011107.1,Autographiviridae
NC_011085.3,Autographiviridae
NC_010807.1,Autographiviridae
NC_011040.1,Autographiviridae
NC_011042.1,Autographiviridae
NC_011045.1,Autographiviridae
NC_011043.1,Autographiviridae
NC_011038.1,Autographiviridae
NC_011201.1,Autographiviridae
NC_020872.1,Autographiviridae
NC_012418.1,Autographiviridae
NC_012662.1,Autographiviridae
NC_013651.1,Autographiviridae
NC_015249.1,Autographiviridae
NC_013649.2,Autographiviridae
NC_013647.1,Autographiviridae
NC_028675.1,Autographiviridae
NC_013638.1,Autographiviridae
NC_048031.1,Autographiviridae
NC_048032.1,Autographiviridae
NC_048033.1,Autographiviridae
NC_048030.1,Autographiviridae
NC_048034.1,Autographiviridae
NC_020838.1,Autographiviridae
NC_020867.1,Autographiviridae
NC_025464.1,Autographiviridae
NC_048183.1,Autographiviridae
NC_025461.1,Autographiviridae
NC_025455.1,Autographiviridae
NC_015271.1,Autographiviridae
NC_019454.1,Autographiviridae
NC_020835.1,Autographiviridae
NC_020865.1,Autographiviridae
NC_023736.1,Autographiviridae
NC_019926.1,Autographiviridae
NC_023715.1,Autographiviridae
NC_015264.1,Autographiviridae
NC_015585.1,Autographiviridae
NC_015159.1,Autographiviridae
NC_020414.2,Autographiviridae
NC_015208.1,Autographiviridae
NC_015719.1,Autographiviridae
NC_019510.1,Autographiviridae
NC_047867.1,Autographiviridae
NC_016764.1,Autographiviridae
NC_019528.1,Autographiviridae
NC_019403.1,Autographiviridae
NC_019520.1,Autographiviridae
NC_017865.1,Autographiviridae
NC_027980.1,Autographiviridae
NC_025822.1,Autographiviridae
NC_025418.1,Autographiviridae
NC_021062.1,Autographiviridae
NC_041854.1,Autographiviridae
NC_019542.1,Autographiviridae
NC_047738.1,Autographiviridae
NC_047868.1,Autographiviridae
NC_047869.1,Autographiviridae
NC_047870.1,Autographiviridae
NC_022091.1,Autographiviridae
NC_021316.1,Autographiviridae
NC_019416.1,Autographiviridae
NC_022746.1,Autographiviridae
NC_020078.1,Autographiviridae
NC_025456.1,Autographiviridae
NC_021337.1,Autographiviridae
NC_023005.1,Autographiviridae
NC_020482.1,Autographiviridae
NC_020483.1,Autographiviridae
NC_047741.1,Autographiviridae
NC_048026.1,Autographiviridae
NC_027342.1,Autographiviridae
NC_022916.1,Autographiviridae
NC_022917.1,Autographiviridae
NC_023570.1,Autographiviridae
NC_022744.1,Autographiviridae
NC_023558.1,Autographiviridae
NC_022982.1,Autographiviridae
NC_022987.1,Autographiviridae
NC_023567.2,Autographiviridae
NC_047743.1,Autographiviridae
NC_047737.1,Autographiviridae
NC_023576.1,Autographiviridae
NC_023548.1,Autographiviridae
NC_047746.1,Autographiviridae
NC_025457.1,Autographiviridae
NC_028988.1,Autographiviridae
NC_024379.1,Autographiviridae
NC_027330.1,Autographiviridae
NC_024362.1,Autographiviridae
NC_027387.1,Autographiviridae
NC_027375.1,Autographiviridae
NC_025445.1,Autographiviridae
NC_025451.1,Autographiviridae
NC_029007.1,Autographiviridae
NC_025450.1,Autographiviridae
NC_031258.1,Autographiviridae
NC_031271.1,Autographiviridae
NC_026602.1,Autographiviridae
NC_047748.1,Autographiviridae
NC_027363.1,Autographiviridae
NC_027379.1,Autographiviridae
NC_027390.1,Autographiviridae
NC_027292.1,Autographiviridae
NC_028822.1,Autographiviridae
NC_028863.1,Autographiviridae
NC_028772.1,Autographiviridae
NC_047751.1,Autographiviridae
NC_028880.1,Autographiviridae
NC_028816.1,Autographiviridae
NC_028870.1,Autographiviridae
NC_047747.1,Autographiviridae
NC_028916.1,Autographiviridae
NC_029102.1,Autographiviridae
NC_028795.1,Autographiviridae
NC_028836.1,Autographiviridae
NC_028848.1,Autographiviridae
NC_028800.1,Autographiviridae
NC_028702.1,Autographiviridae
NC_047755.1,Autographiviridae
NC_028977.1,Autographiviridae
NC_028850.1,Autographiviridae
NC_047758.1,Autographiviridae
NC_031086.1,Autographiviridae
NC_047759.1,Autographiviridae
NC_028688.1,Autographiviridae
NC_028664.1,Autographiviridae
NC_028684.1,Autographiviridae
NC_028679.1,Autographiviridae
NC_029092.1,Autographiviridae
NC_029070.1,Autographiviridae
NC_048200.1,Autographiviridae
NC_048201.1,Autographiviridae
NC_028987.2,Autographiviridae
NC_028655.1,Autographiviridae
NC_028670.1,Autographiviridae
NC_047866.1,Autographiviridae
NC_028661.1,Autographiviridae
NC_031943.1,Autographiviridae
NC_047761.1,Autographiviridae
NC_030923.1,Autographiviridae
NC_030928.1,Autographiviridae
NC_030937.1,Autographiviridae
NC_047929.1,Autographiviridae
NC_031937.1,Autographiviridae
NC_031246.1,Autographiviridae
NC_031066.1,Autographiviridae
NC_031092.1,Autographiviridae
NC_031123.1,Autographiviridae
NC_031018.1,Autographiviridae
NC_047852.1,Autographiviridae
NC_031114.1,Autographiviridae
NC_047858.1,Autographiviridae
NC_041885.1,Autographiviridae
NC_031115.1,Autographiviridae
NC_047766.1,Autographiviridae
NC_031025.1,Autographiviridae
NC_047768.1,Autographiviridae
NC_031014.1,Autographiviridae
NC_031068.2,Autographiviridae
NC_031096.1,Autographiviridae
NC_047873.1,Autographiviridae
NC_048123.1,Autographiviridae
NC_047771.1,Autographiviridae
NC_047772.1,Autographiviridae
NC_047773.1,Autographiviridae
NC_047774.1,Autographiviridae
NC_047857.1,Autographiviridae
NC_047777.1,Autographiviridae
NC_047779.1,Autographiviridae
NC_047780.1,Autographiviridae
NC_047781.1,Autographiviridae
NC_047782.1,Autographiviridae
NC_047783.1,Autographiviridae
NC_047787.1,Autographiviridae
NC_047789.1,Autographiviridae
NC_041905.1,Autographiviridae
NC_041912.1,Autographiviridae
NC_047797.2,Autographiviridae
NC_047798.1,Autographiviridae
NC_047799.1,Autographiviridae
NC_047801.2,Autographiviridae
NC_047802.1,Autographiviridae
NC_041914.1,Autographiviridae
NC_041915.1,Autographiviridae
NC_047803.1,Autographiviridae
NC_047804.1,Autographiviridae
NC_047805.1,Autographiviridae
NC_047806.1,Autographiviridae
NC_047808.1,Autographiviridae
NC_047809.1,Autographiviridae
NC_047811.1,Autographiviridae
NC_047980.1,Autographiviridae
NC_047816.1,Autographiviridae
NC_047819.1,Autographiviridae
NC_047952.1,Autographiviridae
NC_047821.1,Autographiviridae
NC_041967.1,Autographiviridae
NC_047981.1,Autographiviridae
NC_042131.1,Autographiviridae
NC_048055.1,Autographiviridae
NC_047829.1,Autographiviridae
NC_047831.1,Autographiviridae
NC_047832.1,Autographiviridae
NC_042003.1,Autographiviridae
NC_042004.1,Autographiviridae
NC_042006.1,Autographiviridae
NC_042007.1,Autographiviridae
NC_047836.1,Autographiviridae
NC_047840.1,Autographiviridae
NC_047842.1,Autographiviridae
NC_047843.1,Autographiviridae
NC_047844.1,Autographiviridae
NC_047845.1,Autographiviridae
NC_047846.1,Autographiviridae
NC_047860.1,Autographiviridae
NC_047849.1,Autographiviridae
NC_047982.1,Autographiviridae
NC_048035.1,Autographiviridae
NC_048036.1,Autographiviridae
NC_047886.1,Autographiviridae
NC_047888.1,Autographiviridae
NC_048071.1,Autographiviridae
NC_047890.1,Autographiviridae
NC_047894.1,Autographiviridae
NC_047934.1,Autographiviridae
NC_047937.1,Autographiviridae
NC_048105.1,Autographiviridae
NC_047895.1,Autographiviridae
NC_047896.1,Autographiviridae
NC_047883.1,Autographiviridae
NC_047903.1,Autographiviridae
NC_047930.1,Autographiviridae
NC_047908.1,Autographiviridae
NC_047946.1,Autographiviridae
NC_047917.1,Autographiviridae
NC_047920.1,Autographiviridae
NC_047922.1,Autographiviridae
NC_042104.1,Autographiviridae
NC_047923.1,Autographiviridae
NC_047927.1,Autographiviridae
NC_047933.1,Autographiviridae
NC_047941.1,Autographiviridae
NC_047942.1,Autographiviridae
NC_047944.1,Autographiviridae
NC_042124.1,Autographiviridae
NC_048103.1,Autographiviridae
NC_047953.1,Autographiviridae
NC_047961.1,Autographiviridae
NC_047964.1,Autographiviridae
NC_047963.1,Autographiviridae
NC_047965.1,Autographiviridae
NC_047966.1,Autographiviridae
NC_047956.1,Autographiviridae
NC_047957.1,Autographiviridae
NC_047955.1,Autographiviridae
NC_047954.1,Autographiviridae
NC_048161.1,Autographiviridae
NC_047997.1,Autographiviridae
NC_048014.1,Autographiviridae
NC_048002.1,Autographiviridae
NC_048004.1,Autographiviridae
NC_048025.1,Autographiviridae
NC_048129.1,Autographiviridae
NC_048131.1,Autographiviridae
NC_048130.1,Autographiviridae
NC_048029.1,Autographiviridae
NC_048052.1,Autographiviridae
NC_048063.1,Autographiviridae
NC_048076.1,Autographiviridae
NC_048082.1,Autographiviridae
NC_048081.1,Autographiviridae
NC_048064.1,Autographiviridae
NC_048057.1,Autographiviridae
NC_048059.1,Autographiviridae
NC_048060.1,Autographiviridae
NC_048056.1,Autographiviridae
NC_048058.1,Autographiviridae
NC_048061.1,Autographiviridae
NC_048108.1,Autographiviridae
NC_048079.1,Autographiviridae
NC_048078.1,Autographiviridae
NC_048167.1,Autographiviridae
NC_048133.1,Autographiviridae
NC_048168.1,Autographiviridae
NC_048135.1,Autographiviridae
NC_048111.1,Autographiviridae
NC_048114.1,Autographiviridae
NC_048116.1,Autographiviridae
NC_048117.1,Autographiviridae
NC_048118.1,Autographiviridae
NC_048119.1,Autographiviridae
NC_048120.1,Autographiviridae
NC_048136.1,Autographiviridae
NC_047865.1,Autographiviridae
NC_048148.1,Autographiviridae
NC_048163.1,Autographiviridae
NC_048164.1,Autographiviridae
NC_048174.1,Autographiviridae
NC_048171.1,Autographiviridae
NC_048172.1,Autographiviridae
NC_048180.1,Autographiviridae
NC_048175.1,Autographiviridae
NC_048177.1,Autographiviridae
NC_042005.1,Autographiviridae
NC_007637.1,Autographiviridae
NC_008152.1,Autographiviridae
NC_048051.1,Autographiviridae
NC_047706.1,Autographiviridae
NC_047709.1,Autographiviridae
NC_047710.1,Autographiviridae
NC_047707.1,Autographiviridae
NC_047700.1,Autographiviridae
NC_047708.1,Autographiviridae
NC_047704.1,Autographiviridae
NC_047701.1,Autographiviridae
NC_047705.1,Autographiviridae
NC_047703.1,Autographiviridae
NC_047711.1,Autographiviridae
NC_054890.1,Autographiviridae
NC_054891.1,Autographiviridae
NC_047874.1,Autographiviridae
NC_047889.1,Autographiviridae
NC_047899.1,Autographiviridae
NC_047827.1,Autographiviridae
NC_047826.1,Autographiviridae
NC_048023.1,Autographiviridae
NC_047800.1,Autographiviridae
NC_047968.1,Autographiviridae
NC_047969.1,Autographiviridae
NC_047970.1,Autographiviridae
NC_047971.1,Autographiviridae
NC_003390.2,Autographiviridae
NC_004831.2,Autographiviridae
NC_006882.2,Autographiviridae
NC_009531.1,Autographiviridae
NC_047834.1,Autographiviridae
NC_070758.1,Autographiviridae
NC_071009.1,Autographiviridae
NC_071037.1,Autographiviridae
NC_047702.1,Autographiviridae
NC_047778.1,Autographiviridae
NC_055064.1,Autolykiviridae
NC_055062.1,Autolykiviridae
NC_055063.1,Autolykiviridae
NC_055066.1,Autolykiviridae
NC_055065.1,Autolykiviridae
NC_033744.1,Bacilladnaviridae
NC_033741.1,Bacilladnaviridae
NC_033746.1,Bacilladnaviridae
NC_023441.1,Bacilladnaviridae
NC_007193.2,Bacilladnaviridae
NC_015211.1,Bacilladnaviridae
NC_014748.1,Bacilladnaviridae
NC_043432.1,Bacilladnaviridae
NC_075287.1,Bacilladnaviridae
NC_075290.1,Bacilladnaviridae
NC_077175.1,Bacilladnaviridae
NC_077181.1,Bacilladnaviridae
NC_077182.1,Bacilladnaviridae
NC_077183.1,Bacilladnaviridae
NC_077178.1,Bacilladnaviridae
NC_077179.1,Bacilladnaviridae
NC_077184.1,Bacilladnaviridae
NC_077176.1,Bacilladnaviridae
NC_077180.1,Bacilladnaviridae
NC_030240.1,Baculoviridae
NC_028636.1,Baculoviridae
NC_023442.1,Baculoviridae
NC_031761.1,Baculoviridae
NC_032255.1,Baculoviridae
NC_023681.1,Baculoviridae
NC_018875.1,Baculoviridae
NC_019945.1,Baculoviridae
NC_021924.1,Baculoviridae
NC_021923.1,Baculoviridae
NC_025257.1,Baculoviridae
NC_025960.1,Baculoviridae
NC_022646.1,Baculoviridae
NC_026511.1,Baculoviridae
NC_023177.1,Baculoviridae
NC_026922.1,Baculoviridae
NC_015398.1,Baculoviridae
NC_008348.1,Baculoviridae
NC_008293.1,Baculoviridae
NC_008520.2,Baculoviridae
NC_003529.1,Baculoviridae
NC_007151.1,Baculoviridae
NC_008586.1,Baculoviridae
NC_011616.1,Baculoviridae
NC_012639.1,Baculoviridae
NC_010276.1,Baculoviridae
NC_011345.1,Baculoviridae
NC_011423.1,Baculoviridae
NC_009011.2,Baculoviridae
NC_004778.3,Baculoviridae
NC_001962.1,Baculoviridae
NC_002816.1,Baculoviridae
NC_002169.1,Baculoviridae
NC_003102.1,Baculoviridae
NC_004690.1,Baculoviridae
NC_008168.1,Baculoviridae
NC_004117.1,Baculoviridae
NC_004062.1,Baculoviridae
NC_005038.1,Baculoviridae
NC_001623.1,Baculoviridae
NC_003084.1,Baculoviridae
NC_009503.1,Baculoviridae
NC_005068.1,Baculoviridae
NC_005905.1,Baculoviridae
NC_001973.1,Baculoviridae
NC_010240.1,Baculoviridae
NC_002331.1,Baculoviridae
NC_007921.1,Baculoviridae
NC_013797.1,Baculoviridae
NC_013953.1,Baculoviridae
NC_002593.1,Baculoviridae
NC_003094.2,Baculoviridae
NC_008252.1,Baculoviridae
NC_008725.1,Baculoviridae
NC_007767.1,Baculoviridae
NC_003083.1,Baculoviridae
NC_038370.1,Baculoviridae
NC_038371.1,Baculoviridae
NC_038372.1,Baculoviridae
NC_038868.1,Baculoviridae
NC_039213.1,Baculoviridae
NC_038369.1,Baculoviridae
NC_002654.2,Baculoviridae
NC_033780.2,Baculoviridae
NC_043529.1,Baculoviridae
NC_043530.1,Baculoviridae
NC_040621.1,Baculoviridae
NC_055453.1,Baculoviridae
NC_055500.1,Baculoviridae
NC_055502.1,Baculoviridae
NC_029304.2,Baculoviridae
NC_076246.1,Baculoviridae
NC_004323.1,Baculoviridae
NC_076728.1,Baculoviridae
NC_076031.1,Baculoviridae
NC_077025.1,Baculoviridae
NC_076905.1,Baculoviridae
NC_077106.1,Baculoviridae
NC_077155.1,Baculoviridae
NC_077147.1,Baculoviridae
NC_021735.1,Benyviridae
NC_021736.1,Benyviridae
NC_003514.1,Benyviridae
NC_003513.1,Benyviridae
NC_003515.1,Benyviridae
NC_003516.1,Benyviridae
NC_003517.1,Benyviridae
NC_038775.1,Benyviridae
NC_039224.1,Benyviridae
NC_039225.1,Benyviridae
NC_039226.1,Benyviridae
NC_039227.1,Benyviridae
NC_040760.1,Benyviridae
NC_040761.1,Benyviridae
NC_023295.1,Betaflexiviridae
NC_027527.1,Betaflexiviridae
NC_028975.1,Betaflexiviridae
NC_028868.1,Betaflexiviridae
NC_029089.1,Betaflexiviridae
NC_029088.1,Betaflexiviridae
NC_029087.1,Betaflexiviridae
NC_029086.1,Betaflexiviridae
NC_029085.1,Betaflexiviridae
NC_029301.1,Betaflexiviridae
NC_018175.1,Betaflexiviridae
NC_034264.1,Betaflexiviridae
NC_034377.1,Betaflexiviridae
NC_034376.1,Betaflexiviridae
NC_030657.1,Betaflexiviridae
NC_031089.1,Betaflexiviridae
NC_037058.1,Betaflexiviridae
NC_034833.1,Betaflexiviridae
NC_035202.1,Betaflexiviridae
NC_019025.1,Betaflexiviridae
NC_019029.1,Betaflexiviridae
NC_019030.1,Betaflexiviridae
NC_024686.1,Betaflexiviridae
NC_020996.1,Betaflexiviridae
NC_025388.1,Betaflexiviridae
NC_025468.1,Betaflexiviridae
NC_025469.1,Betaflexiviridae
NC_026248.1,Betaflexiviridae
NC_026616.2,Betaflexiviridae
NC_017859.1,Betaflexiviridae
NC_018714.1,Betaflexiviridae
NC_012869.1,Betaflexiviridae
NC_015395.1,Betaflexiviridae
NC_011106.1,Betaflexiviridae
NC_008020.1,Betaflexiviridae
NC_003877.1,Betaflexiviridae
NC_013527.1,Betaflexiviridae
NC_014730.1,Betaflexiviridae
NC_008552.1,Betaflexiviridae
NC_011525.1,Betaflexiviridae
NC_009892.1,Betaflexiviridae
NC_016404.1,Betaflexiviridae
NC_003557.1,Betaflexiviridae
NC_001946.1,Betaflexiviridae
NC_001409.1,Betaflexiviridae
NC_005343.1,Betaflexiviridae
NC_010305.1,Betaflexiviridae
NC_002468.1,Betaflexiviridae
NC_011062.1,Betaflexiviridae
NC_002500.1,Betaflexiviridae
NC_003602.1,Betaflexiviridae
NC_003870.1,Betaflexiviridae
NC_005138.1,Betaflexiviridae
NC_002552.1,Betaflexiviridae
NC_011540.1,Betaflexiviridae
NC_011552.1,Betaflexiviridae
NC_003462.2,Betaflexiviridae
NC_003689.1,Betaflexiviridae
NC_001749.2,Betaflexiviridae
NC_007289.1,Betaflexiviridae
NC_012210.1,Betaflexiviridae
NC_009764.1,Betaflexiviridae
NC_003604.2,Betaflexiviridae
NC_002795.1,Betaflexiviridae
NC_009759.1,Betaflexiviridae
NC_006946.1,Betaflexiviridae
NC_008266.1,Betaflexiviridae
NC_002729.1,Betaflexiviridae
NC_016440.1,Betaflexiviridae
NC_012038.1,Betaflexiviridae
NC_009087.2,Betaflexiviridae
NC_014821.1,Betaflexiviridae
NC_001361.2,Betaflexiviridae
NC_009383.1,Betaflexiviridae
NC_038322.1,Betaflexiviridae
NC_038323.1,Betaflexiviridae
NC_038325.1,Betaflexiviridae
NC_038326.1,Betaflexiviridae
NC_038865.1,Betaflexiviridae
NC_038966.1,Betaflexiviridae
NC_039087.1,Betaflexiviridae
NC_015782.2,Betaflexiviridae
NC_035462.1,Betaflexiviridae
NC_043080.1,Betaflexiviridae
NC_043082.1,Betaflexiviridae
NC_043083.1,Betaflexiviridae
NC_043084.1,Betaflexiviridae
NC_043085.1,Betaflexiviridae
NC_043086.1,Betaflexiviridae
NC_043087.1,Betaflexiviridae
NC_043088.1,Betaflexiviridae
NC_043412.1,Betaflexiviridae
NC_040797.1,Betaflexiviridae
NC_040554.1,Betaflexiviridae
NC_040616.1,Betaflexiviridae
NC_040545.1,Betaflexiviridae
NC_040800.1,Betaflexiviridae
NC_040564.1,Betaflexiviridae
NC_040703.1,Betaflexiviridae
NC_040568.1,Betaflexiviridae
NC_040630.1,Betaflexiviridae
NC_040627.1,Betaflexiviridae
NC_040643.1,Betaflexiviridae
NC_040689.1,Betaflexiviridae
NC_077021.1,Betaflexiviridae
NC_077022.1,Betaflexiviridae
NC_076603.1,Betaflexiviridae
NC_076638.1,Betaflexiviridae
NC_076884.1,Betaflexiviridae
NC_076631.1,Betaflexiviridae
NC_076687.1,Betaflexiviridae
NC_076633.1,Betaflexiviridae
NC_076683.1,Betaflexiviridae
NC_076655.1,Betaflexiviridae
NC_076716.1,Betaflexiviridae
NC_076715.1,Betaflexiviridae
NC_077027.1,Betaflexiviridae
NC_076712.1,Betaflexiviridae
NC_076710.1,Betaflexiviridae
NC_076711.1,Betaflexiviridae
NC_076865.1,Betaflexiviridae
NC_076873.1,Betaflexiviridae
NC_077052.1,Betaflexiviridae
NC_077068.1,Betaflexiviridae
NC_077056.1,Betaflexiviridae
NC_076917.1,Betaflexiviridae
NC_076928.1,Betaflexiviridae
NC_077096.1,Betaflexiviridae
NC_077071.1,Betaflexiviridae
NC_077162.1,Betaflexiviridae
NC_077152.1,Betaflexiviridae
NC_006268.1,Bicaudaviridae
NC_007409.1,Bicaudaviridae
NC_020077.1,Bicaudaviridae
NC_029316.1,Bicaudaviridae
NC_020927.1,Bidnaviridae
NC_020928.1,Bidnaviridae
NC_038376.1,Bidnaviridae
NC_038377.1,Bidnaviridae
NC_030242.1,Birnaviridae
NC_030244.1,Birnaviridae
NC_028253.1,Birnaviridae
NC_028252.1,Birnaviridae
NC_004179.1,Birnaviridae
NC_004169.1,Birnaviridae
NC_004177.1,Birnaviridae
NC_001916.1,Birnaviridae
NC_004176.1,Birnaviridae
NC_005983.1,Birnaviridae
NC_001915.1,Birnaviridae
NC_005982.1,Birnaviridae
NC_016517.1,Birnaviridae
NC_016518.1,Birnaviridae
NC_004178.1,Birnaviridae
NC_004168.1,Birnaviridae
NC_038869.1,Birnaviridae
NC_038870.1,Birnaviridae
NC_055120.1,Birnaviridae
NC_055451.1,Birnaviridae
NC_055452.1,Birnaviridae
NC_078107.1,Birnaviridae
NC_078108.1,Birnaviridae
NC_078109.1,Birnaviridae
NC_078110.1,Birnaviridae
NC_078086.1,Birnaviridae
NC_078087.1,Birnaviridae
NC_077769.1,Birnaviridae
NC_077770.1,Birnaviridae
NC_074193.1,Blumeviridae
NC_074183.1,Blumeviridae
NC_074181.1,Blumeviridae
NC_074175.1,Blumeviridae
NC_074205.1,Blumeviridae
NC_074194.1,Blumeviridae
NC_074201.1,Blumeviridae
NC_074177.1,Blumeviridae
NC_074197.1,Blumeviridae
NC_074195.1,Blumeviridae
NC_074198.1,Blumeviridae
NC_074180.1,Blumeviridae
NC_074176.1,Blumeviridae
NC_074188.1,Blumeviridae
NC_074189.1,Blumeviridae
NC_074182.1,Blumeviridae
NC_074200.1,Blumeviridae
NC_074192.1,Blumeviridae
NC_074206.1,Blumeviridae
NC_074185.1,Blumeviridae
NC_074179.1,Blumeviridae
NC_074202.1,Blumeviridae
NC_074203.1,Blumeviridae
NC_074208.1,Blumeviridae
NC_074186.1,Blumeviridae
NC_074191.1,Blumeviridae
NC_074207.1,Blumeviridae
NC_074178.1,Blumeviridae
NC_074199.1,Blumeviridae
NC_074190.1,Blumeviridae
NC_074204.1,Blumeviridae
NC_074184.1,Blumeviridae
NC_074187.1,Blumeviridae
NC_074196.1,Blumeviridae
NC_030691.1,Bornaviridae
NC_030688.1,Bornaviridae
NC_030701.1,Bornaviridae
NC_024296.1,Bornaviridae
NC_024778.1,Bornaviridae
NC_028106.1,Bornaviridae
NC_038268.1,Bornaviridae
NC_039013.1,Bornaviridae
NC_039014.1,Bornaviridae
NC_039190.1,Bornaviridae
NC_055169.1,Bornaviridae
NC_076533.1,Bornaviridae
NC_030692.1,Bornaviridae
NC_027892.1,Bornaviridae
NC_029642.1,Bornaviridae
NC_001607.1,Bornaviridae
NC_028476.1,Botourmiaviridae
NC_033729.1,Botourmiaviridae
NC_013111.1,Botourmiaviridae
NC_013112.1,Botourmiaviridae
NC_013113.1,Botourmiaviridae
NC_011067.1,Botourmiaviridae
NC_011069.1,Botourmiaviridae
NC_011066.1,Botourmiaviridae
NC_011065.1,Botourmiaviridae
NC_011068.1,Botourmiaviridae
NC_011070.1,Botourmiaviridae
NC_043521.1,Botourmiaviridae
NC_043522.1,Botourmiaviridae
NC_043683.1,Botourmiaviridae
NC_055143.1,Botourmiaviridae
NC_055144.1,Botourmiaviridae
NC_055145.1,Botourmiaviridae
NC_076143.1,Botourmiaviridae
NC_076202.1,Botourmiaviridae
NC_076203.1,Botourmiaviridae
NC_076179.1,Botourmiaviridae
NC_076180.1,Botourmiaviridae
NC_076181.1,Botourmiaviridae
NC_076229.1,Botourmiaviridae
NC_076348.1,Botourmiaviridae
NC_076381.1,Botourmiaviridae
NC_076384.1,Botourmiaviridae
NC_076386.1,Botourmiaviridae
NC_076387.1,Botourmiaviridae
NC_076380.1,Botourmiaviridae
NC_076389.1,Botourmiaviridae
NC_076385.1,Botourmiaviridae
NC_076388.1,Botourmiaviridae
NC_076390.1,Botourmiaviridae
NC_076379.1,Botourmiaviridae
NC_076382.1,Botourmiaviridae
NC_076383.1,Botourmiaviridae
NC_076677.1,Botourmiaviridae
NC_076678.1,Botourmiaviridae
NC_076679.1,Botourmiaviridae
NC_076680.1,Botourmiaviridae
NC_076371.1,Botourmiaviridae
NC_076367.1,Botourmiaviridae
NC_077019.1,Botourmiaviridae
NC_076736.1,Botourmiaviridae
NC_076745.1,Botourmiaviridae
NC_076746.1,Botourmiaviridae
NC_076747.1,Botourmiaviridae
NC_076748.1,Botourmiaviridae
NC_076749.1,Botourmiaviridae
NC_076750.1,Botourmiaviridae
NC_076751.1,Botourmiaviridae
NC_076752.1,Botourmiaviridae
NC_076753.1,Botourmiaviridae
NC_076754.1,Botourmiaviridae
NC_076737.1,Botourmiaviridae
NC_076755.1,Botourmiaviridae
NC_076756.1,Botourmiaviridae
NC_076757.1,Botourmiaviridae
NC_076758.1,Botourmiaviridae
NC_076759.1,Botourmiaviridae
NC_076760.1,Botourmiaviridae
NC_076761.1,Botourmiaviridae
NC_076762.1,Botourmiaviridae
NC_076763.1,Botourmiaviridae
NC_076738.1,Botourmiaviridae
NC_076764.1,Botourmiaviridae
NC_076765.1,Botourmiaviridae
NC_076766.1,Botourmiaviridae
NC_076767.1,Botourmiaviridae
NC_076768.1,Botourmiaviridae
NC_076769.1,Botourmiaviridae
NC_076739.1,Botourmiaviridae
NC_076770.1,Botourmiaviridae
NC_076771.1,Botourmiaviridae
NC_076772.1,Botourmiaviridae
NC_076773.1,Botourmiaviridae
NC_076774.1,Botourmiaviridae
NC_076775.1,Botourmiaviridae
NC_076776.1,Botourmiaviridae
NC_076777.1,Botourmiaviridae
NC_076778.1,Botourmiaviridae
NC_076779.1,Botourmiaviridae
NC_076740.1,Botourmiaviridae
NC_076780.1,Botourmiaviridae
NC_076781.1,Botourmiaviridae
NC_076782.1,Botourmiaviridae
NC_076783.1,Botourmiaviridae
NC_076784.1,Botourmiaviridae
NC_076785.1,Botourmiaviridae
NC_076786.1,Botourmiaviridae
NC_076787.1,Botourmiaviridae
NC_076788.1,Botourmiaviridae
NC_076789.1,Botourmiaviridae
NC_076741.1,Botourmiaviridae
NC_076790.1,Botourmiaviridae
NC_076791.1,Botourmiaviridae
NC_076792.1,Botourmiaviridae
NC_076793.1,Botourmiaviridae
NC_076794.1,Botourmiaviridae
NC_076795.1,Botourmiaviridae
NC_076796.1,Botourmiaviridae
NC_076797.1,Botourmiaviridae
NC_076798.1,Botourmiaviridae
NC_076742.1,Botourmiaviridae
NC_076799.1,Botourmiaviridae
NC_076800.1,Botourmiaviridae
NC_076801.1,Botourmiaviridae
NC_076802.1,Botourmiaviridae
NC_076803.1,Botourmiaviridae
NC_076804.1,Botourmiaviridae
NC_076805.1,Botourmiaviridae
NC_076806.1,Botourmiaviridae
NC_076807.1,Botourmiaviridae
NC_076808.1,Botourmiaviridae
NC_076743.1,Botourmiaviridae
NC_076809.1,Botourmiaviridae
NC_076810.1,Botourmiaviridae
NC_076811.1,Botourmiaviridae
NC_076812.1,Botourmiaviridae
NC_076813.1,Botourmiaviridae
NC_076814.1,Botourmiaviridae
NC_076815.1,Botourmiaviridae
NC_076816.1,Botourmiaviridae
NC_076817.1,Botourmiaviridae
NC_076744.1,Botourmiaviridae
NC_076818.1,Botourmiaviridae
NC_076819.1,Botourmiaviridae
NC_076471.1,Botourmiaviridae
NC_076731.1,Botourmiaviridae
NC_076732.1,Botourmiaviridae
NC_076447.1,Botourmiaviridae
NC_076826.1,Botourmiaviridae
NC_076833.1,Botourmiaviridae
NC_076834.1,Botourmiaviridae
NC_076835.1,Botourmiaviridae
NC_076836.1,Botourmiaviridae
NC_076837.1,Botourmiaviridae
NC_076838.1,Botourmiaviridae
NC_076839.1,Botourmiaviridae
NC_076840.1,Botourmiaviridae
NC_076827.1,Botourmiaviridae
NC_076828.1,Botourmiaviridae
NC_076829.1,Botourmiaviridae
NC_076830.1,Botourmiaviridae
NC_076831.1,Botourmiaviridae
NC_076832.1,Botourmiaviridae
NC_076870.1,Botourmiaviridae
NC_076872.1,Botourmiaviridae
NC_077170.1,Botourmiaviridae
NC_077046.1,Botourmiaviridae
NC_077053.1,Botourmiaviridae
NC_077054.1,Botourmiaviridae
NC_076858.1,Botourmiaviridae
NC_077093.1,Botourmiaviridae
NC_077073.1,Botourmiaviridae
NC_077090.1,Botourmiaviridae
NC_077091.1,Botourmiaviridae
NC_077101.1,Botourmiaviridae
NC_077102.1,Botourmiaviridae
NC_077143.1,Botourmiaviridae
NC_077160.1,Botourmiaviridae
NC_077161.1,Botourmiaviridae
NC_027928.1,Bromoviridae
NC_027929.1,Bromoviridae
NC_027930.1,Bromoviridae
NC_018403.1,Bromoviridae
NC_018404.1,Bromoviridae
NC_018402.1,Bromoviridae
NC_022250.1,Bromoviridae
NC_022251.1,Bromoviridae
NC_022252.1,Bromoviridae
NC_025477.1,Bromoviridae
NC_025481.1,Bromoviridae
NC_025478.1,Bromoviridae
NC_025482.1,Bromoviridae
NC_025483.1,Bromoviridae
NC_025484.1,Bromoviridae
NC_002035.1,Bromoviridae
NC_003570.1,Bromoviridae
NC_003568.1,Bromoviridae
NC_002038.1,Bromoviridae
NC_002040.1,Bromoviridae
NC_002039.1,Bromoviridae
NC_003464.1,Bromoviridae
NC_003465.1,Bromoviridae
NC_003649.1,Bromoviridae
NC_003651.1,Bromoviridae
NC_006568.1,Bromoviridae
NC_003810.1,Bromoviridae
NC_012136.1,Bromoviridae
NC_002034.1,Bromoviridae
NC_009536.1,Bromoviridae
NC_003548.1,Bromoviridae
NC_004121.1,Bromoviridae
NC_003837.1,Bromoviridae
NC_002026.1,Bromoviridae
NC_002027.1,Bromoviridae
NC_003842.1,Bromoviridae
NC_003844.1,Bromoviridae
NC_008039.1,Bromoviridae
NC_006567.1,Bromoviridae
NC_008706.1,Bromoviridae
NC_008707.1,Bromoviridae
NC_003833.1,Bromoviridae
NC_003834.1,Bromoviridae
NC_003835.1,Bromoviridae
NC_004363.1,Bromoviridae
NC_004364.1,Bromoviridae
NC_004006.1,Bromoviridae
NC_004007.1,Bromoviridae
NC_011555.2,Bromoviridae
NC_003542.1,Bromoviridae
NC_003569.1,Bromoviridae
NC_003673.1,Bromoviridae
NC_003671.1,Bromoviridae
NC_003543.1,Bromoviridae
NC_008038.1,Bromoviridae
NC_006064.1,Bromoviridae
NC_003451.1,Bromoviridae
NC_003452.1,Bromoviridae
NC_003453.1,Bromoviridae
NC_004120.1,Bromoviridae
NC_002025.1,Bromoviridae
NC_003809.1,Bromoviridae
NC_004362.1,Bromoviridae
NC_003650.1,Bromoviridae
NC_005848.1,Bromoviridae
NC_005849.1,Bromoviridae
NC_003546.1,Bromoviridae
NC_003808.1,Bromoviridae
NC_006065.1,Bromoviridae
NC_003836.1,Bromoviridae
NC_006066.1,Bromoviridae
NC_002028.2,Bromoviridae
NC_003838.1,Bromoviridae
NC_005854.1,Bromoviridae
NC_011553.1,Bromoviridae
NC_003674.1,Bromoviridae
NC_009537.1,Bromoviridae
NC_001495.1,Bromoviridae
NC_004008.1,Bromoviridae
NC_003480.1,Bromoviridae
NC_011808.1,Bromoviridae
NC_011809.1,Bromoviridae
NC_006566.1,Bromoviridae
NC_001440.1,Bromoviridae
NC_008708.2,Bromoviridae
NC_003547.1,Bromoviridae
NC_012135.1,Bromoviridae
NC_012134.1,Bromoviridae
NC_009538.1,Bromoviridae
NC_008037.1,Bromoviridae
NC_002024.2,Bromoviridae
NC_003845.1,Bromoviridae
NC_011554.1,Bromoviridae
NC_003541.1,Bromoviridae
NC_004122.1,Bromoviridae
NC_038776.1,Bromoviridae
NC_038777.1,Bromoviridae
NC_039074.1,Bromoviridae
NC_039075.1,Bromoviridae
NC_039076.1,Bromoviridae
NC_040469.1,Bromoviridae
NC_040470.1,Bromoviridae
NC_040471.1,Bromoviridae
NC_040389.1,Bromoviridae
NC_040390.1,Bromoviridae
NC_040391.1,Bromoviridae
NC_040435.1,Bromoviridae
NC_040436.1,Bromoviridae
NC_040437.1,Bromoviridae
NC_040392.1,Bromoviridae
NC_040393.1,Bromoviridae
NC_040394.1,Bromoviridae
NC_006999.2,Bromoviridae
NC_013266.1,Bromoviridae
NC_013267.1,Bromoviridae
NC_007000.2,Bromoviridae
NC_007001.1,Bromoviridae
NC_013268.1,Bromoviridae
NC_022128.1,Bromoviridae
NC_022129.1,Bromoviridae
NC_022127.1,Bromoviridae
NC_078670.1,Bromoviridae
NC_078671.1,Bromoviridae
NC_078672.1,Bromoviridae
NC_017936.1,Caliciviridae
NC_027026.1,Caliciviridae
NC_027122.1,Caliciviridae
NC_033776.1,Caliciviridae
NC_030793.1,Caliciviridae
NC_033081.1,Caliciviridae
NC_035675.1,Caliciviridae
NC_024031.1,Caliciviridae
NC_024078.1,Caliciviridae
NC_019712.1,Caliciviridae
NC_025676.1,Caliciviridae
NC_011050.1,Caliciviridae
NC_001481.2,Caliciviridae
NC_001543.1,Caliciviridae
NC_002615.1,Caliciviridae
NC_011704.1,Caliciviridae
NC_006269.1,Caliciviridae
NC_004541.1,Caliciviridae
NC_002551.1,Caliciviridae
NC_008580.1,Caliciviridae
NC_001959.2,Caliciviridae
NC_012699.1,Caliciviridae
NC_007916.1,Caliciviridae
NC_008311.1,Caliciviridae
NC_010624.1,Caliciviridae
NC_004542.1,Caliciviridae
NC_006875.1,Caliciviridae
NC_034444.1,Caliciviridae
NC_039476.1,Caliciviridae
NC_029646.1,Caliciviridae
NC_043512.1,Caliciviridae
NC_043516.1,Caliciviridae
NC_044045.1,Caliciviridae
NC_044046.1,Caliciviridae
NC_044047.1,Caliciviridae
NC_029645.1,Caliciviridae
NC_029647.1,Caliciviridae
NC_039475.1,Caliciviridae
NC_039477.1,Caliciviridae
NC_040876.1,Caliciviridae
NC_040674.1,Caliciviridae
NC_044932.1,Caliciviridae
NC_044853.1,Caliciviridae
NC_044854.1,Caliciviridae
NC_044855.1,Caliciviridae
NC_044856.1,Caliciviridae
NC_045762.1,Caliciviridae
NC_004064.1,Caliciviridae
NC_000940.1,Caliciviridae
NC_075569.1,Caliciviridae
NC_075724.1,Caliciviridae
NC_075411.1,Caliciviridae
NC_005091.2,Casjensviridae
NC_020853.1,Casjensviridae
NC_018283.1,Casjensviridae
NC_019524.2,Casjensviridae
NC_018832.1,Casjensviridae
NC_042345.1,Casjensviridae
NC_042344.1,Casjensviridae
NC_025442.1,Casjensviridae
NC_031228.1,Casjensviridae
NC_025428.1,Casjensviridae
NC_028812.1,Casjensviridae
NC_048632.1,Casjensviridae
NC_029045.1,Casjensviridae
NC_029106.1,Casjensviridae
NC_031930.1,Casjensviridae
NC_048648.1,Casjensviridae
NC_048655.1,Casjensviridae
NC_052968.1,Casjensviridae
NC_052976.1,Casjensviridae
NC_048670.1,Casjensviridae
NC_052988.1,Casjensviridae
NC_052975.1,Casjensviridae
NC_052981.1,Casjensviridae
NC_048683.1,Casjensviridae
NC_052987.1,Casjensviridae
NC_052971.1,Casjensviridae
NC_052969.1,Casjensviridae
NC_052970.1,Casjensviridae
NC_053012.1,Casjensviridae
NC_048732.1,Casjensviridae
NC_048727.1,Casjensviridae
NC_053000.1,Casjensviridae
NC_053011.1,Casjensviridae
NC_052978.1,Casjensviridae
NC_048805.1,Casjensviridae
NC_052984.1,Casjensviridae
NC_053013.1,Casjensviridae
NC_052977.1,Casjensviridae
NC_052983.1,Casjensviridae
NC_052973.1,Casjensviridae
NC_053015.1,Casjensviridae
NC_052991.1,Casjensviridae
NC_052989.1,Casjensviridae
NC_053008.1,Casjensviridae
NC_048666.1,Casjensviridae
NC_052980.1,Casjensviridae
NC_053009.1,Casjensviridae
NC_053010.1,Casjensviridae
NC_052986.1,Casjensviridae
NC_052979.1,Casjensviridae
NC_052974.1,Casjensviridae
NC_052999.1,Casjensviridae
NC_019417.1,Casjensviridae
NC_021315.1,Casjensviridae
NC_021780.1,Casjensviridae
NC_021779.1,Casjensviridae
NC_021783.1,Casjensviridae
NC_030205.1,Caulimoviridae
NC_027131.1,Caulimoviridae
NC_027924.1,Caulimoviridae
NC_028462.1,Caulimoviridae
NC_029303.1,Caulimoviridae
NC_033738.1,Caulimoviridae
NC_018105.1,Caulimoviridae
NC_034252.1,Caulimoviridae
NC_030462.1,Caulimoviridae
NC_023485.1,Caulimoviridae
NC_018505.1,Caulimoviridae
NC_018616.1,Caulimoviridae
NC_035472.1,Caulimoviridae
NC_018858.1,Caulimoviridae
NC_024301.1,Caulimoviridae
NC_020999.1,Caulimoviridae
NC_022365.1,Caulimoviridae
NC_026020.2,Caulimoviridae
NC_026238.1,Caulimoviridae
NC_026819.1,Caulimoviridae
NC_008017.1,Caulimoviridae
NC_003382.1,Caulimoviridae
NC_008018.1,Caulimoviridae
NC_006955.1,Caulimoviridae
NC_003381.1,Caulimoviridae
NC_013262.1,Caulimoviridae
NC_009010.1,Caulimoviridae
NC_017830.1,Caulimoviridae
NC_003498.1,Caulimoviridae
NC_003554.1,Caulimoviridae
NC_001634.1,Caulimoviridae
NC_001343.1,Caulimoviridae
NC_010737.1,Caulimoviridae
NC_010738.1,Caulimoviridae
NC_013455.1,Caulimoviridae
NC_004450.1,Caulimoviridae
NC_001574.1,Caulimoviridae
NC_015784.2,Caulimoviridae
NC_003378.1,Caulimoviridae
NC_001648.1,Caulimoviridae
NC_011592.1,Caulimoviridae
NC_001497.2,Caulimoviridae
NC_004540.1,Caulimoviridae
NC_001739.2,Caulimoviridae
NC_001839.2,Caulimoviridae
NC_015328.1,Caulimoviridae
NC_011920.1,Caulimoviridae
NC_015502.1,Caulimoviridae
NC_015503.1,Caulimoviridae
NC_015505.1,Caulimoviridae
NC_015507.1,Caulimoviridae
NC_001914.1,Caulimoviridae
NC_004324.3,Caulimoviridae
NC_008034.1,Caulimoviridae
NC_015506.1,Caulimoviridae
NC_014648.1,Caulimoviridae
NC_015504.1,Caulimoviridae
NC_003138.2,Caulimoviridae
NC_007002.1,Caulimoviridae
NC_015228.1,Caulimoviridae
NC_003031.1,Caulimoviridae
NC_004036.1,Caulimoviridae
NC_001725.1,Caulimoviridae
NC_007003.1,Caulimoviridae
NC_038378.1,Caulimoviridae
NC_038379.1,Caulimoviridae
NC_038380.1,Caulimoviridae
NC_038381.1,Caulimoviridae
NC_038382.1,Caulimoviridae
NC_038986.1,Caulimoviridae
NC_038987.1,Caulimoviridae
NC_038995.1,Caulimoviridae
NC_043104.1,Caulimoviridae
NC_043523.1,Caulimoviridae
NC_043534.1,Caulimoviridae
NC_043535.1,Caulimoviridae
NC_040809.1,Caulimoviridae
NC_040692.1,Caulimoviridae
NC_040807.1,Caulimoviridae
NC_040808.1,Caulimoviridae
NC_040552.1,Caulimoviridae
NC_040622.1,Caulimoviridae
NC_040693.1,Caulimoviridae
NC_040635.1,Caulimoviridae
NC_040841.1,Caulimoviridae
NC_040712.1,Caulimoviridae
NC_055236.1,Caulimoviridae
NC_055237.1,Caulimoviridae
NC_055481.1,Caulimoviridae
NC_055562.1,Caulimoviridae
NC_055598.1,Caulimoviridae
NC_055588.1,Caulimoviridae
NC_055604.1,Caulimoviridae
NC_011097.2,Caulimoviridae
NC_075431.1,Caulimoviridae
NC_076205.1,Caulimoviridae
NC_076048.1,Caulimoviridae
NC_076023.1,Caulimoviridae
NC_076247.1,Caulimoviridae
NC_076606.1,Caulimoviridae
NC_076885.1,Caulimoviridae
NC_076349.1,Caulimoviridae
NC_077070.1,Caulimoviridae
NC_077108.1,Caulimoviridae
NC_077165.1,Caulimoviridae
NC_074648.1,Chaacviridae
NC_074650.1,Chaacviridae
NC_074649.1,Chaacviridae
NC_010106.1,Chaseviridae
NC_019504.1,Chaseviridae
NC_023865.1,Chaseviridae
NC_023594.2,Chaseviridae
NC_025459.1,Chaseviridae
NC_047791.1,Chaseviridae
NC_047824.1,Chaseviridae
NC_047830.1,Chaseviridae
NC_047978.1,Chaseviridae
NC_048799.1,Chaseviridae
NC_049466.2,Chaseviridae
NC_048803.1,Chaseviridae
NC_048845.1,Chaseviridae
NC_048875.1,Chaseviridae
NC_070840.1,Chaseviridae
NC_079182.1,Chaseviridae
NC_079181.1,Chaseviridae
NC_079179.1,Chaseviridae
NC_079178.1,Chaseviridae
NC_079177.1,Chaseviridae
NC_079188.1,Chaseviridae
NC_079187.1,Chaseviridae
NC_079176.1,Chaseviridae
NC_079174.1,Chaseviridae
NC_079183.1,Chaseviridae
NC_079180.1,Chaseviridae
NC_079186.1,Chaseviridae
NC_079175.1,Chaseviridae
NC_079185.1,Chaseviridae
NC_079184.1,Chaseviridae
NC_027563.1,Chrysoviridae
NC_027565.1,Chrysoviridae
NC_027566.1,Chrysoviridae
NC_027564.1,Chrysoviridae
NC_028495.1,Chrysoviridae
NC_028496.1,Chrysoviridae
NC_028497.1,Chrysoviridae
NC_028500.1,Chrysoviridae
NC_033277.1,Chrysoviridae
NC_033278.1,Chrysoviridae
NC_033318.1,Chrysoviridae
NC_033317.1,Chrysoviridae
NC_023039.1,Chrysoviridae
NC_023040.1,Chrysoviridae
NC_023043.1,Chrysoviridae
NC_023041.1,Chrysoviridae
NC_023042.1,Chrysoviridae
NC_009944.1,Chrysoviridae
NC_009945.1,Chrysoviridae
NC_005981.1,Chrysoviridae
NC_009947.1,Chrysoviridae
NC_038011.1,Chrysoviridae
NC_005978.1,Chrysoviridae
NC_005979.1,Chrysoviridae
NC_005980.1,Chrysoviridae
NC_014464.1,Chrysoviridae
NC_007542.1,Chrysoviridae
NC_007540.1,Chrysoviridae
NC_009946.1,Chrysoviridae
NC_014463.1,Chrysoviridae
NC_007539.1,Chrysoviridae
NC_014462.1,Chrysoviridae
NC_014465.1,Chrysoviridae
NC_007541.1,Chrysoviridae
NC_034268.1,Chrysoviridae
NC_034269.1,Chrysoviridae
NC_034270.1,Chrysoviridae
NC_034271.1,Chrysoviridae
NC_038782.1,Chrysoviridae
NC_038783.1,Chrysoviridae
NC_038784.1,Chrysoviridae
NC_038785.1,Chrysoviridae
NC_038871.1,Chrysoviridae
NC_038872.1,Chrysoviridae
NC_038873.1,Chrysoviridae
NC_038874.1,Chrysoviridae
NC_038778.1,Chrysoviridae
NC_038779.1,Chrysoviridae
NC_038780.1,Chrysoviridae
NC_038781.1,Chrysoviridae
NC_043656.1,Chrysoviridae
NC_043657.1,Chrysoviridae
NC_043658.1,Chrysoviridae
NC_043659.1,Chrysoviridae
NC_043660.1,Chrysoviridae
NC_043661.1,Chrysoviridae
NC_043669.1,Chrysoviridae
NC_043670.1,Chrysoviridae
NC_043671.1,Chrysoviridae
NC_043672.1,Chrysoviridae
NC_043676.1,Chrysoviridae
NC_043677.1,Chrysoviridae
NC_043678.1,Chrysoviridae
NC_043506.1,Chrysoviridae
NC_043507.1,Chrysoviridae
NC_043508.1,Chrysoviridae
NC_043662.1,Chrysoviridae
NC_043663.1,Chrysoviridae
NC_043665.1,Chrysoviridae
NC_043667.1,Chrysoviridae
NC_040736.1,Chrysoviridae
NC_040737.1,Chrysoviridae
NC_040738.1,Chrysoviridae
NC_040739.1,Chrysoviridae
NC_040740.1,Chrysoviridae
NC_040485.1,Chrysoviridae
NC_040486.1,Chrysoviridae
NC_040487.1,Chrysoviridae
NC_040488.1,Chrysoviridae
NC_040489.1,Chrysoviridae
NC_040490.1,Chrysoviridae
NC_040491.1,Chrysoviridae
NC_040509.1,Chrysoviridae
NC_040510.1,Chrysoviridae
NC_055219.1,Chrysoviridae
NC_055220.1,Chrysoviridae
NC_055221.1,Chrysoviridae
NC_055222.1,Chrysoviridae
NC_055223.1,Chrysoviridae
NC_055224.1,Chrysoviridae
NC_055225.1,Chrysoviridae
NC_055226.1,Chrysoviridae
NC_055227.1,Chrysoviridae
NC_055605.1,Chrysoviridae
NC_055606.1,Chrysoviridae
NC_055607.1,Chrysoviridae
NC_055608.1,Chrysoviridae
NC_055624.1,Chrysoviridae
NC_055625.1,Chrysoviridae
NC_055626.1,Chrysoviridae
NC_055627.1,Chrysoviridae
NC_055628.1,Chrysoviridae
NC_055629.1,Chrysoviridae
NC_055630.1,Chrysoviridae
NC_055631.1,Chrysoviridae
NC_055654.1,Chrysoviridae
NC_055656.1,Chrysoviridae
NC_055657.1,Chrysoviridae
NC_078449.1,Chrysoviridae
NC_078450.1,Chrysoviridae
NC_078451.1,Chrysoviridae
NC_078452.1,Chrysoviridae
NC_077817.1,Chrysoviridae
NC_077818.1,Chrysoviridae
NC_077820.1,Chrysoviridae
NC_028243.1,Chuviridae
NC_028265.1,Chuviridae
NC_028263.1,Chuviridae
NC_028260.1,Chuviridae
NC_028482.1,Chuviridae
NC_033704.1,Chuviridae
NC_032417.1,Chuviridae
NC_032427.1,Chuviridae
NC_032802.1,Chuviridae
NC_033292.1,Chuviridae
NC_033291.1,Chuviridae
NC_033293.1,Chuviridae
NC_033294.1,Chuviridae
NC_033168.1,Chuviridae
NC_033015.1,Chuviridae
NC_033328.1,Chuviridae
NC_033327.1,Chuviridae
NC_032956.1,Chuviridae
NC_043470.1,Chuviridae
NC_043471.1,Chuviridae
NC_043472.1,Chuviridae
NC_043473.1,Chuviridae
NC_043476.1,Chuviridae
NC_076200.1,Chuviridae
NC_076215.1,Chuviridae
NC_076216.1,Chuviridae
NC_076294.1,Chuviridae
NC_076263.1,Chuviridae
NC_076416.1,Chuviridae
NC_076466.1,Chuviridae
NC_076427.1,Chuviridae
NC_076499.1,Chuviridae
NC_076462.1,Chuviridae
NC_076158.1,Chuviridae
NC_076924.1,Chuviridae
NC_076925.1,Chuviridae
NC_077763.1,Chuviridae
NC_077764.1,Chuviridae
NC_077761.1,Chuviridae
NC_077762.1,Chuviridae
NC_078223.1,Chuviridae
NC_078224.1,Chuviridae
NC_079131.1,Chuviridae
NC_079132.1,Chuviridae
NC_079133.1,Chuviridae
NC_030199.1,Circoviridae
NC_026945.1,Circoviridae
NC_027530.1,Circoviridae
NC_027783.1,Circoviridae
NC_027789.1,Circoviridae
NC_027793.1,Circoviridae
NC_027791.1,Circoviridae
NC_027787.1,Circoviridae
NC_027782.1,Circoviridae
NC_027784.1,Circoviridae
NC_027795.1,Circoviridae
NC_027796.1,Circoviridae
NC_027781.1,Circoviridae
NC_027790.1,Circoviridae
NC_027799.1,Circoviridae
NC_027797.1,Circoviridae
NC_027780.1,Circoviridae
NC_027798.1,Circoviridae
NC_027800.1,Circoviridae
NC_027792.1,Circoviridae
NC_027786.1,Circoviridae
NC_027794.1,Circoviridae
NC_027788.1,Circoviridae
NC_028045.1,Circoviridae
NC_034210.1,Circoviridae
NC_031753.1,Circoviridae
NC_032682.2,Circoviridae
NC_036592.1,Circoviridae
NC_036593.1,Circoviridae
NC_036877.1,Circoviridae
NC_034547.1,Circoviridae
NC_034977.1,Circoviridae
NC_035196.1,Circoviridae
NC_035194.1,Circoviridae
NC_035195.1,Circoviridae
NC_035200.1,Circoviridae
NC_035209.1,Circoviridae
NC_035476.1,Circoviridae
NC_035799.1,Circoviridae
NC_023866.1,Circoviridae
NC_023868.1,Circoviridae
NC_023869.1,Circoviridae
NC_023885.1,Circoviridae
NC_023878.1,Circoviridae
NC_023877.1,Circoviridae
NC_023874.2,Circoviridae
NC_023879.1,Circoviridae
NC_023886.1,Circoviridae
NC_020099.1,Circoviridae
NC_017843.2,Circoviridae
NC_024694.1,Circoviridae
NC_024700.1,Circoviridae
NC_020904.1,Circoviridae
NC_021206.1,Circoviridae
NC_021568.1,Circoviridae
NC_025216.1,Circoviridae
NC_025247.1,Circoviridae
NC_025246.1,Circoviridae
NC_025476.1,Circoviridae
NC_025682.1,Circoviridae
NC_025684.1,Circoviridae
NC_025683.1,Circoviridae
NC_025717.1,Circoviridae
NC_025709.1,Circoviridae
NC_025792.1,Circoviridae
NC_025791.1,Circoviridae
NC_025959.1,Circoviridae
NC_026512.1,Circoviridae
NC_026631.1,Circoviridae
NC_026630.1,Circoviridae
NC_026627.1,Circoviridae
NC_026626.1,Circoviridae
NC_026654.1,Circoviridae
NC_026652.1,Circoviridae
NC_026651.1,Circoviridae
NC_026649.1,Circoviridae
NC_026648.1,Circoviridae
NC_026647.1,Circoviridae
NC_026653.1,Circoviridae
NC_026646.1,Circoviridae
NC_026645.1,Circoviridae
NC_026643.1,Circoviridae
NC_026642.1,Circoviridae
NC_026641.1,Circoviridae
NC_026639.1,Circoviridae
NC_026638.1,Circoviridae
NC_026637.1,Circoviridae
NC_026636.1,Circoviridae
NC_026650.1,Circoviridae
NC_026635.1,Circoviridae
NC_026634.1,Circoviridae
NC_026633.1,Circoviridae
NC_026632.1,Circoviridae
NC_026629.1,Circoviridae
NC_026628.1,Circoviridae
NC_026625.1,Circoviridae
NC_022897.1,Circoviridae
NC_008375.1,Circoviridae
NC_001944.1,Circoviridae
NC_013774.1,Circoviridae
NC_001792.2,Circoviridae
NC_005148.1,Circoviridae
NC_014930.1,Circoviridae
NC_006561.1,Circoviridae
NC_014927.1,Circoviridae
NC_014928.1,Circoviridae
NC_008521.1,Circoviridae
NC_008033.1,Circoviridae
NC_008522.1,Circoviridae
NC_014929.1,Circoviridae
NC_007220.1,Circoviridae
NC_002361.1,Circoviridae
NC_005053.1,Circoviridae
NC_015399.1,Circoviridae
NC_003054.1,Circoviridae
NC_038385.1,Circoviridae
NC_038386.1,Circoviridae
NC_038387.1,Circoviridae
NC_038388.1,Circoviridae
NC_038389.1,Circoviridae
NC_038390.1,Circoviridae
NC_038391.1,Circoviridae
NC_038392.1,Circoviridae
NC_038396.1,Circoviridae
NC_038397.1,Circoviridae
NC_038398.1,Circoviridae
NC_038399.1,Circoviridae
NC_038400.1,Circoviridae
NC_038401.1,Circoviridae
NC_038402.1,Circoviridae
NC_038403.1,Circoviridae
NC_038404.1,Circoviridae
NC_038405.1,Circoviridae
NC_038406.1,Circoviridae
NC_038407.1,Circoviridae
NC_038408.1,Circoviridae
NC_038409.1,Circoviridae
NC_038410.1,Circoviridae
NC_038411.1,Circoviridae
NC_038412.1,Circoviridae
NC_038413.1,Circoviridae
NC_038414.1,Circoviridae
NC_038415.1,Circoviridae
NC_038416.1,Circoviridae
NC_038417.1,Circoviridae
NC_038418.1,Circoviridae
NC_039033.1,Circoviridae
NC_039214.1,Circoviridae
NC_039215.1,Circoviridae
NC_030466.1,Circoviridae
NC_030463.1,Circoviridae
NC_030460.1,Circoviridae
NC_030464.1,Circoviridae
NC_030468.1,Circoviridae
NC_030469.1,Circoviridae
NC_030465.1,Circoviridae
NC_030467.1,Circoviridae
NC_030470.1,Circoviridae
NC_030473.1,Circoviridae
NC_030478.1,Circoviridae
NC_030455.1,Circoviridae
NC_030457.1,Circoviridae
NC_030459.1,Circoviridae
NC_030471.1,Circoviridae
NC_030474.1,Circoviridae
NC_030477.1,Circoviridae
NC_030456.1,Circoviridae
NC_030475.1,Circoviridae
NC_031755.1,Circoviridae
NC_035211.1,Circoviridae
NC_035212.1,Circoviridae
NC_035213.1,Circoviridae
NC_038393.1,Circoviridae
NC_038394.1,Circoviridae
NC_038395.1,Circoviridae
NC_040362.1,Circoviridae
NC_040363.1,Circoviridae
NC_040528.1,Circoviridae
NC_040383.1,Circoviridae
NC_040382.1,Circoviridae
NC_040380.1,Circoviridae
NC_040386.1,Circoviridae
NC_040639.1,Circoviridae
NC_040826.1,Circoviridae
NC_040325.1,Circoviridae
NC_040324.1,Circoviridae
NC_040679.1,Circoviridae
NC_023421.1,Circoviridae
NC_055121.1,Circoviridae
NC_055122.1,Circoviridae
NC_055152.1,Circoviridae
NC_055155.1,Circoviridae
NC_055154.1,Circoviridae
NC_055151.1,Circoviridae
NC_055149.1,Circoviridae
NC_055153.1,Circoviridae
NC_055150.1,Circoviridae
NC_055148.1,Circoviridae
NC_055123.1,Circoviridae
NC_055590.1,Circoviridae
NC_055580.1,Circoviridae
NC_006232.1,Circoviridae
NC_074776.1,Circoviridae
NC_075391.1,Circoviridae
NC_076479.1,Circoviridae
NC_075289.1,Circoviridae
NC_076423.1,Circoviridae
NC_076405.1,Circoviridae
NC_076463.1,Circoviridae
NC_077030.1,Circoviridae
NC_077034.1,Circoviridae
NC_076431.1,Circoviridae
NC_077076.1,Circoviridae
NC_077109.1,Circoviridae
NC_077115.1,Circoviridae
NC_077144.1,Circoviridae
NC_077085.1,Circoviridae
NC_077086.1,Circoviridae
NC_077140.1,Circoviridae
NC_077141.1,Circoviridae
NC_077142.1,Circoviridae
NC_077131.1,Circoviridae
NC_077132.1,Circoviridae
NC_077133.1,Circoviridae
NC_077134.1,Circoviridae
NC_077135.1,Circoviridae
NC_077136.1,Circoviridae
NC_077137.1,Circoviridae
NC_077169.1,Circoviridae
NC_077166.1,Circoviridae
NC_077167.1,Circoviridae
NC_077168.1,Circoviridae
NC_077185.1,Circoviridae
NC_077190.1,Circoviridae
NC_077186.1,Circoviridae
NC_077188.1,Circoviridae
NC_077189.1,Circoviridae
NC_077191.1,Circoviridae
NC_077187.1,Circoviridae
NC_077196.1,Circoviridae
NC_077206.1,Circoviridae
NC_077207.1,Circoviridae
NC_077208.1,Circoviridae
NC_077209.1,Circoviridae
NC_077200.1,Circoviridae
NC_077199.1,Circoviridae
NC_077197.1,Circoviridae
NC_077201.1,Circoviridae
NC_077202.1,Circoviridae
NC_077198.1,Circoviridae
NC_077204.1,Circoviridae
NC_077203.1,Circoviridae
NC_077205.1,Circoviridae
NC_027121.1,Closteroviridae
NC_027712.1,Closteroviridae
NC_018173.1,Closteroviridae
NC_018174.1,Closteroviridae
NC_018519.1,Closteroviridae
NC_035453.1,Closteroviridae
NC_024906.1,Closteroviridae
NC_022072.1,Closteroviridae
NC_025967.1,Closteroviridae
NC_022978.1,Closteroviridae
NC_012910.1,Closteroviridae
NC_012909.1,Closteroviridae
NC_006062.1,Closteroviridae
NC_008585.1,Closteroviridae
NC_016417.1,Closteroviridae
NC_005895.2,Closteroviridae
NC_003617.1,Closteroviridae
NC_001836.1,Closteroviridae
NC_010561.1,Closteroviridae
NC_004123.1,Closteroviridae
NC_011702.1,Closteroviridae
NC_016081.1,Closteroviridae
NC_016416.1,Closteroviridae
NC_001661.1,Closteroviridae
NC_004809.1,Closteroviridae
NC_004724.1,Closteroviridae
NC_005065.1,Closteroviridae
NC_001598.1,Closteroviridae
NC_010560.1,Closteroviridae
NC_003618.1,Closteroviridae
NC_013258.1,Closteroviridae
NC_013259.1,Closteroviridae
NC_007448.1,Closteroviridae
NC_008366.1,Closteroviridae
NC_006963.2,Closteroviridae
NC_009992.1,Closteroviridae
NC_010178.1,Closteroviridae
NC_004667.1,Closteroviridae
NC_004124.1,Closteroviridae
NC_016509.1,Closteroviridae
NC_006962.2,Closteroviridae
NC_004810.1,Closteroviridae
NC_005210.2,Closteroviridae
NC_005209.2,Closteroviridae
NC_006061.1,Closteroviridae
NC_005896.2,Closteroviridae
NC_006944.1,Closteroviridae
NC_038419.1,Closteroviridae
NC_038420.1,Closteroviridae
NC_038421.1,Closteroviridae
NC_038786.1,Closteroviridae
NC_038787.1,Closteroviridae
NC_038788.1,Closteroviridae
NC_038789.1,Closteroviridae
NC_043105.1,Closteroviridae
NC_043106.1,Closteroviridae
NC_043107.1,Closteroviridae
NC_043417.1,Closteroviridae
NC_043453.1,Closteroviridae
NC_043221.1,Closteroviridae
NC_043222.1,Closteroviridae
NC_040570.1,Closteroviridae
NC_040582.1,Closteroviridae
NC_040722.1,Closteroviridae
NC_040572.1,Closteroviridae
NC_040834.1,Closteroviridae
NC_055482.1,Closteroviridae
NC_055177.1,Closteroviridae
NC_055599.1,Closteroviridae
NC_076503.1,Closteroviridae
NC_076495.1,Closteroviridae
NC_028806.1,Coronaviridae
NC_028824.1,Coronaviridae
NC_028814.1,Coronaviridae
NC_028833.1,Coronaviridae
NC_028811.1,Coronaviridae
NC_034972.1,Coronaviridae
NC_022103.1,Coronaviridae
NC_003436.1,Coronaviridae
NC_016994.1,Coronaviridae
NC_002306.3,Coronaviridae
NC_010437.1,Coronaviridae
NC_011549.1,Coronaviridae
NC_011550.1,Coronaviridae
NC_001451.1,Coronaviridae
NC_010646.1,Coronaviridae
NC_011547.1,Coronaviridae
NC_038861.1,Coronaviridae
NC_046955.1,Coronaviridae
NC_048213.1,Coronaviridae
NC_045512.2,Coronaviridae
NC_039207.1,Coronaviridae
NC_019843.3,Coronaviridae
NC_025217.1,Coronaviridae
NC_030886.1,Coronaviridae
NC_048217.1,Coronaviridae
NC_006213.1,Coronaviridae
NC_003045.1,Coronaviridae
AC_000192.1,Coronaviridae
NC_012936.1,Coronaviridae
NC_046954.1,Coronaviridae
NC_001846.1,Coronaviridae
NC_017083.1,Coronaviridae
NC_026011.1,Coronaviridae
NC_006577.2,Coronaviridae
NC_034440.1,Coronaviridae
NC_009019.1,Coronaviridae
NC_004718.3,Coronaviridae
NC_038294.1,Coronaviridae
NC_048212.1,Coronaviridae
NC_002645.1,Coronaviridae
NC_016991.1,Coronaviridae
NC_035191.1,Coronaviridae
NC_005831.2,Coronaviridae
NC_048214.1,Coronaviridae
NC_009988.1,Coronaviridae
NC_009657.1,Coronaviridae
NC_010438.1,Coronaviridae
NC_014470.1,Coronaviridae
NC_016996.1,Coronaviridae
NC_016993.1,Coronaviridae
NC_016995.1,Coronaviridae
NC_018871.1,Coronaviridae
NC_030292.1,Coronaviridae
NC_032730.1,Coronaviridae
NC_048211.1,Coronaviridae
NC_054003.1,Coronaviridae
NC_076684.1,Coronaviridae
NC_076685.1,Coronaviridae
NC_055953.1,Coronaviridae
NC_076629.1,Coronaviridae
NC_054015.1,Coronaviridae
NC_054004.1,Coronaviridae
NC_042121.1,Corticoviridae
NC_000867.1,Corticoviridae
NC_046961.1,Cremegaviridae
NC_076637.1,Cremegaviridae
NC_055886.1,Crevaviridae
NC_062779.1,Crevaviridae
NC_062777.1,Crevaviridae
NC_062780.1,Crevaviridae
NC_032143.1,Cruliviridae
NC_032145.1,Cruliviridae
NC_032144.1,Cruliviridae
NC_078286.1,Cruliviridae
NC_078287.1,Cruliviridae
NC_078288.1,Cruliviridae
NC_078280.1,Cruliviridae
NC_078281.1,Cruliviridae
NC_078282.1,Cruliviridae
NC_010986.1,Curvulaviridae
NC_013470.1,Curvulaviridae
NC_013471.1,Curvulaviridae
NC_010985.1,Curvulaviridae
NC_040768.1,Curvulaviridae
NC_040769.1,Curvulaviridae
NC_030888.1,Curvulaviridae
NC_030891.1,Curvulaviridae
NC_078463.1,Curvulaviridae
NC_078464.1,Curvulaviridae
NC_078461.1,Curvulaviridae
NC_078462.1,Curvulaviridae
NC_078468.1,Curvulaviridae
NC_078469.1,Curvulaviridae
NC_055942.1,Curvulaviridae
NC_078465.1,Curvulaviridae
NC_003300.1,Cystoviridae
NC_003299.1,Cystoviridae
NC_003301.1,Cystoviridae
NC_004173.1,Cystoviridae
NC_004175.1,Cystoviridae
NC_004172.1,Cystoviridae
NC_003714.1,Cystoviridae
NC_004171.1,Cystoviridae
NC_004174.1,Cystoviridae
NC_004170.1,Cystoviridae
NC_042068.1,Cystoviridae
NC_042069.1,Cystoviridae
NC_042070.1,Cystoviridae
NC_012091.2,Cystoviridae
NC_012092.1,Cystoviridae
NC_012093.1,Cystoviridae
NC_042071.1,Cystoviridae
NC_042072.1,Cystoviridae
NC_042073.1,Cystoviridae
NC_003715.1,Cystoviridae
NC_003716.1,Cystoviridae
NC_030654.1,Deltaflexiviridae
NC_038977.1,Deltaflexiviridae
NC_038979.1,Deltaflexiviridae
NC_040649.1,Deltaflexiviridae
NC_019529.1,Demerecviridae
NC_018837.1,Demerecviridae
NC_019919.2,Demerecviridae
NC_024139.1,Demerecviridae
NC_047749.1,Demerecviridae
NC_028754.1,Demerecviridae
NC_028895.1,Demerecviridae
NC_031042.1,Demerecviridae
NC_048785.1,Demerecviridae
NC_047754.1,Demerecviridae
NC_028840.1,Demerecviridae
NC_031933.1,Demerecviridae
NC_031902.1,Demerecviridae
NC_031022.1,Demerecviridae
NC_041899.1,Demerecviridae
NC_047859.1,Demerecviridae
NC_041913.1,Demerecviridae
NC_047881.1,Demerecviridae
NC_042074.1,Demerecviridae
NC_047882.1,Demerecviridae
NC_047835.1,Demerecviridae
NC_047884.1,Demerecviridae
NC_047885.1,Demerecviridae
NC_047999.1,Demerecviridae
NC_048000.1,Demerecviridae
NC_047887.1,Demerecviridae
NC_042090.1,Demerecviridae
NC_042093.1,Demerecviridae
NC_047949.1,Demerecviridae
NC_047950.1,Demerecviridae
NC_047979.1,Demerecviridae
NC_048627.1,Demerecviridae
NC_048005.1,Demerecviridae
NC_048006.1,Demerecviridae
NC_048007.1,Demerecviridae
NC_048013.1,Demerecviridae
NC_048008.1,Demerecviridae
NC_048009.1,Demerecviridae
NC_048010.1,Demerecviridae
NC_048011.1,Demerecviridae
NC_048012.1,Demerecviridae
NC_048041.1,Demerecviridae
NC_048086.1,Demerecviridae
NC_048062.1,Demerecviridae
NC_048203.1,Demerecviridae
NC_048205.1,Demerecviridae
NC_048089.1,Demerecviridae
NC_048110.1,Demerecviridae
NC_048151.1,Demerecviridae
NC_048149.1,Demerecviridae
NC_048145.1,Demerecviridae
NC_048748.1,Demerecviridae
NC_048760.1,Demerecviridae
NC_042094.1,Demerecviridae
NC_042095.1,Demerecviridae
NC_055794.1,Demerecviridae
NC_048795.1,Demerecviridae
NC_055801.1,Demerecviridae
NC_055800.1,Demerecviridae
NC_048781.1,Demerecviridae
NC_048786.1,Demerecviridae
NC_048808.1,Demerecviridae
NC_048811.1,Demerecviridae
NC_048809.1,Demerecviridae
NC_048819.1,Demerecviridae
NC_017969.1,Demerecviridae
NC_027356.1,Demerecviridae
NC_055830.1,Demerecviridae
NC_048852.1,Demerecviridae
NC_048872.1,Demerecviridae
NC_048870.1,Demerecviridae
NC_048866.1,Demerecviridae
NC_048867.1,Demerecviridae
NC_048869.1,Demerecviridae
NC_048865.1,Demerecviridae
NC_048871.1,Demerecviridae
NC_048868.1,Demerecviridae
NC_055829.1,Demerecviridae
NC_055848.1,Demerecviridae
NC_055851.1,Demerecviridae
NC_055849.1,Demerecviridae
NC_055850.1,Demerecviridae
NC_055847.1,Demerecviridae
NC_055910.1,Demerecviridae
NC_055913.1,Demerecviridae
NC_048818.1,Demerecviridae
NC_048794.1,Demerecviridae
NC_010583.1,Demerecviridae
NC_042564.1,Demerecviridae
NC_027297.1,Demerecviridae
NC_048853.1,Demerecviridae
NC_048855.1,Demerecviridae
NC_048856.1,Demerecviridae
NC_048857.1,Demerecviridae
NC_015269.1,Demerecviridae
NC_071038.1,Demerecviridae
NC_005859.1,Demerecviridae
NC_030115.1,Dicistroviridae
NC_029052.1,Dicistroviridae
NC_031687.1,Dicistroviridae
NC_031688.1,Dicistroviridae
NC_032115.1,Dicistroviridae
NC_032112.1,Dicistroviridae
NC_018570.2,Dicistroviridae
NC_034973.1,Dicistroviridae
NC_035115.1,Dicistroviridae
NC_035184.1,Dicistroviridae
NC_025219.1,Dicistroviridae
NC_023021.1,Dicistroviridae
NC_004807.1,Dicistroviridae
NC_003005.1,Dicistroviridae
NC_003924.1,Dicistroviridae
NC_003783.1,Dicistroviridae
NC_003784.1,Dicistroviridae
NC_003779.1,Dicistroviridae
NC_004365.1,Dicistroviridae
NC_009025.1,Dicistroviridae
NC_014793.1,Dicistroviridae
NC_003782.1,Dicistroviridae
NC_001834.1,Dicistroviridae
NC_001874.1,Dicistroviridae
NC_077016.1,Dicistroviridae
NC_078579.1,Discoviridae
NC_078580.1,Discoviridae
NC_078581.1,Discoviridae
NC_078602.1,Discoviridae
NC_078603.1,Discoviridae
NC_078604.1,Discoviridae
NC_078632.1,Discoviridae
NC_078633.1,Discoviridae
NC_078634.1,Discoviridae
NC_078635.1,Discoviridae
NC_078636.1,Discoviridae
NC_078637.1,Discoviridae
NC_078856.1,Discoviridae
NC_078857.1,Discoviridae
NC_078858.1,Discoviridae
NC_023743.1,Drexlerviridae
NC_029099.1,Drexlerviridae
NC_019404.1,Drexlerviridae
NC_019718.1,Drexlerviridae
NC_019725.1,Drexlerviridae
NC_024793.1,Drexlerviridae
NC_024784.1,Drexlerviridae
NC_024789.1,Drexlerviridae
NC_024210.1,Drexlerviridae
NC_026010.1,Drexlerviridae
NC_028786.1,Drexlerviridae
NC_028760.1,Drexlerviridae
NC_029071.1,Drexlerviridae
NC_031053.1,Drexlerviridae
NC_028774.1,Drexlerviridae
NC_041873.1,Drexlerviridae
NC_041874.1,Drexlerviridae
NC_031026.1,Drexlerviridae
NC_031050.1,Drexlerviridae
NC_047784.1,Drexlerviridae
NC_047785.1,Drexlerviridae
NC_047810.1,Drexlerviridae
NC_047812.1,Drexlerviridae
NC_047825.1,Drexlerviridae
NC_047828.1,Drexlerviridae
NC_041995.1,Drexlerviridae
NC_047841.1,Drexlerviridae
NC_047847.1,Drexlerviridae
NC_047998.1,Drexlerviridae
NC_047848.1,Drexlerviridae
NC_048132.1,Drexlerviridae
NC_047850.1,Drexlerviridae
NC_047863.1,Drexlerviridae
NC_047893.1,Drexlerviridae
NC_047898.1,Drexlerviridae
NC_047907.1,Drexlerviridae
NC_042122.1,Drexlerviridae
NC_049843.1,Drexlerviridae
NC_047947.1,Drexlerviridae
NC_047959.1,Drexlerviridae
NC_047996.1,Drexlerviridae
NC_047985.1,Drexlerviridae
NC_047823.1,Drexlerviridae
NC_048024.1,Drexlerviridae
NC_048126.1,Drexlerviridae
NC_048044.1,Drexlerviridae
NC_048043.1,Drexlerviridae
NC_048042.1,Drexlerviridae
NC_048065.1,Drexlerviridae
NC_048162.1,Drexlerviridae
NC_048204.1,Drexlerviridae
NC_048206.1,Drexlerviridae
NC_005833.1,Drexlerviridae
NC_048088.1,Drexlerviridae
NC_047960.1,Drexlerviridae
NC_047820.1,Drexlerviridae
NC_048202.1,Drexlerviridae
NC_047938.1,Drexlerviridae
NC_021331.1,Drexlerviridae
NC_048137.1,Drexlerviridae
NC_048143.1,Drexlerviridae
NC_048208.1,Drexlerviridae
NC_049822.1,Drexlerviridae
NC_049840.1,Drexlerviridae
NC_054893.1,Drexlerviridae
NC_049813.1,Drexlerviridae
NC_049846.1,Drexlerviridae
NC_049847.1,Drexlerviridae
NC_049841.1,Drexlerviridae
NC_049839.1,Drexlerviridae
NC_054895.1,Drexlerviridae
NC_054894.1,Drexlerviridae
NC_049814.1,Drexlerviridae
NC_049835.1,Drexlerviridae
NC_049837.1,Drexlerviridae
NC_049836.1,Drexlerviridae
NC_049833.1,Drexlerviridae
NC_049834.1,Drexlerviridae
NC_054892.1,Drexlerviridae
NC_049853.1,Drexlerviridae
NC_049838.1,Drexlerviridae
NC_049848.1,Drexlerviridae
NC_049842.1,Drexlerviridae
NC_049845.1,Drexlerviridae
NC_049829.1,Drexlerviridae
NC_049826.1,Drexlerviridae
NC_049819.1,Drexlerviridae
NC_049827.1,Drexlerviridae
NC_049852.1,Drexlerviridae
NC_049825.1,Drexlerviridae
NC_049828.1,Drexlerviridae
NC_049823.1,Drexlerviridae
NC_054896.1,Drexlerviridae
NC_049818.1,Drexlerviridae
NC_049815.1,Drexlerviridae
NC_049817.1,Drexlerviridae
NC_049816.1,Drexlerviridae
NC_049824.1,Drexlerviridae
NC_049832.1,Drexlerviridae
NC_049821.1,Drexlerviridae
NC_049830.1,Drexlerviridae
NC_055956.1,Drexlerviridae
NC_049820.1,Drexlerviridae
NC_049831.1,Drexlerviridae
NC_054897.1,Drexlerviridae
NC_027350.1,Drexlerviridae
NC_043469.1,Drexlerviridae
NC_007291.1,Drexlerviridae
NC_009540.1,Drexlerviridae
NC_015456.1,Drexlerviridae
NC_019509.1,Drexlerviridae
NC_042066.1,Drexlerviridae
NC_007603.1,Drexlerviridae
NC_054898.2,Drexlerviridae
NC_020158.1,Druskaviridae
NC_021330.1,Druskaviridae
NC_021327.1,Druskaviridae
NC_002700.2,Duinviridae
NC_073857.1,Duinviridae
NC_073853.1,Duinviridae
NC_073856.1,Duinviridae
NC_073855.1,Duinviridae
NC_073854.1,Duinviridae
NC_031911.1,Duneviridae
NC_031926.1,Duneviridae
NC_048834.1,Duneviridae
NC_062749.1,Duneviridae
NC_027920.1,Endornaviridae
NC_028949.1,Endornaviridae
NC_029095.1,Endornaviridae
NC_029064.1,Endornaviridae
NC_034216.1,Endornaviridae
NC_031449.1,Endornaviridae
NC_031461.1,Endornaviridae
NC_031463.1,Endornaviridae
NC_031462.1,Endornaviridae
NC_031752.1,Endornaviridae
NC_023641.1,Endornaviridae
NC_023893.1,Endornaviridae
NC_019493.1,Endornaviridae
NC_024455.1,Endornaviridae
NC_026136.1,Endornaviridae
NC_007648.1,Endornaviridae
NC_013447.1,Endornaviridae
NC_014904.1,Endornaviridae
NC_007647.1,Endornaviridae
NC_007649.1,Endornaviridae
NC_016648.1,Endornaviridae
NC_039216.1,Endornaviridae
NC_022619.1,Endornaviridae
NC_038422.1,Endornaviridae
NC_039217.1,Endornaviridae
NC_043109.1,Endornaviridae
NC_040588.1,Endornaviridae
NC_040609.1,Endornaviridae
NC_040799.1,Endornaviridae
NC_040558.1,Endornaviridae
NC_040825.1,Endornaviridae
NC_055462.1,Endornaviridae
NC_055468.1,Endornaviridae
NC_028902.1,Fiersviridae
NC_019707.1,Fiersviridae
NC_019922.1,Fiersviridae
NC_019920.1,Fiersviridae
NC_004301.1,Fiersviridae
NC_008294.1,Fiersviridae
NC_055056.1,Fiersviridae
NC_001426.1,Fiersviridae
NC_001417.2,Fiersviridae
NC_055057.1,Fiersviridae
NC_055058.1,Fiersviridae
NC_001890.1,Fiersviridae
NC_074553.1,Fiersviridae
NC_074071.1,Fiersviridae
NC_074040.1,Fiersviridae
NC_073905.1,Fiersviridae
NC_073928.1,Fiersviridae
NC_073941.1,Fiersviridae
NC_073943.1,Fiersviridae
NC_073926.1,Fiersviridae
NC_074058.1,Fiersviridae
NC_074134.1,Fiersviridae
NC_073859.1,Fiersviridae
NC_073940.1,Fiersviridae
NC_073997.1,Fiersviridae
NC_073981.1,Fiersviridae
NC_073892.1,Fiersviridae
NC_073968.1,Fiersviridae
NC_074110.1,Fiersviridae
NC_073998.1,Fiersviridae
NC_074115.1,Fiersviridae
NC_074122.1,Fiersviridae
NC_073867.1,Fiersviridae
NC_074082.1,Fiersviridae
NC_074072.1,Fiersviridae
NC_074001.1,Fiersviridae
NC_074129.1,Fiersviridae
NC_073894.1,Fiersviridae
NC_074074.1,Fiersviridae
NC_074073.1,Fiersviridae
NC_073988.1,Fiersviridae
NC_073863.1,Fiersviridae
NC_073917.1,Fiersviridae
NC_074002.1,Fiersviridae
NC_074069.1,Fiersviridae
NC_074081.1,Fiersviridae
NC_074044.1,Fiersviridae
NC_074116.1,Fiersviridae
NC_074054.1,Fiersviridae
NC_073872.1,Fiersviridae
NC_074015.1,Fiersviridae
NC_073860.1,Fiersviridae
NC_073900.1,Fiersviridae
NC_073916.1,Fiersviridae
NC_073950.1,Fiersviridae
NC_074090.1,Fiersviridae
NC_073953.1,Fiersviridae
NC_074144.1,Fiersviridae
NC_073896.1,Fiersviridae
NC_074065.1,Fiersviridae
NC_074032.1,Fiersviridae
NC_074130.1,Fiersviridae
NC_074084.1,Fiersviridae
NC_073937.1,Fiersviridae
NC_074043.1,Fiersviridae
NC_073918.1,Fiersviridae
NC_074016.1,Fiersviridae
NC_074083.1,Fiersviridae
NC_073987.1,Fiersviridae
NC_074026.1,Fiersviridae
NC_074017.1,Fiersviridae
NC_073989.1,Fiersviridae
NC_074033.1,Fiersviridae
NC_074045.1,Fiersviridae
NC_073919.1,Fiersviridae
NC_073920.1,Fiersviridae
NC_073865.1,Fiersviridae
NC_073956.1,Fiersviridae
NC_074055.1,Fiersviridae
NC_073990.1,Fiersviridae
NC_073899.1,Fiersviridae
NC_073906.1,Fiersviridae
NC_074046.1,Fiersviridae
NC_073921.1,Fiersviridae
NC_074075.1,Fiersviridae
NC_074047.1,Fiersviridae
NC_074106.1,Fiersviridae
NC_074107.1,Fiersviridae
NC_074076.1,Fiersviridae
NC_074085.1,Fiersviridae
NC_074114.1,Fiersviridae
NC_074132.1,Fiersviridae
NC_073907.1,Fiersviridae
NC_074006.1,Fiersviridae
NC_073994.1,Fiersviridae
NC_074008.1,Fiersviridae
NC_073866.1,Fiersviridae
NC_073934.1,Fiersviridae
NC_073861.1,Fiersviridae
NC_074077.1,Fiersviridae
NC_074079.1,Fiersviridae
NC_074056.1,Fiersviridae
NC_074042.1,Fiersviridae
NC_074131.1,Fiersviridae
NC_074057.1,Fiersviridae
NC_073898.1,Fiersviridae
NC_073923.1,Fiersviridae
NC_073922.1,Fiersviridae
NC_073909.1,Fiersviridae
NC_073938.1,Fiersviridae
NC_074048.1,Fiersviridae
NC_074053.1,Fiersviridae
NC_073885.1,Fiersviridae
NC_073952.1,Fiersviridae
NC_073930.1,Fiersviridae
NC_074137.1,Fiersviridae
NC_074086.1,Fiersviridae
NC_074036.1,Fiersviridae
NC_074095.1,Fiersviridae
NC_074050.1,Fiersviridae
NC_074030.1,Fiersviridae
NC_073948.1,Fiersviridae
NC_074119.1,Fiersviridae
NC_074031.1,Fiersviridae
NC_073871.1,Fiersviridae
NC_073970.1,Fiersviridae
NC_073996.1,Fiersviridae
NC_073901.1,Fiersviridae
NC_073932.1,Fiersviridae
NC_074112.1,Fiersviridae
NC_074562.1,Fiersviridae
NC_073945.1,Fiersviridae
NC_073993.1,Fiersviridae
NC_073985.1,Fiersviridae
NC_074011.1,Fiersviridae
NC_074133.1,Fiersviridae
NC_073931.1,Fiersviridae
NC_073910.1,Fiersviridae
NC_073983.1,Fiersviridae
NC_073897.1,Fiersviridae
NC_073915.1,Fiersviridae
NC_074059.1,Fiersviridae
NC_074117.1,Fiersviridae
NC_074125.1,Fiersviridae
NC_074061.1,Fiersviridae
NC_073980.1,Fiersviridae
NC_074051.1,Fiersviridae
NC_074022.1,Fiersviridae
NC_074141.1,Fiersviridae
NC_074062.1,Fiersviridae
NC_074093.1,Fiersviridae
NC_073868.1,Fiersviridae
NC_074049.1,Fiersviridae
NC_074028.1,Fiersviridae
NC_073877.1,Fiersviridae
NC_073887.1,Fiersviridae
NC_073876.1,Fiersviridae
NC_073972.1,Fiersviridae
NC_074102.1,Fiersviridae
NC_073966.1,Fiersviridae
NC_074087.1,Fiersviridae
NC_073886.1,Fiersviridae
NC_074003.1,Fiersviridae
NC_074070.1,Fiersviridae
NC_074000.1,Fiersviridae
NC_073949.1,Fiersviridae
NC_074127.1,Fiersviridae
NC_073944.1,Fiersviridae
NC_074068.1,Fiersviridae
NC_073881.1,Fiersviridae
NC_074091.1,Fiersviridae
NC_073904.1,Fiersviridae
NC_073999.1,Fiersviridae
NC_073976.1,Fiersviridae
NC_074118.1,Fiersviridae
NC_074136.1,Fiersviridae
NC_074088.1,Fiersviridae
NC_074126.1,Fiersviridae
NC_074052.1,Fiersviridae
NC_074096.1,Fiersviridae
NC_073991.1,Fiersviridae
NC_073982.1,Fiersviridae
NC_073869.1,Fiersviridae
NC_073946.1,Fiersviridae
NC_074135.1,Fiersviridae
NC_073873.1,Fiersviridae
NC_073995.1,Fiersviridae
NC_073935.1,Fiersviridae
NC_073880.1,Fiersviridae
NC_073986.1,Fiersviridae
NC_073969.1,Fiersviridae
NC_074103.1,Fiersviridae
NC_073882.1,Fiersviridae
NC_073895.1,Fiersviridae
NC_073883.1,Fiersviridae
NC_073947.1,Fiersviridae
NC_073971.1,Fiersviridae
NC_074060.1,Fiersviridae
NC_073979.1,Fiersviridae
NC_074099.1,Fiersviridae
NC_073912.1,Fiersviridae
NC_073884.1,Fiersviridae
NC_073973.1,Fiersviridae
NC_073957.1,Fiersviridae
NC_073958.1,Fiersviridae
NC_074021.1,Fiersviridae
NC_074020.1,Fiersviridae
NC_073888.1,Fiersviridae
NC_073889.1,Fiersviridae
NC_073890.1,Fiersviridae
NC_074034.1,Fiersviridae
NC_074100.1,Fiersviridae
NC_074023.1,Fiersviridae
NC_073977.1,Fiersviridae
NC_073984.1,Fiersviridae
NC_073927.1,Fiersviridae
NC_074014.1,Fiersviridae
NC_074004.1,Fiersviridae
NC_074024.1,Fiersviridae
NC_073978.1,Fiersviridae
NC_073962.1,Fiersviridae
NC_074025.1,Fiersviridae
NC_074101.1,Fiersviridae
NC_074113.1,Fiersviridae
NC_074063.1,Fiersviridae
NC_074097.1,Fiersviridae
NC_073955.1,Fiersviridae
NC_074037.1,Fiersviridae
NC_074080.1,Fiersviridae
NC_073975.1,Fiersviridae
NC_073929.1,Fiersviridae
NC_073914.1,Fiersviridae
NC_074012.1,Fiersviridae
NC_073891.1,Fiersviridae
NC_074041.1,Fiersviridae
NC_074039.1,Fiersviridae
NC_073902.1,Fiersviridae
NC_073903.1,Fiersviridae
NC_073875.1,Fiersviridae
NC_074109.1,Fiersviridae
NC_074089.1,Fiersviridae
NC_073913.1,Fiersviridae
NC_073858.1,Fiersviridae
NC_073961.1,Fiersviridae
NC_074005.1,Fiersviridae
NC_074009.1,Fiersviridae
NC_074104.1,Fiersviridae
NC_073874.1,Fiersviridae
NC_073911.1,Fiersviridae
NC_074092.1,Fiersviridae
NC_074098.1,Fiersviridae
NC_073879.1,Fiersviridae
NC_074121.1,Fiersviridae
NC_074111.1,Fiersviridae
NC_074128.1,Fiersviridae
NC_074105.1,Fiersviridae
NC_073878.1,Fiersviridae
NC_074142.1,Fiersviridae
NC_074029.1,Fiersviridae
NC_074035.1,Fiersviridae
NC_073954.1,Fiersviridae
NC_074010.1,Fiersviridae
NC_073933.1,Fiersviridae
NC_073862.1,Fiersviridae
NC_074123.1,Fiersviridae
NC_073974.1,Fiersviridae
NC_074038.1,Fiersviridae
NC_073942.1,Fiersviridae
NC_073992.1,Fiersviridae
NC_073963.1,Fiersviridae
NC_073959.1,Fiersviridae
NC_074138.1,Fiersviridae
NC_074140.1,Fiersviridae
NC_073967.1,Fiersviridae
NC_074143.1,Fiersviridae
NC_074094.1,Fiersviridae
NC_074013.1,Fiersviridae
NC_074120.1,Fiersviridae
NC_073964.1,Fiersviridae
NC_074064.1,Fiersviridae
NC_074139.1,Fiersviridae
NC_073965.1,Fiersviridae
NC_074078.1,Fiersviridae
NC_074124.1,Fiersviridae
NC_073870.1,Fiersviridae
NC_073960.1,Fiersviridae
NC_073951.1,Fiersviridae
NC_073939.1,Fiersviridae
NC_073864.1,Fiersviridae
NC_074067.1,Fiersviridae
NC_074108.1,Fiersviridae
NC_073924.1,Fiersviridae
NC_074018.1,Fiersviridae
NC_074066.1,Fiersviridae
NC_074007.1,Fiersviridae
NC_074019.1,Fiersviridae
NC_073893.1,Fiersviridae
NC_073925.1,Fiersviridae
NC_074027.1,Fiersviridae
NC_073908.1,Fiersviridae
NC_073936.1,Fiersviridae
NC_001608.3,Filoviridae
NC_004161.1,Filoviridae
NC_016144.1,Filoviridae
NC_024781.1,Filoviridae
NC_006432.1,Filoviridae
NC_002549.1,Filoviridae
NC_014372.1,Filoviridae
NC_039345.1,Filoviridae
NC_014373.1,Filoviridae
NC_055175.1,Filoviridae
NC_055176.1,Filoviridae
NC_055510.1,Filoviridae
NC_076734.1,Filoviridae
NC_076735.1,Filoviridae
NC_076535.1,Filoviridae
NC_029549.1,Fimoviridae
NC_029550.1,Fimoviridae
NC_029551.1,Fimoviridae
NC_029552.1,Fimoviridae
NC_029553.1,Fimoviridae
NC_029570.1,Fimoviridae
NC_029554.1,Fimoviridae
NC_029555.1,Fimoviridae
NC_029558.1,Fimoviridae
NC_029559.1,Fimoviridae
NC_029560.1,Fimoviridae
NC_029561.1,Fimoviridae
NC_029571.1,Fimoviridae
NC_029572.1,Fimoviridae
NC_029573.1,Fimoviridae
NC_029567.1,Fimoviridae
NC_029562.1,Fimoviridae
NC_029568.1,Fimoviridae
NC_029563.1,Fimoviridae
NC_029564.1,Fimoviridae
NC_029565.1,Fimoviridae
NC_029566.1,Fimoviridae
NC_029556.1,Fimoviridae
NC_029557.1,Fimoviridae
NC_029569.1,Fimoviridae
NC_029574.1,Fimoviridae
NC_029575.1,Fimoviridae
NC_030658.1,Fimoviridae
NC_030659.1,Fimoviridae
NC_030660.1,Fimoviridae
NC_030661.1,Fimoviridae
NC_030662.1,Fimoviridae
NC_030663.1,Fimoviridae
NC_015299.1,Fimoviridae
NC_015301.1,Fimoviridae
NC_015300.1,Fimoviridae
NC_034979.1,Fimoviridae
NC_034980.1,Fimoviridae
NC_034981.1,Fimoviridae
NC_015298.1,Fimoviridae
NC_013105.1,Fimoviridae
NC_013106.1,Fimoviridae
NC_013108.1,Fimoviridae
NC_013107.1,Fimoviridae
NC_038769.1,Fimoviridae
NC_038770.1,Fimoviridae
NC_038771.1,Fimoviridae
NC_038772.1,Fimoviridae
NC_038773.1,Fimoviridae
NC_038852.1,Fimoviridae
NC_038853.1,Fimoviridae
NC_038854.1,Fimoviridae
NC_038855.1,Fimoviridae
NC_038856.1,Fimoviridae
NC_055641.1,Fimoviridae
NC_055642.1,Fimoviridae
NC_055643.1,Fimoviridae
NC_055644.1,Fimoviridae
NC_055646.1,Fimoviridae
NC_055647.1,Fimoviridae
NC_055648.1,Fimoviridae
NC_055649.1,Fimoviridae
NC_055650.1,Fimoviridae
NC_055651.1,Fimoviridae
NC_078374.1,Fimoviridae
NC_078375.1,Fimoviridae
NC_078376.1,Fimoviridae
NC_078377.1,Fimoviridae
NC_078364.1,Fimoviridae
NC_078365.1,Fimoviridae
NC_078366.1,Fimoviridae
NC_078367.1,Fimoviridae
NC_078368.1,Fimoviridae
NC_078369.1,Fimoviridae
NC_078370.1,Fimoviridae
NC_078371.1,Fimoviridae
NC_078372.1,Fimoviridae
NC_078373.1,Fimoviridae
NC_078016.1,Fimoviridae
NC_078017.1,Fimoviridae
NC_078018.1,Fimoviridae
NC_078019.1,Fimoviridae
NC_078020.1,Fimoviridae
NC_078021.1,Fimoviridae
NC_078022.1,Fimoviridae
NC_078023.1,Fimoviridae
NC_078386.1,Fimoviridae
NC_078387.1,Fimoviridae
NC_078388.1,Fimoviridae
NC_078389.1,Fimoviridae
NC_078390.1,Fimoviridae
NC_078391.1,Fimoviridae
NC_078396.1,Fimoviridae
NC_078397.1,Fimoviridae
NC_078398.1,Fimoviridae
NC_078399.1,Fimoviridae
NC_078400.1,Fimoviridae
NC_078441.1,Fimoviridae
NC_078442.1,Fimoviridae
NC_078443.1,Fimoviridae
NC_078444.1,Fimoviridae
NC_078445.1,Fimoviridae
NC_078851.1,Fimoviridae
NC_078852.1,Fimoviridae
NC_078853.1,Fimoviridae
NC_078854.1,Fimoviridae
NC_078855.1,Fimoviridae
NC_078663.1,Fimoviridae
NC_078664.1,Fimoviridae
NC_078665.1,Fimoviridae
NC_078666.1,Fimoviridae
NC_078667.1,Fimoviridae
NC_078668.1,Fimoviridae
NC_078669.1,Fimoviridae
NC_078675.1,Fimoviridae
NC_078676.1,Fimoviridae
NC_078677.1,Fimoviridae
NC_078678.1,Fimoviridae
NC_078679.1,Fimoviridae
NC_078680.1,Fimoviridae
NC_079088.1,Fimoviridae
NC_079089.1,Fimoviridae
NC_079090.1,Fimoviridae
NC_079091.1,Fimoviridae
NC_079093.1,Fimoviridae
NC_079094.1,Fimoviridae
NC_079095.1,Fimoviridae
NC_079096.1,Fimoviridae
NC_079097.1,Fimoviridae
NC_079062.1,Fimoviridae
NC_079063.1,Fimoviridae
NC_079064.1,Fimoviridae
NC_079065.1,Fimoviridae
NC_079066.1,Fimoviridae
NC_078032.1,Fimoviridae
NC_078033.1,Fimoviridae
NC_078034.1,Fimoviridae
NC_078035.1,Fimoviridae
NC_078036.1,Fimoviridae
NC_078846.1,Fimoviridae
NC_078847.1,Fimoviridae
NC_078849.1,Fimoviridae
NC_078850.1,Fimoviridae
NC_078411.1,Fimoviridae
NC_078412.1,Fimoviridae
NC_078413.1,Fimoviridae
NC_078414.1,Fimoviridae
NC_078415.1,Fimoviridae
NC_078416.1,Fimoviridae
NC_078417.1,Fimoviridae
NC_078418.1,Fimoviridae
NC_078419.1,Fimoviridae
NC_078428.1,Fimoviridae
NC_078429.1,Fimoviridae
NC_078430.1,Fimoviridae
NC_078431.1,Fimoviridae
NC_030291.1,Flaviviridae
NC_030290.1,Flaviviridae
NC_027998.2,Flaviviridae
NC_028377.1,Flaviviridae
NC_028137.1,Flaviviridae
NC_033725.1,Flaviviridae
NC_034017.1,Flaviviridae
NC_034222.1,Flaviviridae
NC_034223.1,Flaviviridae
NC_034224.1,Flaviviridae
NC_034225.1,Flaviviridae
NC_030400.1,Flaviviridae
NC_030653.1,Flaviviridae
NC_031327.1,Flaviviridae
NC_034442.1,Flaviviridae
NC_035071.1,Flaviviridae
NC_035118.1,Flaviviridae
NC_035432.1,Flaviviridae
NC_018713.1,Flaviviridae
NC_024017.1,Flaviviridae
NC_024077.1,Flaviviridae
NC_024111.1,Flaviviridae
NC_024113.1,Flaviviridae
NC_024114.1,Flaviviridae
NC_024112.1,Flaviviridae
NC_024377.1,Flaviviridae
NC_021154.1,Flaviviridae
NC_024805.1,Flaviviridae
NC_023176.1,Flaviviridae
NC_003678.1,Flaviviridae
NC_015843.2,Flaviviridae
NC_002657.1,Flaviviridae
NC_001564.2,Flaviviridae
NC_001461.1,Flaviviridae
NC_005039.1,Flaviviridae
NC_003679.1,Flaviviridae
NC_038433.1,Flaviviridae
NC_038434.1,Flaviviridae
NC_038435.1,Flaviviridae
NC_038436.1,Flaviviridae
NC_038437.1,Flaviviridae
NC_038912.1,Flaviviridae
NC_038964.1,Flaviviridae
NC_039237.1,Flaviviridae
NC_034204.1,Flaviviridae
NC_001477.1,Flaviviridae
NC_009823.1,Flaviviridae
NC_009827.1,Flaviviridae
NC_038429.1,Flaviviridae
NC_000943.1,Flaviviridae
NC_001655.1,Flaviviridae
NC_001672.1,Flaviviridae
NC_001809.1,Flaviviridae
NC_002031.1,Flaviviridae
NC_003635.1,Flaviviridae
NC_003687.1,Flaviviridae
NC_003690.1,Flaviviridae
NC_004119.1,Flaviviridae
NC_005062.1,Flaviviridae
NC_008718.1,Flaviviridae
NC_008719.1,Flaviviridae
NC_023424.1,Flaviviridae
NC_023439.1,Flaviviridae
NC_026620.1,Flaviviridae
NC_026624.1,Flaviviridae
NC_027709.1,Flaviviridae
NC_027999.1,Flaviviridae
NC_029054.2,Flaviviridae
NC_030289.1,Flaviviridae
NC_033693.1,Flaviviridae
NC_033694.1,Flaviviridae
NC_033697.1,Flaviviridae
NC_033698.1,Flaviviridae
NC_033699.1,Flaviviridae
NC_033721.1,Flaviviridae
NC_005064.1,Flaviviridae
NC_006551.1,Flaviviridae
NC_008604.2,Flaviviridae
NC_009029.2,Flaviviridae
NC_012671.1,Flaviviridae
NC_012932.1,Flaviviridae
NC_016997.1,Flaviviridae
NC_017086.1,Flaviviridae
NC_018705.3,Flaviviridae
NC_026623.1,Flaviviridae
NC_027817.1,Flaviviridae
NC_027819.1,Flaviviridae
NC_030401.1,Flaviviridae
NC_032088.1,Flaviviridae
NC_033723.1,Flaviviridae
NC_033724.1,Flaviviridae
NC_033726.1,Flaviviridae
NC_034018.1,Flaviviridae
NC_034151.1,Flaviviridae
NC_034242.1,Flaviviridae
NC_035889.1,Flaviviridae
NC_039218.1,Flaviviridae
NC_039219.1,Flaviviridae
NC_040776.1,Flaviviridae
NC_040682.1,Flaviviridae
NC_040610.1,Flaviviridae
NC_040788.1,Flaviviridae
NC_012533.1,Flaviviridae
NC_012534.1,Flaviviridae
NC_012735.1,Flaviviridae
NC_024018.2,Flaviviridae
NC_024889.1,Flaviviridae
NC_038425.1,Flaviviridae
NC_038431.1,Flaviviridae
NC_043111.1,Flaviviridae
NC_043112.1,Flaviviridae
NC_043113.1,Flaviviridae
NC_043114.1,Flaviviridae
NC_043115.1,Flaviviridae
NC_043116.1,Flaviviridae
NC_043117.1,Flaviviridae
NC_043118.1,Flaviviridae
NC_001474.2,Flaviviridae
NC_001475.2,Flaviviridae
NC_002640.1,Flaviviridae
NC_004102.1,Flaviviridae
NC_025672.1,Flaviviridae
NC_031916.1,Flaviviridae
NC_038426.1,Flaviviridae
NC_038428.1,Flaviviridae
NC_038430.1,Flaviviridae
NC_038432.1,Flaviviridae
NC_001563.2,Flaviviridae
NC_009942.1,Flaviviridae
NC_012532.1,Flaviviridae
NC_029055.1,Flaviviridae
NC_031950.1,Flaviviridae
NC_021153.1,Flaviviridae
NC_031947.1,Flaviviridae
NC_040589.1,Flaviviridae
NC_040555.1,Flaviviridae
NC_043110.1,Flaviviridae
NC_038882.1,Flaviviridae
NC_076029.1,Flaviviridae
NC_077023.1,Flaviviridae
NC_076032.1,Flaviviridae
NC_074778.1,Flaviviridae
NC_074777.1,Flaviviridae
NC_074786.1,Flaviviridae
NC_077000.1,Flaviviridae
NC_077001.1,Flaviviridae
NC_077015.1,Flaviviridae
NC_077026.1,Flaviviridae
NC_077024.1,Flaviviridae
NC_062745.1,Forsetiviridae
NC_062746.1,Forsetiviridae
NC_005884.1,Fredfastierviridae
NC_055711.1,Fredfastierviridae
NC_007807.1,Fredfastierviridae
NC_027208.1,Fusariviridae
NC_028470.1,Fusariviridae
NC_028467.1,Fusariviridae
NC_030868.1,Fusariviridae
NC_031960.1,Fusariviridae
NC_037660.1,Fusariviridae
NC_024699.1,Fusariviridae
NC_006937.2,Fusariviridae
NC_037662.1,Fusariviridae
NC_037661.1,Fusariviridae
NC_040529.1,Fusariviridae
NC_040791.1,Fusariviridae
NC_029056.1,Fusariviridae
NC_076583.1,Fusariviridae
NC_076594.1,Fusariviridae
NC_076598.1,Fusariviridae
NC_076639.1,Fusariviridae
NC_076640.1,Fusariviridae
NC_076664.1,Fusariviridae
NC_076665.1,Fusariviridae
NC_076666.1,Fusariviridae
NC_076667.1,Fusariviridae
NC_076668.1,Fusariviridae
NC_076689.1,Fusariviridae
NC_076688.1,Fusariviridae
NC_076690.1,Fusariviridae
NC_076820.1,Fusariviridae
NC_076821.1,Fusariviridae
NC_076823.1,Fusariviridae
NC_076609.1,Fusariviridae
NC_076882.1,Fusariviridae
NC_076848.1,Fusariviridae
NC_076849.1,Fusariviridae
NC_076850.1,Fusariviridae
NC_076851.1,Fusariviridae
NC_076612.1,Fusariviridae
NC_076860.1,Fusariviridae
NC_001338.1,Fuselloviridae
NC_005361.1,Fuselloviridae
NC_005360.1,Fuselloviridae
NC_009986.1,Fuselloviridae
NC_011217.1,Fuselloviridae
NC_013587.1,Fuselloviridae
NC_013588.1,Fuselloviridae
NC_013585.1,Fuselloviridae
NC_020882.1,Fuselloviridae
NC_005265.1,Fuselloviridae
NC_002604.1,Gammaflexiviridae
NC_076615.1,Gammaflexiviridae
NC_076616.1,Gammaflexiviridae
NC_076696.1,Gammaflexiviridae
NC_029648.1,Geminiviridae
NC_017987.1,Geminiviridae
NC_017917.1,Geminiviridae
NC_017913.1,Geminiviridae
NC_011348.1,Geminiviridae
NC_029803.1,Geminiviridae
NC_029804.1,Geminiviridae
NC_029994.1,Geminiviridae
NC_029995.1,Geminiviridae
NC_035887.1,Geminiviridae
NC_035888.1,Geminiviridae
NC_018090.1,Geminiviridae
NC_030238.1,Geminiviridae
NC_027040.1,Geminiviridae
NC_023312.1,Geminiviridae
NC_027215.1,Geminiviridae
NC_027714.1,Geminiviridae
NC_028046.1,Geminiviridae
NC_028124.1,Geminiviridae
NC_028114.1,Geminiviridae
NC_028142.1,Geminiviridae
NC_028143.1,Geminiviridae
NC_028141.1,Geminiviridae
NC_028140.1,Geminiviridae
NC_028138.1,Geminiviridae
NC_004732.1,Geminiviridae
NC_028262.1,Geminiviridae
NC_028989.1,Geminiviridae
NC_028985.1,Geminiviridae
NC_029117.1,Geminiviridae
NC_029105.1,Geminiviridae
NC_037611.1,Geminiviridae
NC_033779.1,Geminiviridae
NC_018151.1,Geminiviridae
NC_018456.1,Geminiviridae
NC_018457.1,Geminiviridae
NC_030310.1,Geminiviridae
NC_030699.1,Geminiviridae
NC_030749.1,Geminiviridae
NC_030748.1,Geminiviridae
NC_031306.1,Geminiviridae
NC_031340.1,Geminiviridae
NC_031448.1,Geminiviridae
NC_031453.1,Geminiviridae
NC_031451.1,Geminiviridae
NC_031458.1,Geminiviridae
NC_031459.1,Geminiviridae
NC_031454.1,Geminiviridae
NC_031455.1,Geminiviridae
NC_031456.1,Geminiviridae
NC_031457.1,Geminiviridae
NC_031452.1,Geminiviridae
NC_031466.1,Geminiviridae
NC_031754.1,Geminiviridae
NC_031760.1,Geminiviridae
NC_031764.1,Geminiviridae
NC_031765.1,Geminiviridae
NC_032004.1,Geminiviridae
NC_031961.1,Geminiviridae
NC_032006.1,Geminiviridae
NC_032118.1,Geminiviridae
NC_033334.1,Geminiviridae
NC_033554.1,Geminiviridae
NC_036591.1,Geminiviridae
NC_018530.1,Geminiviridae
NC_018577.1,Geminiviridae
NC_018578.1,Geminiviridae
NC_018576.1,Geminiviridae
NC_018579.1,Geminiviridae
NC_037063.1,Geminiviridae
NC_037065.1,Geminiviridae
NC_037068.1,Geminiviridae
NC_037066.1,Geminiviridae
NC_034629.1,Geminiviridae
NC_034630.1,Geminiviridae
NC_035179.1,Geminiviridae
NC_035676.1,Geminiviridae
NC_035480.1,Geminiviridae
NC_035481.1,Geminiviridae
NC_035487.1,Geminiviridae
NC_035488.1,Geminiviridae
NC_035473.1,Geminiviridae
NC_018716.1,Geminiviridae
NC_018718.1,Geminiviridae
NC_018715.1,Geminiviridae
NC_018717.1,Geminiviridae
NC_019024.1,Geminiviridae
NC_019036.1,Geminiviridae
NC_019035.1,Geminiviridae
NC_037305.1,Geminiviridae
NC_037306.1,Geminiviridae
NC_023850.1,Geminiviridae
NC_023851.1,Geminiviridae
NC_023849.1,Geminiviridae
NC_023864.1,Geminiviridae
NC_023989.1,Geminiviridae
NC_024009.1,Geminiviridae
NC_024012.1,Geminiviridae
NC_024013.1,Geminiviridae
NC_019497.1,Geminiviridae
NC_019569.1,Geminiviridae
NC_024116.1,Geminiviridae
NC_019947.1,Geminiviridae
NC_024305.1,Geminiviridae
NC_024304.1,Geminiviridae
NC_020257.1,Geminiviridae
NC_020253.1,Geminiviridae
NC_020254.1,Geminiviridae
NC_020256.1,Geminiviridae
NC_020473.1,Geminiviridae
NC_024491.1,Geminiviridae
NC_024687.1,Geminiviridae
NC_024693.1,Geminiviridae
NC_021205.1,Geminiviridae
NC_021202.1,Geminiviridae
NC_021245.1,Geminiviridae
NC_024809.1,Geminiviridae
NC_024894.1,Geminiviridae
NC_024895.1,Geminiviridae
NC_021341.1,Geminiviridae
NC_021579.1,Geminiviridae
NC_021719.1,Geminiviridae
NC_022002.1,Geminiviridae
NC_022007.1,Geminiviridae
NC_022008.1,Geminiviridae
NC_022003.1,Geminiviridae
NC_022005.1,Geminiviridae
NC_022073.1,Geminiviridae
NC_025266.1,Geminiviridae
NC_022131.1,Geminiviridae
NC_022232.1,Geminiviridae
NC_022229.1,Geminiviridae
NC_025475.1,Geminiviridae
NC_025680.1,Geminiviridae
NC_025681.1,Geminiviridae
NC_025725.1,Geminiviridae
NC_026253.1,Geminiviridae
NC_022586.1,Geminiviridae
NC_022644.1,Geminiviridae
NC_022645.1,Geminiviridae
NC_026513.1,Geminiviridae
NC_026514.1,Geminiviridae
NC_026763.1,Geminiviridae
NC_026761.1,Geminiviridae
NC_026771.1,Geminiviridae
NC_023023.1,Geminiviridae
NC_023034.1,Geminiviridae
NC_018453.1,Geminiviridae
NC_015488.1,Geminiviridae
NC_015489.1,Geminiviridae
NC_009548.1,Geminiviridae
NC_010238.1,Geminiviridae
NC_010833.1,Geminiviridae
NC_003493.2,Geminiviridae
NC_004607.1,Geminiviridae
NC_001983.1,Geminiviridae
NC_011096.1,Geminiviridae
NC_002556.1,Geminiviridae
NC_005811.1,Geminiviridae
NC_001438.1,Geminiviridae
NC_003708.1,Geminiviridae
NC_003709.1,Geminiviridae
NC_003803.1,Geminiviridae
NC_003804.1,Geminiviridae
NC_002984.1,Geminiviridae
NC_002985.1,Geminiviridae
NC_016984.1,Geminiviridae
NC_006384.1,Geminiviridae
NC_003357.1,Geminiviridae
NC_004147.1,Geminiviridae
NC_009606.1,Geminiviridae
NC_006995.1,Geminiviridae
NC_003830.1,Geminiviridae
NC_016999.1,Geminiviridae
NC_006631.1,Geminiviridae
NC_005812.1,Geminiviridae
NC_003831.1,Geminiviridae
NC_007338.1,Geminiviridae
NC_017000.1,Geminiviridae
NC_017001.1,Geminiviridae
NC_010313.1,Geminiviridae
NC_003860.1,Geminiviridae
NC_010812.1,Geminiviridae
NC_010949.1,Geminiviridae
NC_003865.1,Geminiviridae
NC_017005.1,Geminiviridae
NC_012481.1,Geminiviridae
NC_009647.1,Geminiviridae
NC_009545.1,Geminiviridae
NC_009546.1,Geminiviridae
NC_009547.1,Geminiviridae
NC_009549.1,Geminiviridae
NC_007211.1,Geminiviridae
NC_008299.1,Geminiviridae
NC_016998.1,Geminiviridae
NC_017002.1,Geminiviridae
NC_011135.1,Geminiviridae
NC_017828.1,Geminiviridae
NC_004660.1,Geminiviridae
NC_005807.1,Geminiviridae
NC_004638.1,Geminiviridae
NC_005855.1,Geminiviridae
NC_001930.1,Geminiviridae
NC_001359.1,Geminiviridae
NC_001931.1,Geminiviridae
NC_001507.1,Geminiviridae
NC_010294.1,Geminiviridae
NC_004044.1,Geminiviridae
NC_001932.1,Geminiviridae
NC_010648.1,Geminiviridae
NC_003862.1,Geminiviridae
NC_001439.1,Geminiviridae
NC_005635.1,Geminiviridae
NC_001828.1,Geminiviridae
NC_007724.1,Geminiviridae
NC_003379.1,Geminiviridae
NC_005320.1,Geminiviridae
NC_006358.1,Geminiviridae
NC_001868.1,Geminiviridae
NC_005850.1,Geminiviridae
NC_005851.1,Geminiviridae
NC_005853.2,Geminiviridae
NC_007290.1,Geminiviridae
NC_007638.1,Geminiviridae
NC_009553.1,Geminiviridae
NC_011181.1,Geminiviridae
NC_004581.1,Geminiviridae
NC_003825.1,Geminiviridae
NC_011182.1,Geminiviridae
NC_010647.1,Geminiviridae
NC_012492.1,Geminiviridae
NC_003418.1,Geminiviridae
NC_011919.1,Geminiviridae
NC_009354.1,Geminiviridae
NC_008780.1,Geminiviridae
NC_012553.1,Geminiviridae
NC_012554.2,Geminiviridae
NC_016082.1,Geminiviridae
NC_008794.1,Geminiviridae
NC_010293.1,Geminiviridae
NC_014739.1,Geminiviridae
NC_003866.1,Geminiviridae
NC_009550.1,Geminiviridae
NC_009644.1,Geminiviridae
NC_009030.1,Geminiviridae
NC_014740.1,Geminiviridae
NC_011346.1,Geminiviridae
NC_011347.1,Geminiviridae
NC_003898.1,Geminiviridae
NC_002555.1,Geminiviridae
NC_013414.1,Geminiviridae
NC_004090.1,Geminiviridae
NC_011583.1,Geminiviridae
NC_004824.1,Geminiviridae
NC_004825.1,Geminiviridae
NC_005031.1,Geminiviridae
NC_016660.1,Geminiviridae
NC_002049.1,Geminiviridae
NC_013415.1,Geminiviridae
NC_001933.1,Geminiviridae
NC_010618.1,Geminiviridae
NC_001929.2,Geminiviridae
NC_000870.1,Geminiviridae
NC_004071.1,Geminiviridae
NC_005330.1,Geminiviridae
NC_003857.1,Geminiviridae
NC_009088.1,Geminiviridae
NC_008056.1,Geminiviridae
NC_004559.1,Geminiviridae
NC_004558.1,Geminiviridae
NC_008304.1,Geminiviridae
NC_004613.1,Geminiviridae
NC_004647.1,Geminiviridae
NC_004648.1,Geminiviridae
NC_004657.1,Geminiviridae
NC_011052.2,Geminiviridae
NC_004675.1,Geminiviridae
NC_008374.1,Geminiviridae
NC_008373.1,Geminiviridae
NC_014510.2,Geminiviridae
NC_001466.1,Geminiviridae
NC_002543.1,Geminiviridae
NC_009612.1,Geminiviridae
NC_014542.1,Geminiviridae
NC_003822.1,Geminiviridae
NC_004651.1,Geminiviridae
NC_004192.1,Geminiviridae
NC_002817.1,Geminiviridae
NC_002981.1,Geminiviridae
NC_010352.1,Geminiviridae
NC_024779.1,Geminiviridae
NC_008779.1,Geminiviridae
NC_004042.1,Geminiviridae
NC_003199.1,Geminiviridae
NC_003867.1,Geminiviridae
NC_005032.1,Geminiviridae
NC_003665.1,Geminiviridae
NC_001937.1,Geminiviridae
NC_002047.1,Geminiviridae
NC_001934.1,Geminiviridae
NC_008236.1,Geminiviridae
NC_004650.1,Geminiviridae
NC_004612.1,Geminiviridae
NC_004662.1,Geminiviridae
NC_001369.1,Geminiviridae
NC_002046.1,Geminiviridae
NC_009605.1,Geminiviridae
NC_001647.1,Geminiviridae
NC_004043.1,Geminiviridae
NC_004099.1,Geminiviridae
NC_001508.1,Geminiviridae
NC_005846.1,Geminiviridae
NC_003664.1,Geminiviridae
NC_004630.1,Geminiviridae
NC_003722.1,Geminiviridae
NC_004656.2,Geminiviridae
NC_001984.1,Geminiviridae
NC_007339.1,Geminiviridae
NC_000869.1,Geminiviridae
NC_004100.1,Geminiviridae
NC_008793.1,Geminiviridae
NC_004642.1,Geminiviridae
NC_004641.1,Geminiviridae
NC_004091.1,Geminiviridae
NC_009451.1,Geminiviridae
NC_004661.1,Geminiviridae
NC_003744.1,Geminiviridae
NC_003326.1,Geminiviridae
NC_015051.1,Geminiviridae
NC_010307.1,Geminiviridae
NC_015397.1,Geminiviridae
NC_004569.1,Geminiviridae
NC_011804.1,Geminiviridae
NC_004755.1,Geminiviridae
NC_014707.1,Geminiviridae
NC_014822.1,Geminiviridae
NC_005348.1,Geminiviridae
NC_005845.1,Geminiviridae
NC_015487.1,Geminiviridae
NC_004614.1,Geminiviridae
NC_014447.1,Geminiviridae
NC_011584.1,Geminiviridae
NC_014847.1,Geminiviridae
NC_003505.1,Geminiviridae
NC_014968.1,Geminiviridae
NC_015044.1,Geminiviridae
NC_015045.1,Geminiviridae
NC_015046.1,Geminiviridae
NC_015047.1,Geminiviridae
NC_015048.1,Geminiviridae
NC_007966.1,Geminiviridae
NC_005338.2,Geminiviridae
NC_015317.1,Geminiviridae
NC_015553.1,Geminiviridae
NC_009646.1,Geminiviridae
NC_002510.1,Geminiviridae
NC_008058.1,Geminiviridae
NC_003856.1,Geminiviridae
NC_010797.1,Geminiviridae
NC_004583.1,Geminiviridae
NC_004654.1,Geminiviridae
NC_010837.1,Geminiviridae
NC_001478.1,Geminiviridae
NC_003609.1,Geminiviridae
NC_003896.1,Geminiviridae
NC_005842.1,Geminiviridae
NC_008059.1,Geminiviridae
NC_014139.1,Geminiviridae
NC_014140.1,Geminiviridae
NC_014141.1,Geminiviridae
NC_014142.1,Geminiviridae
NC_010791.1,Geminiviridae
NC_014902.1,Geminiviridae
NC_015490.1,Geminiviridae
NC_010799.1,Geminiviridae
NC_014903.1,Geminiviridae
NC_004609.1,Geminiviridae
NC_003861.1,Geminiviridae
NC_001467.1,Geminiviridae
NC_001468.1,Geminiviridae
NC_010417.1,Geminiviridae
NC_010713.1,Geminiviridae
NC_010818.1,Geminiviridae
NC_007723.1,Geminiviridae
NC_007726.1,Geminiviridae
NC_010834.1,Geminiviridae
NC_010836.1,Geminiviridae
NC_010840.1,Geminiviridae
NC_011268.1,Geminiviridae
NC_002048.1,Geminiviridae
NC_003897.1,Geminiviridae
NC_005331.1,Geminiviridae
NC_010835.1,Geminiviridae
NC_013639.1,Geminiviridae
NC_013640.2,Geminiviridae
NC_008377.1,Geminiviridae
NC_006874.1,Geminiviridae
NC_006876.1,Geminiviridae
NC_007730.2,Geminiviridae
NC_000882.1,Geminiviridae
NC_014130.1,Geminiviridae
NC_003868.1,Geminiviridae
NC_008559.1,Geminiviridae
NC_014128.1,Geminiviridae
NC_014138.1,Geminiviridae
NC_008517.1,Geminiviridae
NC_010439.1,Geminiviridae
NC_014547.1,Geminiviridae
NC_009031.1,Geminiviridae
NC_014845.1,Geminiviridae
NC_008317.1,Geminiviridae
NC_008329.1,Geminiviridae
NC_004098.1,Geminiviridae
NC_008494.1,Geminiviridae
NC_009491.1,Geminiviridae
NC_009645.1,Geminiviridae
NC_014066.1,Geminiviridae
NC_014067.1,Geminiviridae
NC_009607.1,Geminiviridae
NC_014894.1,Geminiviridae
NC_001346.2,Geminiviridae
NC_010792.1,Geminiviridae
NC_010441.2,Geminiviridae
NC_012118.1,Geminiviridae
NC_012137.1,Geminiviridae
NC_006359.1,Geminiviridae
NC_012787.1,Geminiviridae
NC_012206.1,Geminiviridae
NC_007210.2,Geminiviridae
NC_014324.1,Geminiviridae
NC_014647.1,Geminiviridae
NC_014446.1,Geminiviridae
NC_014631.1,Geminiviridae
NC_011309.2,Geminiviridae
NC_013017.1,Geminiviridae
NC_013019.1,Geminiviridae
NC_013413.1,Geminiviridae
NC_004627.1,Geminiviridae
NC_016580.1,Geminiviridae
NC_011805.1,Geminiviridae
NC_012120.1,Geminiviridae
NC_013022.2,Geminiviridae
NC_010950.1,Geminiviridae
NC_014381.1,Geminiviridae
NC_015043.1,Geminiviridae
NC_015324.1,Geminiviridae
NC_005843.1,Geminiviridae
NC_001928.2,Geminiviridae
NC_013102.1,Geminiviridae
NC_004659.1,Geminiviridae
NC_004673.1,Geminiviridae
NC_004634.1,Geminiviridae
NC_003828.1,Geminiviridae
NC_004658.1,Geminiviridae
NC_011058.1,Geminiviridae
NC_004580.1,Geminiviridae
NC_004582.1,Geminiviridae
NC_005347.1,Geminiviridae
NC_004300.1,Geminiviridae
NC_005319.1,Geminiviridae
NC_005852.2,Geminiviridae
NC_010435.1,Geminiviridae
NC_003556.1,Geminiviridae
NC_005636.1,Geminiviridae
NC_004097.1,Geminiviridae
NC_008057.1,Geminiviridae
NC_004356.1,Geminiviridae
NC_013464.1,Geminiviridae
NC_013467.1,Geminiviridae
NC_008316.1,Geminiviridae
NC_014473.1,Geminiviridae
NC_016581.1,Geminiviridae
NC_014745.1,Geminiviridae
NC_015627.1,Geminiviridae
NC_004005.1,Geminiviridae
NC_007965.1,Geminiviridae
NC_015628.1,Geminiviridae
NC_012664.1,Geminiviridae
NC_012665.1,Geminiviridae
NC_009490.1,Geminiviridae
NC_014794.1,Geminiviridae
NC_014795.1,Geminiviridae
NC_004637.1,Geminiviridae
NC_016649.1,Geminiviridae
NC_012786.1,Geminiviridae
NC_016083.1,Geminiviridae
NC_016579.1,Geminiviridae
NC_004635.2,Geminiviridae
NC_014799.1,Geminiviridae
NC_011024.1,Geminiviridae
NC_004626.1,Geminiviridae
NC_004153.1,Geminiviridae
NC_003504.1,Geminiviridae
NC_008267.1,Geminiviridae
NC_016572.1,Geminiviridae
NC_016573.1,Geminiviridae
NC_016574.1,Geminiviridae
NC_003891.1,Geminiviridae
NC_016575.1,Geminiviridae
NC_016576.1,Geminiviridae
NC_004628.1,Geminiviridae
NC_016577.1,Geminiviridae
NC_016578.1,Geminiviridae
NC_004640.1,Geminiviridae
NC_008283.1,Geminiviridae
NC_008284.1,Geminiviridae
NC_004618.1,Geminiviridae
NC_004655.1,Geminiviridae
NC_015961.1,Geminiviridae
NC_012041.1,Geminiviridae
NC_013465.1,Geminiviridae
NC_016965.1,Geminiviridae
NC_008305.1,Geminiviridae
NC_010951.1,Geminiviridae
NC_010952.1,Geminiviridae
NC_004611.1,Geminiviridae
NC_010953.1,Geminiviridae
NC_015491.1,Geminiviridae
NC_017004.1,Geminiviridae
NC_015124.1,Geminiviridae
NC_003887.1,Geminiviridae
NC_014596.1,Geminiviridae
NC_004645.1,Geminiviridae
NC_004639.1,Geminiviridae
NC_010947.1,Geminiviridae
NC_004646.1,Geminiviridae
NC_010946.1,Geminiviridae
NC_010838.1,Geminiviridae
NC_004676.1,Geminiviridae
NC_004674.1,Geminiviridae
NC_010839.1,Geminiviridae
NC_001935.1,Geminiviridae
NC_001939.1,Geminiviridae
NC_001938.1,Geminiviridae
NC_003434.1,Geminiviridae
NC_010948.1,Geminiviridae
NC_014380.1,Geminiviridae
NC_014645.1,Geminiviridae
NC_019034.1,Geminiviridae
NC_024810.1,Geminiviridae
NC_038438.1,Geminiviridae
NC_038439.1,Geminiviridae
NC_038440.1,Geminiviridae
NC_038441.1,Geminiviridae
NC_038442.1,Geminiviridae
NC_038443.1,Geminiviridae
NC_038444.1,Geminiviridae
NC_038445.1,Geminiviridae
NC_038448.1,Geminiviridae
NC_038449.1,Geminiviridae
NC_038450.1,Geminiviridae
NC_038452.1,Geminiviridae
NC_038454.1,Geminiviridae
NC_038455.1,Geminiviridae
NC_038457.1,Geminiviridae
NC_038458.1,Geminiviridae
NC_038460.1,Geminiviridae
NC_038461.1,Geminiviridae
NC_038462.1,Geminiviridae
NC_038463.1,Geminiviridae
NC_038464.1,Geminiviridae
NC_038465.1,Geminiviridae
NC_038466.1,Geminiviridae
NC_038469.1,Geminiviridae
NC_038470.1,Geminiviridae
NC_038471.1,Geminiviridae
NC_038472.1,Geminiviridae
NC_038473.1,Geminiviridae
NC_038474.1,Geminiviridae
NC_038475.1,Geminiviridae
NC_038476.1,Geminiviridae
NC_038477.1,Geminiviridae
NC_038478.1,Geminiviridae
NC_038792.1,Geminiviridae
NC_038793.1,Geminiviridae
NC_038794.1,Geminiviridae
NC_038795.1,Geminiviridae
NC_038796.1,Geminiviridae
NC_038797.1,Geminiviridae
NC_038798.1,Geminiviridae
NC_038799.1,Geminiviridae
NC_038800.1,Geminiviridae
NC_038801.1,Geminiviridae
NC_038802.1,Geminiviridae
NC_038803.1,Geminiviridae
NC_038804.1,Geminiviridae
NC_038805.1,Geminiviridae
NC_038806.1,Geminiviridae
NC_038807.1,Geminiviridae
NC_038875.1,Geminiviridae
NC_038876.1,Geminiviridae
NC_038877.1,Geminiviridae
NC_038879.1,Geminiviridae
NC_038881.1,Geminiviridae
NC_038884.1,Geminiviridae
NC_038885.1,Geminiviridae
NC_038887.1,Geminiviridae
NC_038888.1,Geminiviridae
NC_038890.1,Geminiviridae
NC_038893.1,Geminiviridae
NC_038894.1,Geminiviridae
NC_038896.1,Geminiviridae
NC_038897.1,Geminiviridae
NC_038899.1,Geminiviridae
NC_038901.1,Geminiviridae
NC_038913.1,Geminiviridae
NC_038956.1,Geminiviridae
NC_038960.1,Geminiviridae
NC_038962.1,Geminiviridae
NC_038963.1,Geminiviridae
NC_038967.1,Geminiviridae
NC_038968.1,Geminiviridae
NC_038969.1,Geminiviridae
NC_038971.1,Geminiviridae
NC_038972.1,Geminiviridae
NC_038976.1,Geminiviridae
NC_038978.1,Geminiviridae
NC_038980.1,Geminiviridae
NC_038981.1,Geminiviridae
NC_038985.1,Geminiviridae
NC_038988.1,Geminiviridae
NC_038990.1,Geminiviridae
NC_038992.1,Geminiviridae
NC_038994.1,Geminiviridae
NC_039001.1,Geminiviridae
NC_039003.1,Geminiviridae
NC_039082.1,Geminiviridae
NC_030403.1,Geminiviridae
NC_038790.1,Geminiviridae
NC_038791.1,Geminiviridae
NC_038991.1,Geminiviridae
NC_008495.1,Geminiviridae
NC_038234.1,Geminiviridae
NC_038451.1,Geminiviridae
NC_038965.1,Geminiviridae
NC_038982.1,Geminiviridae
NC_038983.1,Geminiviridae
NC_043119.1,Geminiviridae
NC_043120.1,Geminiviridae
NC_043121.1,Geminiviridae
NC_043122.1,Geminiviridae
NC_043418.1,Geminiviridae
NC_043433.1,Geminiviridae
NC_043513.1,Geminiviridae
NC_043514.1,Geminiviridae
NC_043531.1,Geminiviridae
NC_043533.1,Geminiviridae
NC_040183.1,Geminiviridae
NC_040184.1,Geminiviridae
NC_040188.1,Geminiviridae
NC_040190.1,Geminiviridae
NC_040792.1,Geminiviridae
NC_040537.1,Geminiviridae
NC_040541.1,Geminiviridae
NC_040817.1,Geminiviridae
NC_040706.1,Geminiviridae
NC_019946.1,Geminiviridae
NC_049200.1,Geminiviridae
NC_020236.1,Geminiviridae
NC_043517.1,Geminiviridae
NC_050698.1,Geminiviridae
NC_055124.1,Geminiviridae
NC_055130.1,Geminiviridae
NC_055146.1,Geminiviridae
NC_055157.1,Geminiviridae
NC_055158.1,Geminiviridae
NC_055471.1,Geminiviridae
NC_055472.1,Geminiviridae
NC_055476.1,Geminiviridae
NC_055492.1,Geminiviridae
NC_055494.1,Geminiviridae
NC_055498.1,Geminiviridae
NC_055499.1,Geminiviridae
NC_055511.1,Geminiviridae
NC_055519.1,Geminiviridae
NC_055132.1,Geminiviridae
NC_055136.1,Geminiviridae
NC_055131.1,Geminiviridae
NC_055133.1,Geminiviridae
NC_055134.1,Geminiviridae
NC_055126.1,Geminiviridae
NC_055140.1,Geminiviridae
NC_055524.1,Geminiviridae
NC_055525.1,Geminiviridae
NC_055581.1,Geminiviridae
NC_055572.1,Geminiviridae
NC_055573.1,Geminiviridae
NC_055591.1,Geminiviridae
NC_055593.1,Geminiviridae
NC_055592.1,Geminiviridae
NC_055584.1,Geminiviridae
NC_055463.1,Geminiviridae
NC_055464.1,Geminiviridae
NC_040181.1,Geminiviridae
NC_043526.1,Geminiviridae
NC_050697.1,Geminiviridae
NC_040180.1,Geminiviridae
NC_040185.1,Geminiviridae
NC_040186.1,Geminiviridae
NC_040187.1,Geminiviridae
NC_040189.1,Geminiviridae
NC_040191.1,Geminiviridae
NC_040192.1,Geminiviridae
NC_026760.1,Geminiviridae
NC_043524.1,Geminiviridae
NC_060104.1,Geminiviridae
NC_060102.1,Geminiviridae
NC_060093.1,Geminiviridae
NC_055543.1,Geminiviridae
NC_060098.1,Geminiviridae
NC_055544.1,Geminiviridae
NC_060099.1,Geminiviridae
NC_055548.1,Geminiviridae
NC_060100.1,Geminiviridae
NC_055570.1,Geminiviridae
NC_060101.1,Geminiviridae
NC_055596.1,Geminiviridae
NC_060096.1,Geminiviridae
NC_055589.1,Geminiviridae
NC_060091.1,Geminiviridae
NC_055602.1,Geminiviridae
NC_060097.1,Geminiviridae
NC_055587.1,Geminiviridae
NC_060090.1,Geminiviridae
NC_060089.1,Geminiviridae
NC_055594.1,Geminiviridae
NC_060095.1,Geminiviridae
NC_055582.1,Geminiviridae
NC_060103.1,Geminiviridae
NC_055489.1,Geminiviridae
NC_055490.1,Geminiviridae
NC_055539.1,Geminiviridae
NC_055540.1,Geminiviridae
NC_055514.1,Geminiviridae
NC_055515.1,Geminiviridae
NC_055516.1,Geminiviridae
NC_055517.1,Geminiviridae
NC_055127.1,Geminiviridae
NC_055128.1,Geminiviridae
NC_055521.1,Geminiviridae
NC_055522.1,Geminiviridae
NC_074895.1,Geminiviridae
NC_075086.1,Geminiviridae
NC_075049.1,Geminiviridae
NC_075421.1,Geminiviridae
NC_075135.1,Geminiviridae
NC_074831.1,Geminiviridae
NC_075410.1,Geminiviridae
NC_075110.1,Geminiviridae
NC_074893.1,Geminiviridae
NC_075419.1,Geminiviridae
NC_074864.1,Geminiviridae
NC_075412.1,Geminiviridae
NC_075413.1,Geminiviridae
NC_075106.1,Geminiviridae
NC_076144.1,Geminiviridae
NC_075109.1,Geminiviridae
NC_075080.1,Geminiviridae
NC_075107.1,Geminiviridae
NC_076268.1,Geminiviridae
NC_075432.1,Geminiviridae
NC_075437.1,Geminiviridae
NC_075436.1,Geminiviridae
NC_076213.1,Geminiviridae
NC_076183.1,Geminiviridae
NC_076020.1,Geminiviridae
NC_076291.1,Geminiviridae
NC_076292.1,Geminiviridae
NC_076047.1,Geminiviridae
NC_076373.1,Geminiviridae
NC_076464.1,Geminiviridae
NC_076465.1,Geminiviridae
NC_076485.1,Geminiviridae
NC_077719.1,Geminiviridae
NC_077720.1,Geminiviridae
NC_077711.1,Geminiviridae
NC_077712.1,Geminiviridae
NC_077802.1,Geminiviridae
NC_077803.1,Geminiviridae
NC_078183.1,Geminiviridae
NC_078184.1,Geminiviridae
NC_017918.2,Geminiviridae
NC_077680.1,Geminiviridae
NC_030139.1,Genomoviridae
NC_030146.1,Genomoviridae
NC_030141.1,Genomoviridae
NC_030145.1,Genomoviridae
NC_030143.1,Genomoviridae
NC_030140.1,Genomoviridae
NC_030144.1,Genomoviridae
NC_030147.1,Genomoviridae
NC_030138.1,Genomoviridae
NC_027776.1,Genomoviridae
NC_027821.1,Genomoviridae
NC_027820.1,Genomoviridae
NC_033747.1,Genomoviridae
NC_033742.1,Genomoviridae
NC_033743.1,Genomoviridae
NC_033736.1,Genomoviridae
NC_030447.1,Genomoviridae
NC_030448.1,Genomoviridae
NC_030887.1,Genomoviridae
NC_033270.1,Genomoviridae
NC_037062.1,Genomoviridae
NC_035137.1,Genomoviridae
NC_035138.1,Genomoviridae
NC_035197.1,Genomoviridae
NC_035477.1,Genomoviridae
NC_023844.1,Genomoviridae
NC_023872.1,Genomoviridae
NC_023871.1,Genomoviridae
NC_023870.1,Genomoviridae
NC_024691.1,Genomoviridae
NC_024690.1,Genomoviridae
NC_024689.1,Genomoviridae
NC_025738.1,Genomoviridae
NC_025741.1,Genomoviridae
NC_025728.1,Genomoviridae
NC_025729.1,Genomoviridae
NC_025730.1,Genomoviridae
NC_025731.1,Genomoviridae
NC_025732.1,Genomoviridae
NC_026161.1,Genomoviridae
NC_026144.1,Genomoviridae
NC_026163.1,Genomoviridae
NC_026162.1,Genomoviridae
NC_026164.1,Genomoviridae
NC_026165.1,Genomoviridae
NC_026166.1,Genomoviridae
NC_026169.1,Genomoviridae
NC_026167.1,Genomoviridae
NC_026254.1,Genomoviridae
NC_026261.1,Genomoviridae
NC_026806.1,Genomoviridae
NC_026818.1,Genomoviridae
NC_026817.1,Genomoviridae
NC_026809.1,Genomoviridae
NC_026810.1,Genomoviridae
NC_026808.1,Genomoviridae
NC_026807.1,Genomoviridae
NC_013116.1,Genomoviridae
NC_038479.1,Genomoviridae
NC_038480.1,Genomoviridae
NC_038482.1,Genomoviridae
NC_038483.1,Genomoviridae
NC_038484.1,Genomoviridae
NC_038485.1,Genomoviridae
NC_038486.1,Genomoviridae
NC_038487.1,Genomoviridae
NC_038488.1,Genomoviridae
NC_038489.1,Genomoviridae
NC_038490.1,Genomoviridae
NC_038491.1,Genomoviridae
NC_038492.1,Genomoviridae
NC_038493.1,Genomoviridae
NC_038494.1,Genomoviridae
NC_038495.1,Genomoviridae
NC_038496.1,Genomoviridae
NC_038497.1,Genomoviridae
NC_038498.1,Genomoviridae
NC_038499.1,Genomoviridae
NC_038501.1,Genomoviridae
NC_038502.1,Genomoviridae
NC_028459.1,Genomoviridae
NC_026168.1,Genomoviridae
NC_040379.1,Genomoviridae
NC_040317.1,Genomoviridae
NC_040351.1,Genomoviridae
NC_040330.1,Genomoviridae
NC_040348.1,Genomoviridae
NC_040340.1,Genomoviridae
NC_040371.1,Genomoviridae
NC_040372.1,Genomoviridae
NC_040327.1,Genomoviridae
NC_040347.1,Genomoviridae
NC_040370.1,Genomoviridae
NC_040339.1,Genomoviridae
NC_040346.1,Genomoviridae
NC_040338.1,Genomoviridae
NC_040326.1,Genomoviridae
NC_024909.1,Genomoviridae
NC_025736.1,Genomoviridae
NC_025734.1,Genomoviridae
NC_025735.1,Genomoviridae
NC_025737.1,Genomoviridae
NC_028460.3,Genomoviridae
NC_030142.1,Genomoviridae
NC_025733.1,Genomoviridae
NC_038500.1,Genomoviridae
NC_076336.1,Genomoviridae
NC_075323.1,Genomoviridae
NC_075325.1,Genomoviridae
NC_076496.1,Genomoviridae
NC_075329.1,Genomoviridae
NC_075330.1,Genomoviridae
NC_075331.1,Genomoviridae
NC_075332.1,Genomoviridae
NC_075333.1,Genomoviridae
NC_075334.1,Genomoviridae
NC_075335.1,Genomoviridae
NC_075336.1,Genomoviridae
NC_075337.1,Genomoviridae
NC_075339.1,Genomoviridae
NC_075338.1,Genomoviridae
NC_075328.1,Genomoviridae
NC_075327.1,Genomoviridae
NC_075326.1,Genomoviridae
NC_075324.1,Genomoviridae
NC_075288.1,Genomoviridae
NC_075305.1,Genomoviridae
NC_075306.1,Genomoviridae
NC_076296.1,Genomoviridae
NC_076297.1,Genomoviridae
NC_076298.1,Genomoviridae
NC_076299.1,Genomoviridae
NC_076300.1,Genomoviridae
NC_076301.1,Genomoviridae
NC_076302.1,Genomoviridae
NC_076303.1,Genomoviridae
NC_076304.1,Genomoviridae
NC_076305.1,Genomoviridae
NC_076306.1,Genomoviridae
NC_076307.1,Genomoviridae
NC_076308.1,Genomoviridae
NC_076309.1,Genomoviridae
NC_076310.1,Genomoviridae
NC_076311.1,Genomoviridae
NC_076312.1,Genomoviridae
NC_076313.1,Genomoviridae
NC_076314.1,Genomoviridae
NC_076315.1,Genomoviridae
NC_076316.1,Genomoviridae
NC_076317.1,Genomoviridae
NC_076318.1,Genomoviridae
NC_076319.1,Genomoviridae
NC_076320.1,Genomoviridae
NC_076321.1,Genomoviridae
NC_076322.1,Genomoviridae
NC_076323.1,Genomoviridae
NC_076324.1,Genomoviridae
NC_076325.1,Genomoviridae
NC_076326.1,Genomoviridae
NC_076327.1,Genomoviridae
NC_076328.1,Genomoviridae
NC_076329.1,Genomoviridae
NC_076330.1,Genomoviridae
NC_076331.1,Genomoviridae
NC_076333.1,Genomoviridae
NC_076334.1,Genomoviridae
NC_076335.1,Genomoviridae
NC_076480.1,Genomoviridae
NC_076493.1,Genomoviridae
NC_075316.1,Genomoviridae
NC_075315.1,Genomoviridae
NC_075319.1,Genomoviridae
NC_075318.1,Genomoviridae
NC_075317.1,Genomoviridae
NC_075314.1,Genomoviridae
NC_075322.1,Genomoviridae
NC_075321.1,Genomoviridae
NC_075320.1,Genomoviridae
NC_075313.1,Genomoviridae
NC_075312.1,Genomoviridae
NC_075311.1,Genomoviridae
NC_075310.1,Genomoviridae
NC_075307.1,Genomoviridae
NC_075309.1,Genomoviridae
NC_075308.1,Genomoviridae
NC_076248.1,Genomoviridae
NC_076287.1,Genomoviridae
NC_076346.1,Genomoviridae
NC_076342.1,Genomoviridae
NC_076347.1,Genomoviridae
NC_076343.1,Genomoviridae
NC_076341.1,Genomoviridae
NC_076344.1,Genomoviridae
NC_076345.1,Genomoviridae
NC_076376.1,Genomoviridae
NC_076377.1,Genomoviridae
NC_076378.1,Genomoviridae
NC_076375.1,Genomoviridae
NC_076358.1,Genomoviridae
NC_076365.1,Genomoviridae
NC_076366.1,Genomoviridae
NC_076359.1,Genomoviridae
NC_076360.1,Genomoviridae
NC_076361.1,Genomoviridae
NC_076362.1,Genomoviridae
NC_076363.1,Genomoviridae
NC_076364.1,Genomoviridae
NC_076270.1,Genomoviridae
NC_076276.1,Genomoviridae
NC_076280.1,Genomoviridae
NC_076274.1,Genomoviridae
NC_076278.1,Genomoviridae
NC_076286.1,Genomoviridae
NC_076271.1,Genomoviridae
NC_076281.1,Genomoviridae
NC_076283.1,Genomoviridae
NC_076285.1,Genomoviridae
NC_076277.1,Genomoviridae
NC_076282.1,Genomoviridae
NC_076284.1,Genomoviridae
NC_076272.1,Genomoviridae
NC_076279.1,Genomoviridae
NC_076273.1,Genomoviridae
NC_076275.1,Genomoviridae
NC_076356.1,Genomoviridae
NC_076350.1,Genomoviridae
NC_076351.1,Genomoviridae
NC_076352.1,Genomoviridae
NC_076353.1,Genomoviridae
NC_076354.1,Genomoviridae
NC_076355.1,Genomoviridae
NC_076406.1,Genomoviridae
NC_076407.1,Genomoviridae
NC_076408.1,Genomoviridae
NC_076470.1,Genomoviridae
NC_076469.1,Genomoviridae
NC_076399.1,Genomoviridae
NC_076432.1,Genomoviridae
NC_076433.1,Genomoviridae
NC_076434.1,Genomoviridae
NC_076435.1,Genomoviridae
NC_076436.1,Genomoviridae
NC_076437.1,Genomoviridae
NC_076438.1,Genomoviridae
NC_076474.1,Genomoviridae
NC_076475.1,Genomoviridae
NC_076476.1,Genomoviridae
NC_076477.1,Genomoviridae
NC_076332.1,Genomoviridae
NC_078277.1,Genomoviridae
NC_078278.1,Genomoviridae
NC_078279.1,Genomoviridae
NC_074654.1,Globuloviridae
NC_074653.1,Globuloviridae
NC_008695.1,Graaviviridae
NC_021537.1,Graaviviridae
NC_015938.1,Grimontviridae
NC_019402.1,Grimontviridae
NC_048664.1,Grimontviridae
NC_048861.1,Grimontviridae
NC_070978.1,Grimontviridae
NC_070974.1,Grimontviridae
NC_070975.1,Grimontviridae
NC_070973.1,Grimontviridae
NC_070977.1,Grimontviridae
NC_019523.1,Guelinviridae
NC_017980.1,Guelinviridae
NC_018083.1,Guelinviridae
NC_018084.1,Guelinviridae
NC_048661.1,Guelinviridae
NC_048707.1,Guelinviridae
NC_048712.1,Guelinviridae
NC_048738.1,Guelinviridae
NC_070972.1,Guelinviridae
NC_078568.1,Hadakaviridae
NC_078569.1,Hadakaviridae
NC_078570.1,Hadakaviridae
NC_078571.1,Hadakaviridae
NC_078572.1,Hadakaviridae
NC_078573.1,Hadakaviridae
NC_078574.1,Hadakaviridae
NC_078575.1,Hadakaviridae
NC_078576.1,Hadakaviridae
NC_078577.1,Hadakaviridae
NC_078578.1,Hadakaviridae
NC_003345.2,Hafunaviridae
NC_020159.1,Hafunaviridae
NC_062740.1,Hafunaviridae
NC_004927.2,Hafunaviridae
NC_021320.1,Hafunaviridae
NC_021335.1,Hafunaviridae
NC_021321.1,Hafunaviridae
NC_062755.1,Hafunaviridae
NC_062758.1,Hafunaviridae
NC_062759.1,Hafunaviridae
NC_062760.1,Hafunaviridae
NC_062763.1,Hafunaviridae
NC_021329.1,Haloferuviridae
NC_062739.1,Haloferuviridae
NC_062762.1,Haloferuviridae
NC_034556.1,Hantaviridae
NC_034563.1,Hantaviridae
NC_034555.1,Hantaviridae
NC_034393.1,Hantaviridae
NC_034400.1,Hantaviridae
NC_034401.1,Hantaviridae
NC_034397.1,Hantaviridae
NC_034403.1,Hantaviridae
NC_034396.1,Hantaviridae
NC_034398.1,Hantaviridae
NC_034404.1,Hantaviridae
NC_034399.1,Hantaviridae
NC_034394.1,Hantaviridae
NC_034395.1,Hantaviridae
NC_034402.1,Hantaviridae
NC_034405.1,Hantaviridae
NC_034406.1,Hantaviridae
NC_034407.1,Hantaviridae
NC_034464.1,Hantaviridae
NC_034465.1,Hantaviridae
NC_034485.1,Hantaviridae
NC_034474.1,Hantaviridae
NC_034484.1,Hantaviridae
NC_003466.1,Hantaviridae
NC_005238.1,Hantaviridae
NC_005228.1,Hantaviridae
NC_005235.1,Hantaviridae
NC_010704.1,Hantaviridae
NC_005219.1,Hantaviridae
NC_005234.1,Hantaviridae
NC_005233.1,Hantaviridae
NC_005223.1,Hantaviridae
NC_005237.1,Hantaviridae
NC_005236.1,Hantaviridae
NC_005227.2,Hantaviridae
NC_006433.1,Hantaviridae
NC_003468.2,Hantaviridae
NC_005226.1,Hantaviridae
NC_005224.1,Hantaviridae
NC_005222.1,Hantaviridae
NC_005216.1,Hantaviridae
NC_005217.1,Hantaviridae
NC_010708.1,Hantaviridae
NC_006437.1,Hantaviridae
NC_006435.1,Hantaviridae
NC_005215.1,Hantaviridae
NC_005218.1,Hantaviridae
NC_005225.1,Hantaviridae
NC_010707.1,Hantaviridae
NC_003467.2,Hantaviridae
NC_034552.1,Hantaviridae
NC_034553.1,Hantaviridae
NC_034470.1,Hantaviridae
NC_038373.1,Hantaviridae
NC_038374.1,Hantaviridae
NC_038383.1,Hantaviridae
NC_038384.1,Hantaviridae
NC_038423.1,Hantaviridae
NC_038424.1,Hantaviridae
NC_038446.1,Hantaviridae
NC_038447.1,Hantaviridae
NC_038505.1,Hantaviridae
NC_038506.1,Hantaviridae
NC_038528.1,Hantaviridae
NC_038530.1,Hantaviridae
NC_038694.1,Hantaviridae
NC_038695.1,Hantaviridae
NC_038696.1,Hantaviridae
NC_038704.1,Hantaviridae
NC_038705.1,Hantaviridae
NC_038938.1,Hantaviridae
NC_038939.1,Hantaviridae
NC_038940.1,Hantaviridae
NC_034557.1,Hantaviridae
NC_034558.1,Hantaviridae
NC_034564.1,Hantaviridae
NC_034559.1,Hantaviridae
NC_034560.1,Hantaviridae
NC_034565.1,Hantaviridae
NC_034515.1,Hantaviridae
NC_034525.1,Hantaviridae
NC_034528.1,Hantaviridae
NC_034518.1,Hantaviridae
NC_034519.1,Hantaviridae
NC_034527.1,Hantaviridae
NC_034517.1,Hantaviridae
NC_034526.1,Hantaviridae
NC_038298.1,Hantaviridae
NC_038299.1,Hantaviridae
NC_038300.1,Hantaviridae
NC_034566.1,Hantaviridae
NC_038273.1,Hantaviridae
NC_038274.1,Hantaviridae
NC_038513.1,Hantaviridae
NC_038514.1,Hantaviridae
NC_038515.1,Hantaviridae
NC_043068.1,Hantaviridae
NC_043069.1,Hantaviridae
NC_043070.1,Hantaviridae
NC_043073.1,Hantaviridae
NC_043074.1,Hantaviridae
NC_043075.1,Hantaviridae
NC_043125.1,Hantaviridae
NC_043126.1,Hantaviridae
NC_043127.1,Hantaviridae
NC_043174.1,Hantaviridae
NC_043175.1,Hantaviridae
NC_043176.1,Hantaviridae
NC_043407.1,Hantaviridae
NC_043408.1,Hantaviridae
NC_043409.1,Hantaviridae
NC_043527.1,Hantaviridae
NC_055147.1,Hantaviridae
NC_055173.1,Hantaviridae
NC_055172.1,Hantaviridae
NC_055170.1,Hantaviridae
NC_055174.1,Hantaviridae
NC_055375.1,Hantaviridae
NC_055376.1,Hantaviridae
NC_055377.1,Hantaviridae
NC_055638.1,Hantaviridae
NC_055639.1,Hantaviridae
NC_055640.1,Hantaviridae
NC_034466.1,Hantaviridae
NC_034467.1,Hantaviridae
NC_034473.1,Hantaviridae
NC_055632.1,Hantaviridae
NC_055633.1,Hantaviridae
NC_055635.1,Hantaviridae
NC_055636.1,Hantaviridae
NC_055637.1,Hantaviridae
NC_077666.1,Hantaviridae
NC_077667.1,Hantaviridae
NC_078261.1,Hantaviridae
NC_078262.1,Hantaviridae
NC_078263.1,Hantaviridae
NC_077668.1,Hantaviridae
NC_078483.1,Hantaviridae
NC_078484.1,Hantaviridae
NC_077669.1,Hantaviridae
NC_077670.1,Hantaviridae
NC_077671.1,Hantaviridae
NC_027922.1,Hepadnaviridae
NC_028129.1,Hepadnaviridae
NC_035210.1,Hepadnaviridae
NC_024444.1,Hepadnaviridae
NC_024445.1,Hepadnaviridae
NC_024443.1,Hepadnaviridae
NC_020881.1,Hepadnaviridae
NC_001486.1,Hepadnaviridae
NC_001484.1,Hepadnaviridae
NC_001344.1,Hepadnaviridae
NC_004107.1,Hepadnaviridae
NC_005950.1,Hepadnaviridae
NC_005890.1,Hepadnaviridae
NC_005888.1,Hepadnaviridae
NC_016561.1,Hepadnaviridae
NC_038503.1,Hepadnaviridae
NC_030445.1,Hepadnaviridae
NC_030446.1,Hepadnaviridae
NC_043528.1,Hepadnaviridae
NC_040719.1,Hepadnaviridae
NC_003977.2,Hepadnaviridae
NC_001896.1,Hepadnaviridae
NC_074953.1,Hepadnaviridae
NC_074954.1,Hepadnaviridae
NC_076026.1,Hepadnaviridae
NC_076022.1,Hepadnaviridae
NC_018382.1,Hepeviridae
NC_015521.1,Hepeviridae
NC_001434.1,Hepeviridae
NC_038504.1,Hepeviridae
NC_040710.1,Hepeviridae
NC_040835.1,Hepeviridae
NC_023425.1,Hepeviridae
NC_076569.1,Hepeviridae
NC_076918.1,Hepeviridae
NC_074955.1,Hepeviridae
NC_076592.1,Hepeviridae
NC_076623.1,Hepeviridae
NC_041835.1,Herelleviridae
NC_041836.1,Herelleviridae
NC_041837.1,Herelleviridae
NC_041838.1,Herelleviridae
NC_041840.1,Herelleviridae
NC_041841.1,Herelleviridae
NC_041842.1,Herelleviridae
NC_030903.1,Herelleviridae
NC_018856.1,Herelleviridae
NC_021856.1,Herelleviridae
NC_009904.1,Herelleviridae
NC_024137.1,Herelleviridae
NC_019448.1,Herelleviridae
NC_016563.1,Herelleviridae
NC_019487.1,Herelleviridae
NC_022920.1,Herelleviridae
NC_022918.1,Herelleviridae
NC_018860.1,Herelleviridae
NC_027355.1,Herelleviridae
NC_018857.1,Herelleviridae
NC_018863.1,Herelleviridae
NC_020871.1,Herelleviridae
NC_024359.1,Herelleviridae
NC_030933.1,Herelleviridae
NC_020081.2,Herelleviridae
NC_022090.1,Herelleviridae
NC_019726.1,Herelleviridae
NC_023501.1,Herelleviridae
NC_042133.1,Herelleviridae
NC_028982.1,Herelleviridae
NC_028983.1,Herelleviridae
NC_041928.1,Herelleviridae
NC_022088.2,Herelleviridae
NC_025423.1,Herelleviridae
NC_022769.1,Herelleviridae
NC_022761.1,Herelleviridae
NC_022771.1,Herelleviridae
NC_022763.1,Herelleviridae
NC_029121.1,Herelleviridae
NC_023573.1,Herelleviridae
NC_041862.1,Herelleviridae
NC_024383.1,Herelleviridae
NC_024216.1,Herelleviridae
NC_024207.1,Herelleviridae
NC_024213.1,Herelleviridae
NC_024205.1,Herelleviridae
NC_024211.1,Herelleviridae
NC_024788.1,Herelleviridae
NC_041839.1,Herelleviridae
NC_027335.2,Herelleviridae
NC_027352.1,Herelleviridae
NC_025416.1,Herelleviridae
NC_025426.1,Herelleviridae
NC_024792.1,Herelleviridae
NC_027366.1,Herelleviridae
NC_027374.1,Herelleviridae
NC_029058.1,Herelleviridae
NC_028765.1,Herelleviridae
NC_028962.1,Herelleviridae
NC_029009.1,Herelleviridae
NC_028890.1,Herelleviridae
NC_028887.1,Herelleviridae
NC_042140.1,Herelleviridae
NC_030920.1,Herelleviridae
NC_031056.1,Herelleviridae
NC_030925.1,Herelleviridae
NC_031006.1,Herelleviridae
NC_031070.1,Herelleviridae
NC_031037.1,Herelleviridae
NC_031049.1,Herelleviridae
NC_031100.1,Herelleviridae
NC_031027.1,Herelleviridae
NC_031116.1,Herelleviridae
NC_031034.1,Herelleviridae
NC_031024.1,Herelleviridae
NC_047767.1,Herelleviridae
NC_031012.1,Herelleviridae
NC_031054.1,Herelleviridae
NC_047796.1,Herelleviridae
NC_048652.1,Herelleviridae
NC_048677.1,Herelleviridae
NC_048134.1,Herelleviridae
NC_047924.1,Herelleviridae
NC_047926.1,Herelleviridae
NC_047948.1,Herelleviridae
NC_048084.1,Herelleviridae
NC_048085.1,Herelleviridae
NC_048087.1,Herelleviridae
NC_048754.1,Herelleviridae
NC_048752.1,Herelleviridae
NC_048753.1,Herelleviridae
NC_048797.1,Herelleviridae
NC_011421.1,Herelleviridae
NC_012530.1,Herelleviridae
NC_007066.1,Herelleviridae
NC_007021.1,Herelleviridae
NC_009811.2,Herelleviridae
NC_019511.1,Herelleviridae
NC_005880.2,Herelleviridae
NC_047728.1,Herelleviridae
NC_047853.1,Herelleviridae
NC_047720.1,Herelleviridae
NC_047736.1,Herelleviridae
NC_047735.1,Herelleviridae
NC_047745.1,Herelleviridae
NC_021781.2,Herelleviridae
NC_047722.1,Herelleviridae
NC_047723.1,Herelleviridae
NC_047725.1,Herelleviridae
NC_047726.1,Herelleviridae
NC_047727.1,Herelleviridae
NC_047724.1,Herelleviridae
NC_020877.1,Herelleviridae
NC_047721.1,Herelleviridae
NC_025417.1,Herelleviridae
NC_047744.1,Herelleviridae
NC_047871.1,Herelleviridae
NC_047872.1,Herelleviridae
NC_047729.1,Herelleviridae
NC_047730.1,Herelleviridae
NC_047732.1,Herelleviridae
NC_047731.1,Herelleviridae
NC_028944.1,Herelleviridae
NC_032212.1,Hypoviridae
NC_032476.1,Hypoviridae
NC_032616.1,Hypoviridae
NC_033473.1,Hypoviridae
NC_023680.1,Hypoviridae
NC_037659.1,Hypoviridae
NC_024685.1,Hypoviridae
NC_022896.1,Hypoviridae
NC_000960.1,Hypoviridae
NC_017099.1,Hypoviridae
NC_015939.1,Hypoviridae
NC_001492.1,Hypoviridae
NC_006431.1,Hypoviridae
NC_076659.1,Hypoviridae
NC_076636.1,Hypoviridae
NC_076599.1,Hypoviridae
NC_076630.1,Hypoviridae
NC_076596.1,Hypoviridae
NC_076622.1,Hypoviridae
NC_076641.1,Hypoviridae
NC_076642.1,Hypoviridae
NC_076643.1,Hypoviridae
NC_076644.1,Hypoviridae
NC_076646.1,Hypoviridae
NC_076647.1,Hypoviridae
NC_076660.1,Hypoviridae
NC_076661.1,Hypoviridae
NC_076662.1,Hypoviridae
NC_076634.1,Hypoviridae
NC_076691.1,Hypoviridae
NC_076658.1,Hypoviridae
NC_076725.1,Hypoviridae
NC_076726.1,Hypoviridae
NC_076729.1,Hypoviridae
NC_076846.1,Hypoviridae
NC_076847.1,Hypoviridae
NC_077057.1,Hypoviridae
NC_076613.1,Hypoviridae
NC_010356.1,Hytrosaviridae
NC_010671.1,Hytrosaviridae
NC_027713.1,Iflaviridae
NC_033619.1,Iflaviridae
NC_033823.1,Iflaviridae
NC_034217.1,Iflaviridae
NC_034384.1,Iflaviridae
NC_031749.1,Iflaviridae
NC_032087.1,Iflaviridae
NC_036585.1,Iflaviridae
NC_023627.1,Iflaviridae
NC_023676.1,Iflaviridae
NC_024016.1,Iflaviridae
NC_021567.1,Iflaviridae
NC_025788.1,Iflaviridae
NC_025835.1,Iflaviridae
NC_026250.1,Iflaviridae
NC_022611.1,Iflaviridae
NC_026733.1,Iflaviridae
NC_023022.1,Iflaviridae
NC_003781.1,Iflaviridae
NC_016405.1,Iflaviridae
NC_003113.1,Iflaviridae
NC_005092.1,Iflaviridae
NC_014137.1,Iflaviridae
NC_002066.1,Iflaviridae
NC_006494.1,Iflaviridae
NC_036389.1,Iflaviridae
NC_038302.1,Iflaviridae
NC_009530.1,Iflaviridae
NC_040601.1,Iflaviridae
NC_040675.1,Iflaviridae
NC_040716.1,Iflaviridae
NC_040832.1,Iflaviridae
NC_040724.1,Iflaviridae
NC_078647.1,Iflaviridae
NC_078648.1,Iflaviridae
NC_023586.1,Inoviridae
NC_010429.1,Inoviridae
NC_021562.1,Inoviridae
NC_021569.1,Inoviridae
NC_021862.1,Inoviridae
NC_025454.1,Inoviridae
NC_026582.1,Inoviridae
NC_026612.1,Inoviridae
NC_001418.1,Inoviridae
NC_001956.1,Inoviridae
NC_006294.1,Inoviridae
NC_004306.1,Inoviridae
NC_005948.1,Inoviridae
NC_003327.2,Inoviridae
NC_003287.2,Inoviridae
NC_004736.1,Inoviridae
NC_001954.1,Inoviridae
NC_007189.1,Inoviridae
NC_002014.1,Inoviridae
NC_002362.1,Inoviridae
NC_005131.2,Inoviridae
NC_001332.1,Inoviridae
NC_008574.2,Inoviridae
NC_008575.1,Inoviridae
NC_016162.1,Inoviridae
NC_015297.1,Inoviridae
NC_015586.1,Inoviridae
NC_001331.1,Inoviridae
NC_011399.1,Inoviridae
NC_043028.1,Inoviridae
NC_043029.1,Inoviridae
NC_047765.1,Inoviridae
NC_062737.1,Inoviridae
NC_015209.1,Inoviridae
NC_001396.1,Inoviridae
NC_073754.1,Inoviridae
NC_073748.1,Inoviridae
NC_073749.1,Inoviridae
NC_073753.1,Inoviridae
NC_073755.1,Inoviridae
NC_073752.1,Inoviridae
NC_073758.1,Inoviridae
NC_073750.1,Inoviridae
NC_073760.1,Inoviridae
NC_073759.1,Inoviridae
NC_073756.1,Inoviridae
NC_073757.1,Inoviridae
NC_073751.1,Inoviridae
NC_025823.1,Inoviridae
NC_075025.1,Inoviridae
NC_075026.1,Inoviridae
NC_074763.1,Inoviridae
NC_002363.1,Inoviridae
NC_005949.1,Inoviridae
NC_003311.2,Inoviridae
NC_012757.1,Inoviridae
NC_055051.1,Inoviridae
NC_074762.1,Inoviridae
NC_055054.1,Inoviridae
NC_055053.1,Inoviridae
NC_074765.1,Inoviridae
NC_055055.1,Inoviridae
NC_025824.1,Inoviridae
NC_055828.1,Intestiviridae
NC_055870.1,Intestiviridae
NC_055874.1,Intestiviridae
NC_055876.1,Intestiviridae
NC_055877.1,Intestiviridae
NC_055879.1,Intestiviridae
NC_055887.1,Intestiviridae
NC_067194.1,Intestiviridae
NC_055756.1,Intestiviridae
NC_055760.1,Intestiviridae
NC_062769.1,Intestiviridae
NC_062774.1,Intestiviridae
NC_062771.1,Intestiviridae
NC_062776.1,Intestiviridae
NC_062766.1,Intestiviridae
NC_062764.1,Intestiviridae
NC_062770.1,Intestiviridae
NC_062778.1,Intestiviridae
NC_038508.1,Iridoviridae
NC_055603.1,Iridoviridae
NC_008187.1,Iridoviridae
NC_001824.1,Iridoviridae
NC_015780.1,Iridoviridae
NC_024451.1,Iridoviridae
NC_017940.1,Iridoviridae
NC_028461.1,Iridoviridae
NC_038507.1,Iridoviridae
NC_003038.1,Iridoviridae
NC_003494.1,Iridoviridae
NC_005902.1,Iridoviridae
NC_006549.1,Iridoviridae
NC_005832.1,Iridoviridae
NC_023615.1,Iridoviridae
NC_023611.1,Iridoviridae
NC_039034.1,Iridoviridae
NC_030394.2,Iridoviridae
NC_021901.1,Iridoviridae
NC_023613.1,Iridoviridae
NC_027778.1,Iridoviridae
NC_030842.1,Iridoviridae
NC_033423.1,Iridoviridae
NC_040612.1,Iridoviridae
NC_055165.1,Iridoviridae
NC_077218.1,Iridoviridae
NC_005946.1,Iridoviridae
NC_075538.1,Iridoviridae
NC_008169.1,Kitaviridae
NC_016142.1,Kitaviridae
NC_016143.1,Kitaviridae
NC_016085.1,Kitaviridae
NC_016141.1,Kitaviridae
NC_016084.1,Kitaviridae
NC_016086.1,Kitaviridae
NC_016087.1,Kitaviridae
NC_008170.1,Kitaviridae
NC_038848.1,Kitaviridae
NC_038849.1,Kitaviridae
NC_040401.1,Kitaviridae
NC_040402.1,Kitaviridae
NC_040403.1,Kitaviridae
NC_040404.1,Kitaviridae
NC_055652.1,Kitaviridae
NC_055653.1,Kitaviridae
NC_078392.1,Kitaviridae
NC_078393.1,Kitaviridae
NC_078394.1,Kitaviridae
NC_078395.1,Kitaviridae
NC_078673.1,Kitaviridae
NC_078674.1,Kitaviridae
NC_079103.1,Kitaviridae
NC_079104.1,Kitaviridae
NC_079105.1,Kitaviridae
NC_079106.1,Kitaviridae
NC_079101.1,Kitaviridae
NC_079102.1,Kitaviridae
NC_070966.1,Kleczkowskaviridae
NC_070967.1,Kleczkowskaviridae
NC_040845.1,Kolmioviridae
NC_040729.1,Kolmioviridae
NC_001653.2,Kolmioviridae
NC_076418.1,Kolmioviridae
NC_076395.1,Kolmioviridae
NC_059681.1,Kolmioviridae
NC_059682.1,Kolmioviridae
NC_075122.1,Kolmioviridae
NC_076417.1,Kolmioviridae
NC_076411.1,Kolmioviridae
NC_006820.1,Kyanoviridae
NC_006883.2,Kyanoviridae
NC_006884.2,Kyanoviridae
NC_008296.2,Kyanoviridae
NC_015282.1,Kyanoviridae
NC_015279.1,Kyanoviridae
NC_015288.1,Kyanoviridae
NC_015283.1,Kyanoviridae
NC_015281.1,Kyanoviridae
NC_015286.1,Kyanoviridae
NC_015289.1,Kyanoviridae
NC_015287.1,Kyanoviridae
NC_015290.1,Kyanoviridae
NC_021071.1,Kyanoviridae
NC_021559.1,Kyanoviridae
NC_020875.1,Kyanoviridae
NC_021072.1,Kyanoviridae
NC_013085.1,Kyanoviridae
NC_031242.1,Kyanoviridae
NC_020837.1,Kyanoviridae
NC_021530.1,Kyanoviridae
NC_047733.1,Kyanoviridae
NC_020859.1,Kyanoviridae
NC_020486.1,Kyanoviridae
NC_020855.1,Kyanoviridae
NC_048015.1,Kyanoviridae
NC_019444.1,Kyanoviridae
NC_019443.1,Kyanoviridae
NC_031235.1,Kyanoviridae
NC_047734.1,Kyanoviridae
NC_023587.1,Kyanoviridae
NC_023584.1,Kyanoviridae
NC_027130.1,Kyanoviridae
NC_047718.1,Kyanoviridae
NC_047719.1,Kyanoviridae
NC_062734.1,Kyanoviridae
NC_026928.1,Kyanoviridae
NC_062736.1,Kyanoviridae
NC_026927.1,Kyanoviridae
NC_026924.1,Kyanoviridae
NC_026926.1,Kyanoviridae
NC_062735.1,Kyanoviridae
NC_028955.1,Kyanoviridae
NC_028663.1,Kyanoviridae
NC_031944.1,Kyanoviridae
NC_031935.1,Kyanoviridae
NC_031903.1,Kyanoviridae
NC_055710.1,Kyanoviridae
NC_031906.1,Kyanoviridae
NC_031900.1,Kyanoviridae
NC_031927.1,Kyanoviridae
NC_031922.1,Kyanoviridae
NC_055719.1,Kyanoviridae
NC_047838.1,Kyanoviridae
NC_055761.1,Kyanoviridae
NC_055744.1,Kyanoviridae
NC_048049.1,Kyanoviridae
NC_048102.1,Kyanoviridae
NC_047713.1,Kyanoviridae
NC_047712.1,Kyanoviridae
NC_047715.1,Kyanoviridae
NC_047716.1,Kyanoviridae
NC_047717.1,Kyanoviridae
NC_070965.1,Kyanoviridae
NC_070959.1,Kyanoviridae
NC_070963.1,Kyanoviridae
NC_070960.1,Kyanoviridae
NC_070964.1,Kyanoviridae
NC_070961.1,Kyanoviridae
NC_070839.1,Kyanoviridae
NC_015230.1,Lavidaviridae
NC_011132.1,Lavidaviridae
NC_022990.1,Lavidaviridae
NC_028269.1,Lavidaviridae
NC_028270.1,Lavidaviridae
NC_028257.1,Lavidaviridae
NC_055202.1,Leishbuviridae
NC_055203.1,Leishbuviridae
NC_055204.1,Leishbuviridae
NC_001902.1,Leisingerviridae
NC_002628.3,Leisingerviridae
NC_003214.2,Lipothrixviridae
NC_009884.1,Lipothrixviridae
NC_010155.1,Lipothrixviridae
NC_010152.1,Lipothrixviridae
NC_010154.1,Lipothrixviridae
NC_048037.1,Lipothrixviridae
NC_048128.1,Lipothrixviridae
NC_048127.1,Lipothrixviridae
NC_031270.1,Lispiviridae
NC_031259.1,Lispiviridae
NC_032929.1,Lispiviridae
NC_032944.1,Lispiviridae
NC_033436.1,Lispiviridae
NC_076632.1,Lispiviridae
NC_076698.1,Lispiviridae
NC_076875.1,Lispiviridae
NC_076877.1,Lispiviridae
NC_076876.1,Lispiviridae
NC_076878.1,Lispiviridae
NC_076879.1,Lispiviridae
NC_076919.1,Lispiviridae
NC_076921.1,Lispiviridae
NC_076920.1,Lispiviridae
NC_076915.1,Lispiviridae
NC_077113.1,Lispiviridae
NC_077094.1,Lispiviridae
NC_076943.1,Lispiviridae
NC_076944.1,Lispiviridae
NC_077128.1,Lispiviridae
NC_077122.1,Lispiviridae
NC_077124.1,Lispiviridae
NC_077121.1,Lispiviridae
NC_077120.1,Lispiviridae
NC_077125.1,Lispiviridae
NC_077126.1,Lispiviridae
NC_077163.1,Lispiviridae
NC_018874.1,Malacoherpesviridae
NC_005881.2,Malacoherpesviridae
NC_029306.1,Marnaviridae
NC_029307.1,Marnaviridae
NC_029309.1,Marnaviridae
NC_033824.1,Marnaviridae
NC_024489.1,Marnaviridae
NC_025889.1,Marnaviridae
NC_012212.1,Marnaviridae
NC_009757.1,Marnaviridae
NC_009758.1,Marnaviridae
NC_007522.1,Marnaviridae
NC_005281.1,Marnaviridae
NC_038321.1,Marnaviridae
NC_043515.1,Marnaviridae
NC_043518.1,Marnaviridae
NC_043519.1,Marnaviridae
NC_043541.1,Marnaviridae
NC_043542.1,Marnaviridae
NC_043543.1,Marnaviridae
NC_043682.1,Marnaviridae
NC_055125.1,Marnaviridae
NC_043223.1,Marseilleviridae
NC_043224.1,Marseilleviridae
NC_043225.1,Marseilleviridae
NC_043226.1,Marseilleviridae
NC_043227.1,Marseilleviridae
NC_043228.1,Marseilleviridae
NC_013756.1,Marseilleviridae
NC_015326.1,Marseilleviridae
NC_038511.1,Marseilleviridae
NC_025412.1,Marseilleviridae
NC_031465.1,Marseilleviridae
NC_029692.1,Marseilleviridae
NC_030230.1,Marseilleviridae
NC_033775.1,Marseilleviridae
NC_001545.2,Matonaviridae
NC_076948.1,Matonaviridae
NC_076450.1,Matonaviridae
NC_076451.1,Matonaviridae
NC_004462.2,Matshushitaviridae
NC_013197.1,Matshushitaviridae
NC_031341.1,Mayoviridae
NC_031342.1,Mayoviridae
NC_034408.1,Mayoviridae
NC_034390.1,Mayoviridae
NC_013133.1,Mayoviridae
NC_013134.1,Mayoviridae
NC_003739.1,Mayoviridae
NC_003740.1,Mayoviridae
NC_055447.1,Mayoviridae
NC_055448.1,Mayoviridae
NC_029125.1,Megabirnaviridae
NC_013463.1,Megabirnaviridae
NC_013462.1,Megabirnaviridae
NC_027221.1,Megabirnaviridae
NC_027222.1,Megabirnaviridae
NC_036586.1,Mesoniviridae
NC_023986.1,Mesoniviridae
NC_020899.1,Mesoniviridae
NC_020900.1,Mesoniviridae
NC_020901.1,Mesoniviridae
NC_015668.1,Mesoniviridae
NC_038296.1,Mesoniviridae
NC_038297.1,Mesoniviridae
NC_043488.1,Mesoniviridae
NC_043489.1,Mesoniviridae
NC_040534.1,Mesoniviridae
NC_076856.1,Mesoniviridae
NC_076866.1,Mesoniviridae
NC_076855.1,Mesoniviridae
NC_010116.1,Mesyanzhinovviridae
NC_028770.1,Mesyanzhinovviridae
NC_018282.1,Mesyanzhinovviridae
NC_041934.1,Mesyanzhinovviridae
NC_026594.1,Mesyanzhinovviridae
NC_042115.1,Mesyanzhinovviridae
NC_028980.1,Mesyanzhinovviridae
NC_052966.1,Mesyanzhinovviridae
NC_047876.1,Mesyanzhinovviridae
NC_047878.1,Mesyanzhinovviridae
NC_052967.1,Mesyanzhinovviridae
NC_006938.1,Mesyanzhinovviridae
NC_052964.1,Mesyanzhinovviridae
NC_007809.1,Mesyanzhinovviridae
NC_071036.1,Mesyanzhinovviridae
NC_038512.1,Metaviridae
NC_043491.1,Metaviridae
NC_027637.1,Microviridae
NC_027636.1,Microviridae
NC_027635.1,Microviridae
NC_027634.1,Microviridae
NC_027633.1,Microviridae
NC_027648.1,Microviridae
NC_027647.1,Microviridae
NC_027646.1,Microviridae
NC_027645.1,Microviridae
NC_027644.1,Microviridae
NC_027643.1,Microviridae
NC_027642.1,Microviridae
NC_027641.1,Microviridae
NC_027640.1,Microviridae
NC_027639.1,Microviridae
NC_027638.1,Microviridae
NC_028993.1,Microviridae
NC_029014.1,Microviridae
NC_029012.1,Microviridae
NC_030458.1,Microviridae
NC_030472.1,Microviridae
NC_021797.1,Microviridae
NC_021805.1,Microviridae
NC_026013.1,Microviridae
NC_022790.1,Microviridae
NC_026665.1,Microviridae
NC_001730.1,Microviridae
NC_001998.1,Microviridae
NC_007821.1,Microviridae
NC_007856.1,Microviridae
NC_012868.1,Microviridae
NC_001741.1,Microviridae
NC_002194.1,Microviridae
NC_015785.1,Microviridae
NC_001330.1,Microviridae
NC_001420.2,Microviridae
NC_007817.1,Microviridae
NC_002643.1,Microviridae
NC_030476.1,Microviridae
NC_007461.1,Microviridae
NC_007818.1,Microviridae
NC_007819.1,Microviridae
NC_007820.1,Microviridae
NC_007822.1,Microviridae
NC_007823.1,Microviridae
NC_007824.1,Microviridae
NC_007825.1,Microviridae
NC_007827.1,Microviridae
NC_040350.1,Microviridae
NC_040342.1,Microviridae
NC_040328.1,Microviridae
NC_040374.1,Microviridae
NC_040373.1,Microviridae
NC_040349.1,Microviridae
NC_040375.1,Microviridae
NC_040329.1,Microviridae
NC_040341.1,Microviridae
NC_048874.1,Microviridae
NC_001422.1,Microviridae
NC_003438.1,Microviridae
NC_002180.1,Microviridae
NC_014637.1,Mimiviridae
NC_020104.1,Mimiviridae
NC_028104.1,Mimiviridae
NC_075035.1,Mimiviridae
NC_075037.1,Mimiviridae
NC_075036.1,Mimiviridae
NC_075368.1,Mimiviridae
NC_075367.1,Mimiviridae
NC_079139.1,Mimiviridae
NC_029991.1,Mitoviridae
NC_028474.1,Mitoviridae
NC_028472.1,Mitoviridae
NC_028471.1,Mitoviridae
NC_028475.1,Mitoviridae
NC_030396.1,Mitoviridae
NC_030395.1,Mitoviridae
NC_030393.1,Mitoviridae
NC_030399.1,Mitoviridae
NC_030397.1,Mitoviridae
NC_030747.1,Mitoviridae
NC_030864.1,Mitoviridae
NC_030863.1,Mitoviridae
NC_030862.1,Mitoviridae
NC_030861.1,Mitoviridae
NC_037056.1,Mitoviridae
NC_037055.1,Mitoviridae
NC_037054.1,Mitoviridae
NC_023598.1,Mitoviridae
NC_026510.1,Mitoviridae
NC_026621.1,Mitoviridae
NC_026622.1,Mitoviridae
NC_004053.1,Mitoviridae
NC_017003.1,Mitoviridae
NC_012585.1,Mitoviridae
NC_004054.1,Mitoviridae
NC_004052.1,Mitoviridae
NC_015629.1,Mitoviridae
NC_004046.1,Mitoviridae
NC_004049.1,Mitoviridae
NC_011372.2,Mitoviridae
NC_035463.1,Mitoviridae
NC_040656.1,Mitoviridae
NC_040434.1,Mitoviridae
NC_040702.1,Mitoviridae
NC_040816.1,Mitoviridae
NC_040559.1,Mitoviridae
NC_040560.1,Mitoviridae
NC_040819.1,Mitoviridae
NC_040543.1,Mitoviridae
NC_040844.1,Mitoviridae
NC_040726.1,Mitoviridae
NC_040585.1,Mitoviridae
NC_040563.1,Mitoviridae
NC_027921.1,Mitoviridae
NC_076517.1,Mitoviridae
NC_076521.1,Mitoviridae
NC_076514.1,Mitoviridae
NC_076520.1,Mitoviridae
NC_076553.1,Mitoviridae
NC_076555.1,Mitoviridae
NC_076554.1,Mitoviridae
NC_076556.1,Mitoviridae
NC_076557.1,Mitoviridae
NC_076560.1,Mitoviridae
NC_076566.1,Mitoviridae
NC_076567.1,Mitoviridae
NC_076563.1,Mitoviridae
NC_076564.1,Mitoviridae
NC_076559.1,Mitoviridae
NC_076568.1,Mitoviridae
NC_076572.1,Mitoviridae
NC_076574.1,Mitoviridae
NC_076571.1,Mitoviridae
NC_076587.1,Mitoviridae
NC_076588.1,Mitoviridae
NC_076595.1,Mitoviridae
NC_076589.1,Mitoviridae
NC_076628.1,Mitoviridae
NC_076523.1,Mitoviridae
NC_076527.1,Mitoviridae
NC_076528.1,Mitoviridae
NC_076529.1,Mitoviridae
NC_076526.1,Mitoviridae
NC_076525.1,Mitoviridae
NC_076524.1,Mitoviridae
NC_076650.1,Mitoviridae
NC_076651.1,Mitoviridae
NC_076654.1,Mitoviridae
NC_076699.1,Mitoviridae
NC_076700.1,Mitoviridae
NC_076701.1,Mitoviridae
NC_076702.1,Mitoviridae
NC_076703.1,Mitoviridae
NC_076704.1,Mitoviridae
NC_076705.1,Mitoviridae
NC_076530.1,Mitoviridae
NC_076693.1,Mitoviridae
NC_076695.1,Mitoviridae
NC_076694.1,Mitoviridae
NC_076713.1,Mitoviridae
NC_076681.1,Mitoviridae
NC_076669.1,Mitoviridae
NC_076670.1,Mitoviridae
NC_076671.1,Mitoviridae
NC_076672.1,Mitoviridae
NC_076673.1,Mitoviridae
NC_076674.1,Mitoviridae
NC_076675.1,Mitoviridae
NC_076676.1,Mitoviridae
NC_076717.1,Mitoviridae
NC_076718.1,Mitoviridae
NC_076824.1,Mitoviridae
NC_076901.1,Mitoviridae
NC_076733.1,Mitoviridae
NC_076903.1,Mitoviridae
NC_076881.1,Mitoviridae
NC_076900.1,Mitoviridae
NC_032783.1,Mymonaviridae
NC_026732.1,Mymonaviridae
NC_043483.1,Mymonaviridae
NC_075296.1,Mymonaviridae
NC_075297.1,Mymonaviridae
NC_075298.1,Mymonaviridae
NC_075299.1,Mymonaviridae
NC_076209.1,Mymonaviridae
NC_076265.1,Mymonaviridae
NC_076025.1,Mymonaviridae
NC_076392.1,Mymonaviridae
NC_076394.1,Mymonaviridae
NC_076391.1,Mymonaviridae
NC_076393.1,Mymonaviridae
NC_076357.1,Mymonaviridae
NC_076461.1,Mymonaviridae
NC_076452.1,Mymonaviridae
NC_076453.1,Mymonaviridae
NC_076454.1,Mymonaviridae
NC_076455.1,Mymonaviridae
NC_076456.1,Mymonaviridae
NC_076458.1,Mymonaviridae
NC_076459.1,Mymonaviridae
NC_076460.1,Mymonaviridae
NC_076457.1,Mymonaviridae
NC_076445.1,Mymonaviridae
NC_076491.1,Mymonaviridae
NC_076843.1,Mymonaviridae
NC_076844.1,Mymonaviridae
NC_076845.1,Mymonaviridae
NC_076897.1,Mymonaviridae
NC_076899.1,Mymonaviridae
NC_077116.1,Mymonaviridae
NC_077117.1,Mymonaviridae
NC_077100.1,Mymonaviridae
NC_077174.1,Mymonaviridae
NC_033760.1,Mypoviridae
NC_033761.1,Mypoviridae
NC_033759.1,Mypoviridae
NC_029936.1,Nairoviridae
NC_029931.1,Nairoviridae
NC_029935.1,Nairoviridae
NC_029932.1,Nairoviridae
NC_029933.1,Nairoviridae
NC_036636.1,Nairoviridae
NC_029122.1,Nairoviridae
NC_029123.1,Nairoviridae
NC_029124.1,Nairoviridae
NC_031141.1,Nairoviridae
NC_031142.1,Nairoviridae
NC_031136.1,Nairoviridae
NC_031135.1,Nairoviridae
NC_031218.1,Nairoviridae
NC_031220.1,Nairoviridae
NC_031288.1,Nairoviridae
NC_031285.1,Nairoviridae
NC_034386.1,Nairoviridae
NC_034391.1,Nairoviridae
NC_034387.1,Nairoviridae
NC_025831.1,Nairoviridae
NC_025832.1,Nairoviridae
NC_025833.1,Nairoviridae
NC_004157.1,Nairoviridae
NC_005302.1,Nairoviridae
NC_004159.1,Nairoviridae
NC_005300.2,Nairoviridae
NC_004158.1,Nairoviridae
NC_005301.3,Nairoviridae
NC_038709.1,Nairoviridae
NC_038710.1,Nairoviridae
NC_038711.1,Nairoviridae
NC_034388.1,Nairoviridae
NC_034389.1,Nairoviridae
NC_034392.1,Nairoviridae
NC_039220.1,Nairoviridae
NC_039221.1,Nairoviridae
NC_039222.1,Nairoviridae
NC_043437.1,Nairoviridae
NC_043438.1,Nairoviridae
NC_043439.1,Nairoviridae
NC_043440.1,Nairoviridae
NC_043441.1,Nairoviridae
NC_043442.1,Nairoviridae
NC_043434.1,Nairoviridae
NC_043435.1,Nairoviridae
NC_043436.1,Nairoviridae
NC_040770.1,Nairoviridae
NC_040771.1,Nairoviridae
NC_040772.1,Nairoviridae
NC_040512.1,Nairoviridae
NC_040513.1,Nairoviridae
NC_040514.1,Nairoviridae
NC_040458.1,Nairoviridae
NC_040459.1,Nairoviridae
NC_040460.1,Nairoviridae
NC_031137.1,Nairoviridae
NC_031143.1,Nairoviridae
NC_031219.1,Nairoviridae
NC_031286.1,Nairoviridae
NC_031289.1,Nairoviridae
NC_034494.1,Nairoviridae
NC_034502.1,Nairoviridae
NC_034503.1,Nairoviridae
NC_034554.1,Nairoviridae
NC_034561.1,Nairoviridae
NC_034562.1,Nairoviridae
NC_034510.1,Nairoviridae
NC_034520.1,Nairoviridae
NC_034521.1,Nairoviridae
NC_034511.1,Nairoviridae
NC_034512.1,Nairoviridae
NC_034522.1,Nairoviridae
NC_055216.1,Nairoviridae
NC_055217.1,Nairoviridae
NC_055218.1,Nairoviridae
NC_055940.1,Nairoviridae
NC_078251.1,Nairoviridae
NC_078252.1,Nairoviridae
NC_078253.1,Nairoviridae
NC_078254.1,Nairoviridae
NC_078255.1,Nairoviridae
NC_078158.1,Nairoviridae
NC_078159.1,Nairoviridae
NC_078160.1,Nairoviridae
NC_078146.1,Nairoviridae
NC_078147.1,Nairoviridae
NC_078148.1,Nairoviridae
NC_078149.1,Nairoviridae
NC_078150.1,Nairoviridae
NC_078151.1,Nairoviridae
NC_078167.1,Nairoviridae
NC_078168.1,Nairoviridae
NC_078169.1,Nairoviridae
NC_078248.1,Nairoviridae
NC_078249.1,Nairoviridae
NC_078250.1,Nairoviridae
NC_078128.1,Nairoviridae
NC_078129.1,Nairoviridae
NC_078130.1,Nairoviridae
NC_078131.1,Nairoviridae
NC_078132.1,Nairoviridae
NC_078133.1,Nairoviridae
NC_078237.1,Nairoviridae
NC_078239.1,Nairoviridae
NC_078240.1,Nairoviridae
NC_078289.1,Nairoviridae
NC_078290.1,Nairoviridae
NC_078291.1,Nairoviridae
NC_078264.1,Nairoviridae
NC_078265.1,Nairoviridae
NC_055922.1,Nairoviridae
NC_078259.1,Nairoviridae
NC_078260.1,Nairoviridae
NC_078266.1,Nairoviridae
NC_078267.1,Nairoviridae
NC_078268.1,Nairoviridae
NC_079010.1,Nairoviridae
NC_078344.1,Nairoviridae
NC_078345.1,Nairoviridae
NC_079000.1,Nairoviridae
NC_079001.1,Nairoviridae
NC_079002.1,Nairoviridae
NC_078997.1,Nairoviridae
NC_078998.1,Nairoviridae
NC_078999.1,Nairoviridae
NC_079098.1,Nairoviridae
NC_079099.1,Nairoviridae
NC_079100.1,Nairoviridae
NC_078225.1,Nairoviridae
NC_078226.1,Nairoviridae
NC_078227.1,Nairoviridae
NC_078323.1,Nairoviridae
NC_078324.1,Nairoviridae
NC_078325.1,Nairoviridae
NC_078143.1,Nairoviridae
NC_078144.1,Nairoviridae
NC_078145.1,Nairoviridae
NC_078320.1,Nairoviridae
NC_078321.1,Nairoviridae
NC_078322.1,Nairoviridae
NC_023300.1,Nanoviridae
NC_023301.1,Nanoviridae
NC_023302.1,Nanoviridae
NC_023304.1,Nanoviridae
NC_023306.1,Nanoviridae
NC_023307.1,Nanoviridae
NC_023299.1,Nanoviridae
NC_023296.1,Nanoviridae
NC_023297.1,Nanoviridae
NC_023298.1,Nanoviridae
NC_023308.1,Nanoviridae
NC_023309.1,Nanoviridae
NC_023310.1,Nanoviridae
NC_023303.1,Nanoviridae
NC_023311.1,Nanoviridae
NC_023154.1,Nanoviridae
NC_023155.1,Nanoviridae
NC_023156.1,Nanoviridae
NC_023157.1,Nanoviridae
NC_023158.1,Nanoviridae
NC_023159.1,Nanoviridae
NC_023160.1,Nanoviridae
NC_023161.1,Nanoviridae
NC_024457.1,Nanoviridae
NC_013094.1,Nanoviridae
NC_013095.1,Nanoviridae
NC_013098.1,Nanoviridae
NC_013099.1,Nanoviridae
NC_013100.1,Nanoviridae
NC_013096.1,Nanoviridae
NC_003473.1,Nanoviridae
NC_003476.1,Nanoviridae
NC_003566.1,Nanoviridae
NC_010315.1,Nanoviridae
NC_010316.1,Nanoviridae
NC_010318.1,Nanoviridae
NC_010319.1,Nanoviridae
NC_003645.1,Nanoviridae
NC_003479.1,Nanoviridae
NC_003562.1,Nanoviridae
NC_003642.1,Nanoviridae
NC_003643.1,Nanoviridae
NC_003648.1,Nanoviridae
NC_003644.1,Nanoviridae
NC_003561.1,Nanoviridae
NC_003477.1,Nanoviridae
NC_003475.1,Nanoviridae
NC_003474.1,Nanoviridae
NC_013097.1,Nanoviridae
NC_003646.1,Nanoviridae
NC_003564.1,Nanoviridae
NC_003563.1,Nanoviridae
NC_013101.1,Nanoviridae
NC_003641.1,Nanoviridae
NC_023626.1,Nanoviridae
NC_003559.1,Nanoviridae
NC_003560.1,Nanoviridae
NC_003812.1,Nanoviridae
NC_003813.1,Nanoviridae
NC_003815.1,Nanoviridae
NC_003816.1,Nanoviridae
NC_003817.1,Nanoviridae
NC_003819.1,Nanoviridae
NC_038808.1,Nanoviridae
NC_038809.1,Nanoviridae
NC_038810.1,Nanoviridae
NC_038811.1,Nanoviridae
NC_038812.1,Nanoviridae
NC_038813.1,Nanoviridae
NC_038814.1,Nanoviridae
NC_038815.1,Nanoviridae
NC_038816.1,Nanoviridae
NC_038904.1,Nanoviridae
NC_038906.1,Nanoviridae
NC_038908.1,Nanoviridae
NC_038909.1,Nanoviridae
NC_038910.1,Nanoviridae
NC_038911.1,Nanoviridae
NC_040744.1,Nanoviridae
NC_040745.1,Nanoviridae
NC_040746.1,Nanoviridae
NC_040747.1,Nanoviridae
NC_040748.1,Nanoviridae
NC_040749.1,Nanoviridae
NC_040750.1,Nanoviridae
NC_040751.1,Nanoviridae
NC_055616.1,Nanoviridae
NC_055617.1,Nanoviridae
NC_055618.1,Nanoviridae
NC_055619.1,Nanoviridae
NC_055620.1,Nanoviridae
NC_055621.1,Nanoviridae
NC_055622.1,Nanoviridae
NC_055623.1,Nanoviridae
NC_055609.1,Nanoviridae
NC_055610.1,Nanoviridae
NC_055611.1,Nanoviridae
NC_055612.1,Nanoviridae
NC_055613.1,Nanoviridae
NC_055614.1,Nanoviridae
NC_055615.1,Nanoviridae
NC_078215.1,Nanoviridae
NC_078216.1,Nanoviridae
NC_078217.1,Nanoviridae
NC_078218.1,Nanoviridae
NC_078219.1,Nanoviridae
NC_078220.1,Nanoviridae
NC_078221.1,Nanoviridae
NC_078222.1,Nanoviridae
NC_029782.1,Narnaviridae
NC_030308.1,Narnaviridae
NC_028473.1,Narnaviridae
NC_030866.1,Narnaviridae
NC_030865.1,Narnaviridae
NC_035114.1,Narnaviridae
NC_004051.1,Narnaviridae
NC_004050.1,Narnaviridae
NC_040661.1,Narnaviridae
NC_040683.1,Narnaviridae
NC_040829.1,Narnaviridae
NC_040641.1,Narnaviridae
NC_040571.1,Narnaviridae
NC_040764.1,Narnaviridae
NC_040765.1,Narnaviridae
NC_076420.1,Narnaviridae
NC_076421.1,Narnaviridae
NC_076730.1,Naryaviridae
NC_076888.1,Naryaviridae
NC_076880.1,Naryaviridae
NC_040524.1,Nenyaviridae
NC_076889.1,Nenyaviridae
NC_076890.1,Nenyaviridae
NC_003225.3,Nimaviridae
NC_075105.1,Nimaviridae
NC_028097.1,Nodaviridae
NC_028098.1,Nodaviridae
NC_028134.1,Nodaviridae
NC_028133.1,Nodaviridae
NC_024492.1,Nodaviridae
NC_024493.1,Nodaviridae
NC_013461.1,Nodaviridae
NC_004146.1,Nodaviridae
NC_008040.1,Nodaviridae
NC_008041.1,Nodaviridae
NC_014977.1,Nodaviridae
NC_002037.1,Nodaviridae
NC_015070.1,Nodaviridae
NC_004144.1,Nodaviridae
NC_002691.1,Nodaviridae
NC_003448.1,Nodaviridae
NC_001411.2,Nodaviridae
NC_014978.1,Nodaviridae
NC_003692.1,Nodaviridae
NC_004142.1,Nodaviridae
NC_013458.1,Nodaviridae
NC_013459.1,Nodaviridae
NC_013460.1,Nodaviridae
NC_005095.1,Nodaviridae
NC_003691.1,Nodaviridae
NC_015069.1,Nodaviridae
NC_002690.1,Nodaviridae
NC_003449.1,Nodaviridae
NC_024692.1,Nudiviridae
NC_026242.1,Nudiviridae
NC_009240.1,Nudiviridae
NC_004156.2,Nudiviridae
NC_040789.1,Nudiviridae
NC_040699.1,Nudiviridae
NC_040536.1,Nudiviridae
NC_055571.1,Nudiviridae
NC_033829.1,Nudiviridae
NC_076232.1,Nudiviridae
NC_076946.1,Nudiviridae
NC_076945.1,Nudiviridae
NC_031275.1,Nyamiviridae
NC_032541.1,Nyamiviridae
NC_032544.1,Nyamiviridae
NC_032793.1,Nyamiviridae
NC_033450.1,Nyamiviridae
NC_033451.1,Nyamiviridae
NC_024376.1,Nyamiviridae
NC_024702.1,Nyamiviridae
NC_012702.1,Nyamiviridae
NC_012703.1,Nyamiviridae
NC_043485.1,Nyamiviridae
NC_043486.1,Nyamiviridae
NC_076249.1,Nyamiviridae
NC_076187.1,Nyamiviridae
NC_076412.1,Nyamiviridae
NC_076714.1,Nyamiviridae
NC_076611.1,Nyamiviridae
NC_076500.1,Nyamiviridae
NC_076906.1,Nyamiviridae
NC_077127.1,Nyamiviridae
NC_052940.1,Orlajensenviridae
NC_052932.1,Orlajensenviridae
NC_052939.1,Orlajensenviridae
NC_052937.1,Orlajensenviridae
NC_054431.1,Orlajensenviridae
NC_052941.1,Orlajensenviridae
NC_052935.1,Orlajensenviridae
NC_052933.1,Orlajensenviridae
NC_052936.1,Orlajensenviridae
NC_052938.1,Orlajensenviridae
NC_052934.1,Orlajensenviridae
NC_030117.1,Orthoherpesviridae
NC_027016.1,Orthoherpesviridae
NC_027916.2,Orthoherpesviridae
NC_029255.1,Orthoherpesviridae
NC_028099.1,Orthoherpesviridae
NC_028891.1,Orthoherpesviridae
NC_033620.1,Orthoherpesviridae
NC_033464.1,Orthoherpesviridae
NC_033176.1,Orthoherpesviridae
NC_034446.1,Orthoherpesviridae
NC_035117.1,Orthoherpesviridae
NC_023677.1,Orthoherpesviridae
NC_024303.1,Orthoherpesviridae
NC_024306.1,Orthoherpesviridae
NC_020231.1,Orthoherpesviridae
NC_024382.1,Orthoherpesviridae
NC_020474.2,Orthoherpesviridae
NC_024696.1,Orthoherpesviridae
NC_024771.1,Orthoherpesviridae
NC_022233.1,Orthoherpesviridae
NC_026421.1,Orthoherpesviridae
NC_004812.1,Orthoherpesviridae
NC_006151.1,Orthoherpesviridae
NC_007605.1,Orthoherpesviridae
NC_002229.3,Orthoherpesviridae
NC_009334.1,Orthoherpesviridae
NC_007653.1,Orthoherpesviridae
NC_006273.2,Orthoherpesviridae
NC_011644.1,Orthoherpesviridae
NC_002531.1,Orthoherpesviridae
NC_001491.2,Orthoherpesviridae
NC_001987.1,Orthoherpesviridae
NC_006150.1,Orthoherpesviridae
NC_001826.2,Orthoherpesviridae
NC_001350.1,Orthoherpesviridae
NC_004367.1,Orthoherpesviridae
NC_000898.1,Orthoherpesviridae
NC_002665.1,Orthoherpesviridae
NC_005261.3,Orthoherpesviridae
NC_005264.1,Orthoherpesviridae
NC_006623.1,Orthoherpesviridae
NC_006560.1,Orthoherpesviridae
NC_004065.1,Orthoherpesviridae
NC_001716.2,Orthoherpesviridae
NC_001844.1,Orthoherpesviridae
NC_014567.1,Orthoherpesviridae
NC_013036.1,Orthoherpesviridae
NC_002686.2,Orthoherpesviridae
NC_012783.2,Orthoherpesviridae
NC_001650.2,Orthoherpesviridae
NC_001806.2,Orthoherpesviridae
NC_007646.1,Orthoherpesviridae
NC_003521.1,Orthoherpesviridae
NC_002512.2,Orthoherpesviridae
NC_006146.1,Orthoherpesviridae
NC_016447.1,Orthoherpesviridae
NC_016448.1,Orthoherpesviridae
NC_002641.1,Orthoherpesviridae
NC_015049.1,Orthoherpesviridae
NC_001348.1,Orthoherpesviridae
NC_038260.1,Orthoherpesviridae
NC_038264.1,Orthoherpesviridae
NC_038265.1,Orthoherpesviridae
NC_038266.1,Orthoherpesviridae
NC_038267.1,Orthoherpesviridae
NC_038859.1,Orthoherpesviridae
NC_038860.1,Orthoherpesviridae
NC_038937.1,Orthoherpesviridae
NC_001664.4,Orthoherpesviridae
NC_009333.1,Orthoherpesviridae
NC_013590.2,Orthoherpesviridae
NC_043048.1,Orthoherpesviridae
NC_043052.1,Orthoherpesviridae
NC_043053.1,Orthoherpesviridae
NC_043054.1,Orthoherpesviridae
NC_043056.1,Orthoherpesviridae
NC_043058.1,Orthoherpesviridae
NC_043059.1,Orthoherpesviridae
NC_043060.1,Orthoherpesviridae
NC_043061.1,Orthoherpesviridae
NC_043062.1,Orthoherpesviridae
NC_040539.1,Orthoherpesviridae
NC_019559.2,Orthoherpesviridae
NC_028379.1,Orthoherpesviridae
NC_055135.1,Orthoherpesviridae
NC_055141.1,Orthoherpesviridae
NC_055234.1,Orthoherpesviridae
NC_007016.1,Orthoherpesviridae
NC_055233.1,Orthoherpesviridae
NC_016154.1,Orthoherpesviridae
NC_055166.1,Orthoherpesviridae
NC_055142.1,Orthoherpesviridae
NC_055232.1,Orthoherpesviridae
NC_063268.1,Orthoherpesviridae
NC_076512.1,Orthoherpesviridae
NC_076164.1,Orthoherpesviridae
NC_076165.1,Orthoherpesviridae
NC_075689.1,Orthoherpesviridae
NC_075725.1,Orthoherpesviridae
NC_075683.1,Orthoherpesviridae
NC_075702.1,Orthoherpesviridae
NC_075566.1,Orthoherpesviridae
NC_076509.1,Orthoherpesviridae
NC_075564.1,Orthoherpesviridae
NC_076513.1,Orthoherpesviridae
NC_075687.1,Orthoherpesviridae
NC_075918.1,Orthoherpesviridae
NC_075917.1,Orthoherpesviridae
NC_076964.1,Orthoherpesviridae
NC_075563.1,Orthoherpesviridae
NC_075701.1,Orthoherpesviridae
NC_076129.1,Orthoherpesviridae
NC_077039.1,Orthoherpesviridae
NC_075417.1,Orthoherpesviridae
NC_076965.1,Orthoherpesviridae
NC_076967.1,Orthoherpesviridae
NC_077028.1,Orthoherpesviridae
NC_001798.2,Orthoherpesviridae
NC_034254.1,Orthomyxoviridae
NC_034255.1,Orthomyxoviridae
NC_034256.1,Orthomyxoviridae
NC_034261.1,Orthomyxoviridae
NC_034262.1,Orthomyxoviridae
NC_034263.1,Orthomyxoviridae
NC_036615.1,Orthomyxoviridae
NC_036616.1,Orthomyxoviridae
NC_036617.1,Orthomyxoviridae
NC_036621.1,Orthomyxoviridae
NC_036618.1,Orthomyxoviridae
NC_036620.1,Orthomyxoviridae
NC_036619.1,Orthomyxoviridae
NC_025793.1,Orthomyxoviridae
NC_025794.1,Orthomyxoviridae
NC_025795.1,Orthomyxoviridae
NC_025796.1,Orthomyxoviridae
NC_025797.1,Orthomyxoviridae
NC_025798.1,Orthomyxoviridae
NC_025799.1,Orthomyxoviridae
NC_026422.1,Orthomyxoviridae
NC_026423.1,Orthomyxoviridae
NC_026424.1,Orthomyxoviridae
NC_026426.1,Orthomyxoviridae
NC_026427.1,Orthomyxoviridae
NC_026428.1,Orthomyxoviridae
NC_026425.1,Orthomyxoviridae
NC_007380.1,Orthomyxoviridae
NC_006307.2,Orthomyxoviridae
NC_026431.1,Orthomyxoviridae
NC_026434.1,Orthomyxoviridae
NC_026435.1,Orthomyxoviridae
NC_026438.1,Orthomyxoviridae
NC_002208.1,Orthomyxoviridae
NC_002209.1,Orthomyxoviridae
NC_002204.1,Orthomyxoviridae
NC_002210.1,Orthomyxoviridae
NC_002207.1,Orthomyxoviridae
NC_004909.1,Orthomyxoviridae
NC_004910.1,Orthomyxoviridae
NC_004912.1,Orthomyxoviridae
NC_007376.1,Orthomyxoviridae
NC_007377.1,Orthomyxoviridae
NC_007357.1,Orthomyxoviridae
NC_007359.1,Orthomyxoviridae
NC_007360.1,Orthomyxoviridae
NC_007364.1,Orthomyxoviridae
NC_007366.1,Orthomyxoviridae
NC_007367.1,Orthomyxoviridae
NC_007368.1,Orthomyxoviridae
NC_007369.1,Orthomyxoviridae
NC_007370.1,Orthomyxoviridae
NC_002023.1,Orthomyxoviridae
NC_002019.1,Orthomyxoviridae
NC_002017.1,Orthomyxoviridae
NC_002206.1,Orthomyxoviridae
NC_006507.1,Orthomyxoviridae
NC_006508.1,Orthomyxoviridae
NC_006497.1,Orthomyxoviridae
NC_007372.1,Orthomyxoviridae
NC_026432.1,Orthomyxoviridae
NC_004906.1,Orthomyxoviridae
NC_004907.1,Orthomyxoviridae
NC_006495.1,Orthomyxoviridae
NC_002018.1,Orthomyxoviridae
NC_006496.1,Orthomyxoviridae
NC_002020.1,Orthomyxoviridae
NC_007361.1,Orthomyxoviridae
NC_007374.1,Orthomyxoviridae
NC_007378.1,Orthomyxoviridae
NC_004908.1,Orthomyxoviridae
NC_006504.1,Orthomyxoviridae
NC_007358.1,Orthomyxoviridae
NC_007363.1,Orthomyxoviridae
NC_004905.2,Orthomyxoviridae
NC_002021.1,Orthomyxoviridae
NC_004911.1,Orthomyxoviridae
NC_006306.2,Orthomyxoviridae
NC_007362.1,Orthomyxoviridae
NC_007382.1,Orthomyxoviridae
NC_007381.1,Orthomyxoviridae
NC_002022.1,Orthomyxoviridae
NC_006310.2,Orthomyxoviridae
NC_007371.1,Orthomyxoviridae
NC_007373.1,Orthomyxoviridae
NC_002211.1,Orthomyxoviridae
NC_006312.2,Orthomyxoviridae
NC_002205.1,Orthomyxoviridae
NC_006308.2,Orthomyxoviridae
NC_006311.1,Orthomyxoviridae
NC_006309.2,Orthomyxoviridae
NC_002016.1,Orthomyxoviridae
NC_038817.1,Orthomyxoviridae
NC_038818.1,Orthomyxoviridae
NC_038819.1,Orthomyxoviridae
NC_038820.1,Orthomyxoviridae
NC_038821.1,Orthomyxoviridae
NC_038822.1,Orthomyxoviridae
NC_040730.1,Orthomyxoviridae
NC_040731.1,Orthomyxoviridae
NC_040732.1,Orthomyxoviridae
NC_040733.1,Orthomyxoviridae
NC_040734.1,Orthomyxoviridae
NC_040735.1,Orthomyxoviridae
NC_052925.1,Orthomyxoviridae
NC_052926.1,Orthomyxoviridae
NC_052927.1,Orthomyxoviridae
NC_052928.1,Orthomyxoviridae
NC_052929.1,Orthomyxoviridae
NC_052930.1,Orthomyxoviridae
NC_052931.1,Orthomyxoviridae
NC_052680.1,Orthomyxoviridae
NC_052681.1,Orthomyxoviridae
NC_052682.1,Orthomyxoviridae
NC_052683.1,Orthomyxoviridae
NC_052684.1,Orthomyxoviridae
NC_052685.1,Orthomyxoviridae
NC_052686.1,Orthomyxoviridae
NC_006505.1,Orthomyxoviridae
NC_006498.1,Orthomyxoviridae
NC_006500.2,Orthomyxoviridae
NC_006502.1,Orthomyxoviridae
NC_006503.1,Orthomyxoviridae
NC_006499.1,Orthomyxoviridae
NC_078616.1,Orthomyxoviridae
NC_078617.1,Orthomyxoviridae
NC_078619.1,Orthomyxoviridae
NC_078620.1,Orthomyxoviridae
NC_078621.1,Orthomyxoviridae
NC_078584.1,Orthomyxoviridae
NC_078586.1,Orthomyxoviridae
NC_078587.1,Orthomyxoviridae
NC_078588.1,Orthomyxoviridae
NC_078589.1,Orthomyxoviridae
NC_078521.1,Orthomyxoviridae
NC_078522.1,Orthomyxoviridae
NC_078523.1,Orthomyxoviridae
NC_078524.1,Orthomyxoviridae
NC_078525.1,Orthomyxoviridae
NC_078526.1,Orthomyxoviridae
NC_078527.1,Orthomyxoviridae
NC_078528.1,Orthomyxoviridae
NC_078728.1,Orthomyxoviridae
NC_078729.1,Orthomyxoviridae
NC_078730.1,Orthomyxoviridae
NC_078731.1,Orthomyxoviridae
NC_078732.1,Orthomyxoviridae
NC_078733.1,Orthomyxoviridae
NC_078734.1,Orthomyxoviridae
NC_078649.1,Orthomyxoviridae
NC_078650.1,Orthomyxoviridae
NC_078651.1,Orthomyxoviridae
NC_078652.1,Orthomyxoviridae
NC_078653.1,Orthomyxoviridae
NC_078654.1,Orthomyxoviridae
NC_078768.1,Orthomyxoviridae
NC_078769.1,Orthomyxoviridae
NC_078770.1,Orthomyxoviridae
NC_078771.1,Orthomyxoviridae
NC_078772.1,Orthomyxoviridae
NC_078773.1,Orthomyxoviridae
NC_078596.1,Orthomyxoviridae
NC_078597.1,Orthomyxoviridae
NC_078598.1,Orthomyxoviridae
NC_078599.1,Orthomyxoviridae
NC_078600.1,Orthomyxoviridae
NC_078601.1,Orthomyxoviridae
NC_078605.1,Orthomyxoviridae
NC_078606.1,Orthomyxoviridae
NC_078607.1,Orthomyxoviridae
NC_078608.1,Orthomyxoviridae
NC_078609.1,Orthomyxoviridae
NC_078610.1,Orthomyxoviridae
NC_078611.1,Orthomyxoviridae
NC_078612.1,Orthomyxoviridae
NC_078640.1,Orthomyxoviridae
NC_078641.1,Orthomyxoviridae
NC_078642.1,Orthomyxoviridae
NC_078643.1,Orthomyxoviridae
NC_078644.1,Orthomyxoviridae
NC_078645.1,Orthomyxoviridae
NC_078646.1,Orthomyxoviridae
NC_021789.1,Pachyviridae
NC_021794.1,Pachyviridae
NC_021792.1,Pachyviridae
NC_021803.1,Pachyviridae
NC_062747.1,Pachyviridae
NC_017862.1,Papillomaviridae
NC_017993.1,Papillomaviridae
NC_017994.1,Papillomaviridae
NC_017995.1,Papillomaviridae
NC_017996.1,Papillomaviridae
NC_017997.1,Papillomaviridae
NC_018074.1,Papillomaviridae
NC_018075.1,Papillomaviridae
NC_018076.1,Papillomaviridae
NC_030151.1,Papillomaviridae
NC_026946.1,Papillomaviridae
NC_027528.1,Papillomaviridae
NC_027779.1,Papillomaviridae
NC_028126.1,Papillomaviridae
NC_028125.1,Papillomaviridae
NC_028492.1,Papillomaviridae
NC_033781.1,Papillomaviridae
NC_033740.1,Papillomaviridae
NC_033745.1,Papillomaviridae
NC_030801.1,Papillomaviridae
NC_030800.1,Papillomaviridae
NC_030799.1,Papillomaviridae
NC_030798.1,Papillomaviridae
NC_030797.1,Papillomaviridae
NC_030796.1,Papillomaviridae
NC_030795.1,Papillomaviridae
NC_030839.1,Papillomaviridae
NC_031756.1,Papillomaviridae
NC_023496.1,Papillomaviridae
NC_018575.1,Papillomaviridae
NC_037059.1,Papillomaviridae
NC_037064.1,Papillomaviridae
NC_037067.1,Papillomaviridae
NC_037061.1,Papillomaviridae
NC_035199.1,Papillomaviridae
NC_035201.1,Papillomaviridae
NC_035193.1,Papillomaviridae
NC_035208.1,Papillomaviridae
NC_035479.1,Papillomaviridae
NC_035478.1,Papillomaviridae
NC_019023.1,Papillomaviridae
NC_023852.1,Papillomaviridae
NC_023882.1,Papillomaviridae
NC_023873.1,Papillomaviridae
NC_023894.1,Papillomaviridae
NC_023891.1,Papillomaviridae
NC_023895.1,Papillomaviridae
NC_019852.1,Papillomaviridae
NC_020085.1,Papillomaviridae
NC_020084.1,Papillomaviridae
NC_024300.1,Papillomaviridae
NC_020500.1,Papillomaviridae
NC_020501.1,Papillomaviridae
NC_024893.1,Papillomaviridae
NC_021483.1,Papillomaviridae
NC_021930.1,Papillomaviridae
NC_022095.1,Papillomaviridae
NC_022253.1,Papillomaviridae
NC_022647.1,Papillomaviridae
NC_026640.1,Papillomaviridae
NC_022892.1,Papillomaviridae
NC_023178.1,Papillomaviridae
NC_011280.1,Papillomaviridae
NC_011109.1,Papillomaviridae
NC_003748.1,Papillomaviridae
NC_001356.1,Papillomaviridae
NC_001355.1,Papillomaviridae
NC_008297.1,Papillomaviridae
NC_008298.1,Papillomaviridae
NC_013237.1,Papillomaviridae
NC_008188.1,Papillomaviridae
NC_014326.1,Papillomaviridae
NC_015691.1,Papillomaviridae
NC_015692.1,Papillomaviridae
NC_010739.1,Papillomaviridae
NC_004500.1,Papillomaviridae
NC_016157.1,Papillomaviridae
NC_001357.1,Papillomaviridae
NC_011765.1,Papillomaviridae
NC_010329.1,Papillomaviridae
NC_007150.1,Papillomaviridae
NC_017716.1,Papillomaviridae
NC_001593.1,Papillomaviridae
NC_012485.1,Papillomaviridae
NC_012486.1,Papillomaviridae
NC_008184.1,Papillomaviridae
NC_013117.1,Papillomaviridae
NC_004068.1,Papillomaviridae
NC_001619.1,Papillomaviridae
NC_001591.1,Papillomaviridae
NC_001458.1,Papillomaviridae
NC_001605.1,Papillomaviridae
NC_001595.1,Papillomaviridae
NC_001523.1,Papillomaviridae
NC_001531.1,Papillomaviridae
NC_013035.1,Papillomaviridae
NC_004765.1,Papillomaviridae
NC_004195.1,Papillomaviridae
NC_001526.4,Papillomaviridae
NC_010226.1,Papillomaviridae
NC_001352.1,Papillomaviridae
NC_001596.1,Papillomaviridae
NC_001576.1,Papillomaviridae
NC_001583.1,Papillomaviridae
NC_001586.1,Papillomaviridae
NC_011051.1,Papillomaviridae
NC_001694.1,Papillomaviridae
NC_008032.1,Papillomaviridae
NC_001587.1,Papillomaviridae
NC_006951.1,Papillomaviridae
NC_014185.1,Papillomaviridae
NC_010817.1,Papillomaviridae
NC_011530.1,Papillomaviridae
NC_008519.1,Papillomaviridae
NC_008189.1,Papillomaviridae
NC_006564.1,Papillomaviridae
NC_008582.1,Papillomaviridae
NC_015267.1,Papillomaviridae
NC_016013.1,Papillomaviridae
NC_016074.1,Papillomaviridae
NC_012123.1,Papillomaviridae
NC_015325.1,Papillomaviridae
NC_014469.1,Papillomaviridae
NC_016898.1,Papillomaviridae
NC_016014.1,Papillomaviridae
NC_016075.1,Papillomaviridae
NC_010107.1,Papillomaviridae
NC_015268.1,Papillomaviridae
NC_003348.1,Papillomaviridae
NC_001541.1,Papillomaviridae
NC_001678.1,Papillomaviridae
NC_001690.1,Papillomaviridae
NC_001693.1,Papillomaviridae
NC_001691.1,Papillomaviridae
NC_001676.1,Papillomaviridae
NC_004197.1,Papillomaviridae
NC_004104.1,Papillomaviridae
NC_005134.2,Papillomaviridae
NC_001457.1,Papillomaviridae
NC_007612.1,Papillomaviridae
NC_001789.1,Papillomaviridae
NC_001354.1,Papillomaviridae
NC_014143.1,Papillomaviridae
NC_038516.1,Papillomaviridae
NC_038517.1,Papillomaviridae
NC_038518.1,Papillomaviridae
NC_038519.1,Papillomaviridae
NC_038520.1,Papillomaviridae
NC_038521.1,Papillomaviridae
NC_038522.1,Papillomaviridae
NC_038525.1,Papillomaviridae
NC_038526.1,Papillomaviridae
NC_038527.1,Papillomaviridae
NC_038531.1,Papillomaviridae
NC_038889.1,Papillomaviridae
NC_038914.1,Papillomaviridae
NC_039036.1,Papillomaviridae
NC_039038.1,Papillomaviridae
NC_039039.1,Papillomaviridae
NC_039040.1,Papillomaviridae
NC_039041.1,Papillomaviridae
NC_039042.1,Papillomaviridae
NC_039086.1,Papillomaviridae
NC_039089.1,Papillomaviridae
NC_012213.1,Papillomaviridae
NC_014952.1,Papillomaviridae
NC_014953.1,Papillomaviridae
NC_014954.1,Papillomaviridae
NC_014956.1,Papillomaviridae
NC_040785.1,Papillomaviridae
NC_040787.1,Papillomaviridae
NC_040550.1,Papillomaviridae
NC_040619.1,Papillomaviridae
NC_040620.1,Papillomaviridae
NC_040688.1,Papillomaviridae
NC_040691.1,Papillomaviridae
NC_040803.1,Papillomaviridae
NC_040804.1,Papillomaviridae
NC_040805.1,Papillomaviridae
NC_040806.1,Papillomaviridae
NC_040604.1,Papillomaviridae
NC_040818.1,Papillomaviridae
NC_040640.1,Papillomaviridae
NC_040548.1,Papillomaviridae
NC_040580.1,Papillomaviridae
NC_040709.1,Papillomaviridae
NC_040827.1,Papillomaviridae
NC_040569.1,Papillomaviridae
NC_040583.1,Papillomaviridae
NC_040578.1,Papillomaviridae
NC_040579.1,Papillomaviridae
NC_040728.1,Papillomaviridae
NC_040655.1,Papillomaviridae
NC_040727.1,Papillomaviridae
NC_002232.1,Papillomaviridae
NC_003973.1,Papillomaviridae
NC_001524.1,Papillomaviridae
NC_006563.1,Papillomaviridae
NC_014955.1,Papillomaviridae
NC_017937.1,Paramyxoviridae
NC_030231.1,Paramyxoviridae
NC_028249.1,Paramyxoviridae
NC_028362.1,Paramyxoviridae
NC_034968.1,Paramyxoviridae
NC_019531.1,Paramyxoviridae
NC_025355.1,Paramyxoviridae
NC_025350.1,Paramyxoviridae
NC_025361.1,Paramyxoviridae
NC_025347.1,Paramyxoviridae
NC_021928.1,Paramyxoviridae
NC_025256.1,Paramyxoviridae
NC_025343.1,Paramyxoviridae
NC_025360.1,Paramyxoviridae
NC_025363.1,Paramyxoviridae
NC_025351.1,Paramyxoviridae
NC_025352.1,Paramyxoviridae
NC_025402.1,Paramyxoviridae
NC_025404.1,Paramyxoviridae
NC_025403.1,Paramyxoviridae
NC_025386.1,Paramyxoviridae
NC_025407.1,Paramyxoviridae
NC_025390.1,Paramyxoviridae
NC_003461.1,Paramyxoviridae
NC_004074.1,Paramyxoviridae
NC_009489.1,Paramyxoviridae
NC_005084.2,Paramyxoviridae
NC_007454.1,Paramyxoviridae
NC_002161.1,Paramyxoviridae
NC_005283.1,Paramyxoviridae
NC_001921.1,Paramyxoviridae
NC_009640.1,Paramyxoviridae
NC_001906.3,Paramyxoviridae
NC_005339.1,Paramyxoviridae
NC_001552.1,Paramyxoviridae
NC_006428.1,Paramyxoviridae
NC_001796.2,Paramyxoviridae
NC_001498.1,Paramyxoviridae
NC_006296.2,Paramyxoviridae
NC_007803.1,Paramyxoviridae
NC_006383.2,Paramyxoviridae
NC_002199.1,Paramyxoviridae
NC_005036.1,Paramyxoviridae
NC_003443.1,Paramyxoviridae
NC_002728.1,Paramyxoviridae
NC_038270.1,Paramyxoviridae
NC_039015.1,Paramyxoviridae
NC_039016.1,Paramyxoviridae
NC_039017.1,Paramyxoviridae
NC_039018.1,Paramyxoviridae
NC_039019.1,Paramyxoviridae
NC_039194.1,Paramyxoviridae
NC_039195.1,Paramyxoviridae
NC_039196.1,Paramyxoviridae
NC_039197.1,Paramyxoviridae
NC_039198.1,Paramyxoviridae
NC_039223.1,Paramyxoviridae
NC_039230.1,Paramyxoviridae
NC_040796.1,Paramyxoviridae
NC_043539.1,Paramyxoviridae
NC_043540.1,Paramyxoviridae
NC_025349.3,Paramyxoviridae
NC_002200.1,Paramyxoviridae
NC_055168.1,Paramyxoviridae
NC_055508.1,Paramyxoviridae
NC_006430.1,Paramyxoviridae
NC_075392.1,Paramyxoviridae
NC_075446.1,Paramyxoviridae
NC_074766.1,Paramyxoviridae
NC_076269.1,Paramyxoviridae
NC_075983.1,Paramyxoviridae
NC_076570.1,Paramyxoviridae
NC_076624.1,Paramyxoviridae
NC_076625.1,Paramyxoviridae
NC_076558.1,Paramyxoviridae
NC_076597.1,Paramyxoviridae
NC_076003.1,Paramyxoviridae
NC_075439.1,Paramyxoviridae
NC_075438.1,Paramyxoviridae
NC_075441.1,Paramyxoviridae
NC_075440.1,Paramyxoviridae
NC_077219.1,Paramyxoviridae
NC_076605.1,Paramyxoviridae
NC_075404.1,Paramyxoviridae
NC_076397.1,Paramyxoviridae
NC_076951.1,Paramyxoviridae
NC_076941.1,Paramyxoviridae
NC_017988.1,Partitiviridae
NC_017989.1,Partitiviridae
NC_030243.1,Partitiviridae
NC_030245.1,Partitiviridae
NC_027822.1,Partitiviridae
NC_027823.1,Partitiviridae
NC_028250.1,Partitiviridae
NC_028251.1,Partitiviridae
NC_028494.1,Partitiviridae
NC_028499.1,Partitiviridae
NC_034159.1,Partitiviridae
NC_034167.1,Partitiviridae
NC_030479.1,Partitiviridae
NC_030480.1,Partitiviridae
NC_030876.1,Partitiviridae
NC_030875.1,Partitiviridae
NC_030877.1,Partitiviridae
NC_030882.1,Partitiviridae
NC_030878.1,Partitiviridae
NC_030879.1,Partitiviridae
NC_031130.1,Partitiviridae
NC_031134.1,Partitiviridae
NC_032150.2,Partitiviridae
NC_032149.2,Partitiviridae
NC_036603.1,Partitiviridae
NC_036600.1,Partitiviridae
NC_037095.1,Partitiviridae
NC_037096.1,Partitiviridae
NC_034524.1,Partitiviridae
NC_023684.1,Partitiviridae
NC_023685.1,Partitiviridae
NC_035486.1,Partitiviridae
NC_035485.1,Partitiviridae
NC_020235.1,Partitiviridae
NC_020234.1,Partitiviridae
NC_021094.1,Partitiviridae
NC_021095.1,Partitiviridae
NC_021096.1,Partitiviridae
NC_021098.1,Partitiviridae
NC_021099.1,Partitiviridae
NC_021147.1,Partitiviridae
NC_021873.1,Partitiviridae
NC_022614.1,Partitiviridae
NC_022615.1,Partitiviridae
NC_022617.1,Partitiviridae
NC_022616.1,Partitiviridae
NC_003470.1,Partitiviridae
NC_005976.2,Partitiviridae
NC_003883.1,Partitiviridae
NC_003885.1,Partitiviridae
NC_010705.1,Partitiviridae
NC_011705.1,Partitiviridae
NC_021874.1,Partitiviridae
NC_006276.1,Partitiviridae
NC_006275.1,Partitiviridae
NC_005977.2,Partitiviridae
NC_007222.1,Partitiviridae
NC_010754.1,Partitiviridae
NC_010351.1,Partitiviridae
NC_010349.1,Partitiviridae
NC_007241.1,Partitiviridae
NC_013109.1,Partitiviridae
NC_013110.1,Partitiviridae
NC_003471.1,Partitiviridae
NC_009520.1,Partitiviridae
NC_009521.1,Partitiviridae
NC_010346.1,Partitiviridae
NC_010347.1,Partitiviridae
NC_010348.1,Partitiviridae
NC_007221.1,Partitiviridae
NC_010706.1,Partitiviridae
NC_003884.1,Partitiviridae
NC_003710.1,Partitiviridae
NC_003711.1,Partitiviridae
NC_010343.1,Partitiviridae
NC_010344.1,Partitiviridae
NC_010345.1,Partitiviridae
NC_010350.1,Partitiviridae
NC_002800.1,Partitiviridae
NC_011557.1,Partitiviridae
NC_009519.1,Partitiviridae
NC_002797.1,Partitiviridae
NC_015495.1,Partitiviridae
NC_011556.1,Partitiviridae
NC_006440.1,Partitiviridae
NC_015494.1,Partitiviridae
NC_006961.1,Partitiviridae
NC_007538.1,Partitiviridae
NC_006441.1,Partitiviridae
NC_010755.1,Partitiviridae
NC_013014.1,Partitiviridae
NC_013015.1,Partitiviridae
NC_006960.1,Partitiviridae
NC_007242.1,Partitiviridae
NC_011706.1,Partitiviridae
NC_003886.1,Partitiviridae
NC_008190.1,Partitiviridae
NC_008191.1,Partitiviridae
NC_007537.1,Partitiviridae
NC_034513.1,Partitiviridae
NC_034523.1,Partitiviridae
NC_034514.1,Partitiviridae
NC_038823.1,Partitiviridae
NC_038824.1,Partitiviridae
NC_038825.1,Partitiviridae
NC_038826.1,Partitiviridae
NC_038837.1,Partitiviridae
NC_038838.1,Partitiviridae
NC_038845.1,Partitiviridae
NC_038846.1,Partitiviridae
NC_038847.1,Partitiviridae
NC_038915.1,Partitiviridae
NC_038916.1,Partitiviridae
NC_038917.1,Partitiviridae
NC_038918.1,Partitiviridae
NC_038835.1,Partitiviridae
NC_038839.1,Partitiviridae
NC_038840.1,Partitiviridae
NC_038827.1,Partitiviridae
NC_038828.1,Partitiviridae
NC_038841.1,Partitiviridae
NC_038842.1,Partitiviridae
NC_038829.1,Partitiviridae
NC_038830.1,Partitiviridae
NC_038831.1,Partitiviridae
NC_038832.1,Partitiviridae
NC_038833.1,Partitiviridae
NC_038834.1,Partitiviridae
NC_038836.1,Partitiviridae
NC_004018.1,Partitiviridae
NC_004019.1,Partitiviridae
NC_004020.1,Partitiviridae
NC_033770.1,Partitiviridae
NC_033771.1,Partitiviridae
NC_038843.1,Partitiviridae
NC_038844.1,Partitiviridae
NC_043392.1,Partitiviridae
NC_043393.1,Partitiviridae
NC_043394.1,Partitiviridae
NC_043395.1,Partitiviridae
NC_043396.1,Partitiviridae
NC_043397.1,Partitiviridae
NC_040456.1,Partitiviridae
NC_040457.1,Partitiviridae
NC_040397.1,Partitiviridae
NC_040398.1,Partitiviridae
NC_040387.1,Partitiviridae
NC_040388.1,Partitiviridae
NC_040756.1,Partitiviridae
NC_040757.1,Partitiviridae
NC_040483.1,Partitiviridae
NC_040484.1,Partitiviridae
NC_040495.1,Partitiviridae
NC_040496.1,Partitiviridae
NC_040497.1,Partitiviridae
NC_030889.1,Partitiviridae
NC_030890.1,Partitiviridae
NC_003801.1,Partitiviridae
NC_077695.1,Partitiviridae
NC_077696.1,Partitiviridae
NC_029797.1,Parvoviridae
NC_030296.1,Parvoviridae
NC_026943.1,Parvoviridae
NC_027429.1,Parvoviridae
NC_028136.1,Parvoviridae
NC_028650.1,Parvoviridae
NC_028973.1,Parvoviridae
NC_029133.1,Parvoviridae
NC_029300.1,Parvoviridae
NC_018399.1,Parvoviridae
NC_018450.1,Parvoviridae
NC_030402.1,Parvoviridae
NC_030873.1,Parvoviridae
NC_031450.1,Parvoviridae
NC_031670.1,Parvoviridae
NC_031695.1,Parvoviridae
NC_031751.1,Parvoviridae
NC_037053.1,Parvoviridae
NC_035185.1,Parvoviridae
NC_035186.1,Parvoviridae
NC_035180.1,Parvoviridae
NC_023673.1,Parvoviridae
NC_023842.1,Parvoviridae
NC_023860.1,Parvoviridae
NC_019492.1,Parvoviridae
NC_024453.2,Parvoviridae
NC_024454.1,Parvoviridae
NC_024452.1,Parvoviridae
NC_020499.1,Parvoviridae
NC_024888.1,Parvoviridae
NC_022089.1,Parvoviridae
NC_022104.1,Parvoviridae
NC_025825.1,Parvoviridae
NC_025891.1,Parvoviridae
NC_025965.1,Parvoviridae
NC_022564.1,Parvoviridae
NC_026251.1,Parvoviridae
NC_022748.1,Parvoviridae
NC_023020.1,Parvoviridae
NC_026815.1,Parvoviridae
NC_014665.1,Parvoviridae
NC_014358.1,Parvoviridae
NC_001539.1,Parvoviridae
NC_015718.1,Parvoviridae
NC_004828.1,Parvoviridae
NC_000936.1,Parvoviridae
NC_012636.1,Parvoviridae
NC_007018.1,Parvoviridae
NC_006555.1,Parvoviridae
NC_001729.1,Parvoviridae
NC_004286.1,Parvoviridae
NC_004288.1,Parvoviridae
NC_001899.1,Parvoviridae
NC_000883.2,Parvoviridae
NC_002190.2,Parvoviridae
NC_006263.1,Parvoviridae
NC_005041.2,Parvoviridae
NC_006260.1,Parvoviridae
NC_006261.1,Parvoviridae
NC_014357.1,Parvoviridae
NC_005341.1,Parvoviridae
NC_015115.1,Parvoviridae
NC_006148.1,Parvoviridae
NC_002077.1,Parvoviridae
NC_001829.1,Parvoviridae
NC_004287.1,Parvoviridae
NC_001510.1,Parvoviridae
NC_001662.1,Parvoviridae
NC_001540.1,Parvoviridae
NC_004290.1,Parvoviridae
NC_006152.1,Parvoviridae
NC_012729.2,Parvoviridae
NC_004285.1,Parvoviridae
NC_007218.1,Parvoviridae
NC_016752.1,Parvoviridae
NC_016647.1,Parvoviridae
NC_012564.1,Parvoviridae
NC_004289.1,Parvoviridae
NC_006147.2,Parvoviridae
NC_014468.1,Parvoviridae
NC_016031.1,Parvoviridae
NC_016032.1,Parvoviridae
NC_012685.1,Parvoviridae
NC_007455.1,Parvoviridae
NC_011317.1,Parvoviridae
NC_001401.2,Parvoviridae
NC_001701.1,Parvoviridae
NC_001718.1,Parvoviridae
NC_004295.1,Parvoviridae
NC_005889.1,Parvoviridae
NC_011545.2,Parvoviridae
NC_006259.1,Parvoviridae
NC_003346.1,Parvoviridae
NC_038532.1,Parvoviridae
NC_038533.1,Parvoviridae
NC_038534.1,Parvoviridae
NC_038535.1,Parvoviridae
NC_038537.1,Parvoviridae
NC_038538.1,Parvoviridae
NC_038539.1,Parvoviridae
NC_038540.1,Parvoviridae
NC_038541.1,Parvoviridae
NC_038542.1,Parvoviridae
NC_038543.1,Parvoviridae
NC_038544.1,Parvoviridae
NC_038547.1,Parvoviridae
NC_038883.1,Parvoviridae
NC_038895.1,Parvoviridae
NC_039043.1,Parvoviridae
NC_039044.1,Parvoviridae
NC_039045.1,Parvoviridae
NC_039048.1,Parvoviridae
NC_039049.1,Parvoviridae
NC_039050.1,Parvoviridae
NC_034532.1,Parvoviridae
NC_032097.1,Parvoviridae
NC_038546.1,Parvoviridae
NC_038898.1,Parvoviridae
NC_039046.1,Parvoviridae
NC_039047.1,Parvoviridae
NC_043446.1,Parvoviridae
NC_040671.1,Parvoviridae
NC_040562.1,Parvoviridae
NC_040533.1,Parvoviridae
NC_040623.1,Parvoviridae
NC_040694.1,Parvoviridae
NC_040695.1,Parvoviridae
NC_040652.1,Parvoviridae
NC_040603.1,Parvoviridae
NC_040672.1,Parvoviridae
NC_040843.1,Parvoviridae
NC_055458.1,Parvoviridae
NC_055465.1,Parvoviridae
NC_055485.1,Parvoviridae
NC_055486.1,Parvoviridae
NC_055487.1,Parvoviridae
NC_055518.1,Parvoviridae
NC_005040.1,Parvoviridae
NC_074970.1,Parvoviridae
NC_075118.1,Parvoviridae
NC_075119.1,Parvoviridae
NC_077033.1,Parvoviridae
NC_077036.1,Parvoviridae
NC_076133.1,Parvoviridae
NC_076134.1,Parvoviridae
NC_075985.1,Parvoviridae
NC_075986.1,Parvoviridae
NC_075120.1,Parvoviridae
NC_075988.1,Parvoviridae
NC_076998.1,Parvoviridae
NC_075276.1,Parvoviridae
NC_075277.1,Parvoviridae
NC_075278.1,Parvoviridae
NC_075279.1,Parvoviridae
NC_055941.1,Parvoviridae
NC_075998.1,Parvoviridae
NC_076999.1,Parvoviridae
NC_077050.1,Parvoviridae
NC_077051.1,Parvoviridae
NC_077156.1,Parvoviridae
NC_076004.1,Parvoviridae
NC_077010.1,Parvoviridae
NC_077009.1,Parvoviridae
NC_077013.1,Parvoviridae
NC_077011.1,Parvoviridae
NC_077012.1,Parvoviridae
NC_076185.1,Parvoviridae
NC_076368.1,Parvoviridae
NC_076369.1,Parvoviridae
NC_076370.1,Parvoviridae
NC_076372.1,Parvoviridae
NC_076396.1,Parvoviridae
NC_076028.1,Parvoviridae
NC_076293.1,Parvoviridae
NC_077032.1,Parvoviridae
NC_076425.1,Parvoviridae
NC_077038.1,Parvoviridae
NC_077035.1,Parvoviridae
NC_077066.1,Parvoviridae
NC_077037.1,Parvoviridae
NC_076413.1,Parvoviridae
NC_076414.1,Parvoviridae
NC_077018.1,Parvoviridae
NC_076429.1,Parvoviridae
NC_076473.1,Parvoviridae
NC_077069.1,Parvoviridae
NC_077062.1,Parvoviridae
NC_077063.1,Parvoviridae
NC_077064.1,Parvoviridae
NC_077061.1,Parvoviridae
NC_077065.1,Parvoviridae
NC_077029.1,Parvoviridae
NC_077079.1,Parvoviridae
NC_077080.1,Parvoviridae
NC_077081.1,Parvoviridae
NC_077082.1,Parvoviridae
NC_077083.1,Parvoviridae
NC_077074.1,Parvoviridae
NC_077098.1,Parvoviridae
NC_077138.1,Parvoviridae
NC_075989.1,Parvoviridae
NC_077139.1,Parvoviridae
NC_077148.1,Parvoviridae
NC_003460.1,Paulinoviridae
NC_045425.1,Paulinoviridae
NC_010463.1,Peduoviridae
NC_010275.2,Peduoviridae
NC_015265.1,Peduoviridae
NC_015266.1,Peduoviridae
NC_015273.1,Peduoviridae
NC_019488.1,Peduoviridae
NC_047854.1,Peduoviridae
NC_019932.1,Peduoviridae
NC_023588.1,Peduoviridae
NC_021774.1,Peduoviridae
NC_021343.1,Peduoviridae
NC_022747.1,Peduoviridae
NC_022750.1,Peduoviridae
NC_027368.1,Peduoviridae
NC_025115.1,Peduoviridae
NC_026014.1,Peduoviridae
NC_028898.1,Peduoviridae
NC_047750.1,Peduoviridae
NC_047752.1,Peduoviridae
NC_029003.2,Peduoviridae
NC_029015.2,Peduoviridae
NC_028701.2,Peduoviridae
NC_047753.1,Peduoviridae
NC_028896.1,Peduoviridae
NC_028943.1,Peduoviridae
NC_030940.1,Peduoviridae
NC_048066.1,Peduoviridae
NC_047775.1,Peduoviridae
NC_047790.1,Peduoviridae
NC_047817.1,Peduoviridae
NC_047818.1,Peduoviridae
NC_047833.1,Peduoviridae
NC_049429.1,Peduoviridae
NC_048109.1,Peduoviridae
NC_049454.1,Peduoviridae
NC_049453.1,Peduoviridae
NC_049452.1,Peduoviridae
NC_049451.1,Peduoviridae
NC_049450.1,Peduoviridae
NC_049448.1,Peduoviridae
NC_049449.1,Peduoviridae
NC_055793.1,Peduoviridae
NC_049457.1,Peduoviridae
NC_049461.1,Peduoviridae
NC_049460.1,Peduoviridae
NC_049459.1,Peduoviridae
NC_049477.1,Peduoviridae
NC_007145.2,Peduoviridae
NC_041848.1,Peduoviridae
NC_005056.1,Peduoviridae
NC_008201.1,Peduoviridae
NC_001317.1,Peduoviridae
NC_049392.1,Peduoviridae
NC_049394.1,Peduoviridae
NC_049393.1,Peduoviridae
NC_049395.1,Peduoviridae
NC_055722.1,Peduoviridae
NC_049341.1,Peduoviridae
NC_049342.1,Peduoviridae
NC_049343.1,Peduoviridae
NC_049344.1,Peduoviridae
NC_055844.1,Peduoviridae
NC_055845.1,Peduoviridae
NC_055846.1,Peduoviridae
NC_055862.1,Peduoviridae
NC_055863.1,Peduoviridae
NC_055911.1,Peduoviridae
NC_049386.1,Peduoviridae
NC_049385.1,Peduoviridae
NC_049390.1,Peduoviridae
NC_049387.1,Peduoviridae
NC_049388.1,Peduoviridae
NC_049389.1,Peduoviridae
NC_049391.1,Peduoviridae
NC_009236.1,Peduoviridae
NC_009234.1,Peduoviridae
NC_003313.1,Peduoviridae
NC_005340.1,Peduoviridae
NC_008193.1,Peduoviridae
NC_009542.2,Peduoviridae
NC_003315.1,Peduoviridae
NC_049432.1,Peduoviridae
NC_055729.1,Peduoviridae
NC_001697.1,Peduoviridae
NC_004745.1,Peduoviridae
NC_009382.1,Peduoviridae
NC_003278.1,Peduoviridae
NC_001895.1,Peduoviridae
NC_070904.1,Peduoviridae
NC_070905.1,Peduoviridae
NC_070906.1,Peduoviridae
NC_070907.1,Peduoviridae
NC_070908.1,Peduoviridae
NC_070911.1,Peduoviridae
NC_070920.1,Peduoviridae
NC_070903.1,Peduoviridae
NC_070919.1,Peduoviridae
NC_070909.1,Peduoviridae
NC_070910.1,Peduoviridae
NC_070917.1,Peduoviridae
NC_070918.1,Peduoviridae
NC_070912.1,Peduoviridae
NC_070916.1,Peduoviridae
NC_070914.1,Peduoviridae
NC_070913.1,Peduoviridae
NC_070915.1,Peduoviridae
NC_073747.1,Peduoviridae
NC_018461.1,Peribunyaviridae
NC_018462.1,Peribunyaviridae
NC_018466.1,Peribunyaviridae
NC_018459.1,Peribunyaviridae
NC_018460.1,Peribunyaviridae
NC_018465.1,Peribunyaviridae
NC_018464.1,Peribunyaviridae
NC_018467.1,Peribunyaviridae
NC_018463.1,Peribunyaviridae
NC_018476.1,Peribunyaviridae
NC_018477.1,Peribunyaviridae
NC_018478.1,Peribunyaviridae
NC_031221.1,Peribunyaviridae
NC_031222.1,Peribunyaviridae
NC_034475.1,Peribunyaviridae
NC_034476.1,Peribunyaviridae
NC_034488.1,Peribunyaviridae
NC_034496.1,Peribunyaviridae
NC_034495.1,Peribunyaviridae
NC_034504.1,Peribunyaviridae
NC_034492.1,Peribunyaviridae
NC_034491.1,Peribunyaviridae
NC_034481.1,Peribunyaviridae
NC_034497.1,Peribunyaviridae
NC_034498.1,Peribunyaviridae
NC_034505.1,Peribunyaviridae
NC_034477.1,Peribunyaviridae
NC_034478.1,Peribunyaviridae
NC_034489.1,Peribunyaviridae
NC_034499.1,Peribunyaviridae
NC_034500.1,Peribunyaviridae
NC_034501.1,Peribunyaviridae
NC_034483.1,Peribunyaviridae
NC_034493.1,Peribunyaviridae
NC_034482.1,Peribunyaviridae
NC_034479.1,Peribunyaviridae
NC_034480.1,Peribunyaviridae
NC_034490.1,Peribunyaviridae
NC_034631.1,Peribunyaviridae
NC_034632.1,Peribunyaviridae
NC_034633.1,Peribunyaviridae
NC_024074.1,Peribunyaviridae
NC_024075.1,Peribunyaviridae
NC_024076.1,Peribunyaviridae
NC_022037.1,Peribunyaviridae
NC_022039.1,Peribunyaviridae
NC_026281.1,Peribunyaviridae
NC_026283.1,Peribunyaviridae
NC_026282.1,Peribunyaviridae
NC_022595.1,Peribunyaviridae
NC_022596.1,Peribunyaviridae
NC_022597.1,Peribunyaviridae
NC_026617.1,Peribunyaviridae
NC_026618.2,Peribunyaviridae
NC_026619.1,Peribunyaviridae
NC_001926.1,Peribunyaviridae
NC_004109.1,Peribunyaviridae
NC_004110.1,Peribunyaviridae
NC_009894.1,Peribunyaviridae
NC_004108.1,Peribunyaviridae
NC_009896.1,Peribunyaviridae
NC_005775.1,Peribunyaviridae
NC_009895.1,Peribunyaviridae
NC_001925.1,Peribunyaviridae
NC_005777.1,Peribunyaviridae
NC_005776.1,Peribunyaviridae
NC_001927.1,Peribunyaviridae
NC_038712.1,Peribunyaviridae
NC_038713.1,Peribunyaviridae
NC_038714.1,Peribunyaviridae
NC_038715.1,Peribunyaviridae
NC_038716.1,Peribunyaviridae
NC_038717.1,Peribunyaviridae
NC_038718.1,Peribunyaviridae
NC_038719.1,Peribunyaviridae
NC_038720.1,Peribunyaviridae
NC_038721.1,Peribunyaviridae
NC_038722.1,Peribunyaviridae
NC_038723.1,Peribunyaviridae
NC_038724.1,Peribunyaviridae
NC_038725.1,Peribunyaviridae
NC_038726.1,Peribunyaviridae
NC_038727.1,Peribunyaviridae
NC_038728.1,Peribunyaviridae
NC_038729.1,Peribunyaviridae
NC_038730.1,Peribunyaviridae
NC_038731.1,Peribunyaviridae
NC_038732.1,Peribunyaviridae
NC_038733.1,Peribunyaviridae
NC_038734.1,Peribunyaviridae
NC_038735.1,Peribunyaviridae
NC_038736.1,Peribunyaviridae
NC_038737.1,Peribunyaviridae
NC_038738.1,Peribunyaviridae
NC_038739.1,Peribunyaviridae
NC_038740.1,Peribunyaviridae
NC_038741.1,Peribunyaviridae
NC_038742.1,Peribunyaviridae
NC_038743.1,Peribunyaviridae
NC_038941.1,Peribunyaviridae
NC_038942.1,Peribunyaviridae
NC_038943.1,Peribunyaviridae
NC_034486.1,Peribunyaviridae
NC_034487.1,Peribunyaviridae
NC_034506.1,Peribunyaviridae
NC_034457.1,Peribunyaviridae
NC_034459.1,Peribunyaviridae
NC_034461.1,Peribunyaviridae
NC_034458.1,Peribunyaviridae
NC_034460.1,Peribunyaviridae
NC_034468.1,Peribunyaviridae
NC_039183.1,Peribunyaviridae
NC_039184.1,Peribunyaviridae
NC_039185.1,Peribunyaviridae
NC_039186.1,Peribunyaviridae
NC_039187.1,Peribunyaviridae
NC_039188.1,Peribunyaviridae
NC_043034.1,Peribunyaviridae
NC_043035.1,Peribunyaviridae
NC_043036.1,Peribunyaviridae
NC_043037.1,Peribunyaviridae
NC_043431.1,Peribunyaviridae
NC_043561.1,Peribunyaviridae
NC_043562.1,Peribunyaviridae
NC_043563.1,Peribunyaviridae
NC_043606.1,Peribunyaviridae
NC_043607.1,Peribunyaviridae
NC_043608.1,Peribunyaviridae
NC_043673.1,Peribunyaviridae
NC_043674.1,Peribunyaviridae
NC_043675.1,Peribunyaviridae
NC_043689.1,Peribunyaviridae
NC_043690.1,Peribunyaviridae
NC_043691.1,Peribunyaviridae
NC_043558.1,Peribunyaviridae
NC_043559.1,Peribunyaviridae
NC_043560.1,Peribunyaviridae
NC_043628.1,Peribunyaviridae
NC_043635.1,Peribunyaviridae
NC_043636.1,Peribunyaviridae
NC_043637.1,Peribunyaviridae
NC_043638.1,Peribunyaviridae
NC_043639.1,Peribunyaviridae
NC_043640.1,Peribunyaviridae
NC_043641.1,Peribunyaviridae
NC_043618.1,Peribunyaviridae
NC_043619.1,Peribunyaviridae
NC_043620.1,Peribunyaviridae
NC_043630.1,Peribunyaviridae
NC_043631.1,Peribunyaviridae
NC_043632.1,Peribunyaviridae
NC_043579.1,Peribunyaviridae
NC_043580.1,Peribunyaviridae
NC_043581.1,Peribunyaviridae
NC_043576.1,Peribunyaviridae
NC_043577.1,Peribunyaviridae
NC_043552.1,Peribunyaviridae
NC_043553.1,Peribunyaviridae
NC_043554.1,Peribunyaviridae
NC_043598.1,Peribunyaviridae
NC_043599.1,Peribunyaviridae
NC_043594.1,Peribunyaviridae
NC_043595.1,Peribunyaviridae
NC_043588.1,Peribunyaviridae
NC_043589.1,Peribunyaviridae
NC_043590.1,Peribunyaviridae
NC_043591.1,Peribunyaviridae
NC_043592.1,Peribunyaviridae
NC_043593.1,Peribunyaviridae
NC_043697.1,Peribunyaviridae
NC_043699.1,Peribunyaviridae
NC_043549.1,Peribunyaviridae
NC_043550.1,Peribunyaviridae
NC_043551.1,Peribunyaviridae
NC_043555.1,Peribunyaviridae
NC_043556.1,Peribunyaviridae
NC_043557.1,Peribunyaviridae
NC_043585.1,Peribunyaviridae
NC_043586.1,Peribunyaviridae
NC_043587.1,Peribunyaviridae
NC_043615.1,Peribunyaviridae
NC_043616.1,Peribunyaviridae
NC_043617.1,Peribunyaviridae
NC_043546.1,Peribunyaviridae
NC_043547.1,Peribunyaviridae
NC_043548.1,Peribunyaviridae
NC_043655.1,Peribunyaviridae
NC_043570.1,Peribunyaviridae
NC_043571.1,Peribunyaviridae
NC_043572.1,Peribunyaviridae
NC_043564.1,Peribunyaviridae
NC_043565.1,Peribunyaviridae
NC_043566.1,Peribunyaviridae
NC_043567.1,Peribunyaviridae
NC_043568.1,Peribunyaviridae
NC_043569.1,Peribunyaviridae
NC_043650.1,Peribunyaviridae
NC_043651.1,Peribunyaviridae
NC_043652.1,Peribunyaviridae
NC_043645.1,Peribunyaviridae
NC_043646.1,Peribunyaviridae
NC_043647.1,Peribunyaviridae
NC_043692.1,Peribunyaviridae
NC_043693.1,Peribunyaviridae
NC_043694.1,Peribunyaviridae
NC_043582.1,Peribunyaviridae
NC_043583.1,Peribunyaviridae
NC_043584.1,Peribunyaviridae
NC_043573.1,Peribunyaviridae
NC_043575.1,Peribunyaviridae
NC_043600.1,Peribunyaviridae
NC_043601.1,Peribunyaviridae
NC_043602.1,Peribunyaviridae
NC_043603.1,Peribunyaviridae
NC_043604.1,Peribunyaviridae
NC_043605.1,Peribunyaviridae
NC_043612.1,Peribunyaviridae
NC_043613.1,Peribunyaviridae
NC_043614.1,Peribunyaviridae
NC_043621.1,Peribunyaviridae
NC_043622.1,Peribunyaviridae
NC_043623.1,Peribunyaviridae
NC_043686.1,Peribunyaviridae
NC_043687.1,Peribunyaviridae
NC_043688.1,Peribunyaviridae
NC_031223.1,Peribunyaviridae
NC_055210.1,Peribunyaviridae
NC_055211.1,Peribunyaviridae
NC_055212.1,Peribunyaviridae
NC_055196.1,Peribunyaviridae
NC_055197.1,Peribunyaviridae
NC_055198.1,Peribunyaviridae
NC_055117.1,Peribunyaviridae
NC_055118.1,Peribunyaviridae
NC_055119.1,Peribunyaviridae
NC_055193.1,Peribunyaviridae
NC_055195.1,Peribunyaviridae
NC_055205.1,Peribunyaviridae
NC_055206.1,Peribunyaviridae
NC_055207.1,Peribunyaviridae
NC_055184.1,Peribunyaviridae
NC_055185.1,Peribunyaviridae
NC_055199.1,Peribunyaviridae
NC_055200.1,Peribunyaviridae
NC_055201.1,Peribunyaviridae
NC_055182.1,Peribunyaviridae
NC_055183.1,Peribunyaviridae
NC_055187.1,Peribunyaviridae
NC_055188.1,Peribunyaviridae
NC_055189.1,Peribunyaviridae
NC_055408.1,Peribunyaviridae
NC_055409.1,Peribunyaviridae
NC_055410.1,Peribunyaviridae
NC_077808.1,Peribunyaviridae
NC_077809.1,Peribunyaviridae
NC_077810.1,Peribunyaviridae
NC_078974.1,Peribunyaviridae
NC_078975.1,Peribunyaviridae
NC_078976.1,Peribunyaviridae
NC_078968.1,Peribunyaviridae
NC_078969.1,Peribunyaviridae
NC_078970.1,Peribunyaviridae
NC_078923.1,Peribunyaviridae
NC_078924.1,Peribunyaviridae
NC_078925.1,Peribunyaviridae
NC_078888.1,Peribunyaviridae
NC_078889.1,Peribunyaviridae
NC_078890.1,Peribunyaviridae
NC_077831.1,Peribunyaviridae
NC_077832.1,Peribunyaviridae
NC_077833.1,Peribunyaviridae
NC_078944.1,Peribunyaviridae
NC_078945.1,Peribunyaviridae
NC_078946.1,Peribunyaviridae
NC_078926.1,Peribunyaviridae
NC_078927.1,Peribunyaviridae
NC_078928.1,Peribunyaviridae
NC_078917.1,Peribunyaviridae
NC_078918.1,Peribunyaviridae
NC_078919.1,Peribunyaviridae
NC_078953.1,Peribunyaviridae
NC_078954.1,Peribunyaviridae
NC_078955.1,Peribunyaviridae
NC_078965.1,Peribunyaviridae
NC_078966.1,Peribunyaviridae
NC_078967.1,Peribunyaviridae
NC_077869.1,Peribunyaviridae
NC_077870.1,Peribunyaviridae
NC_077871.1,Peribunyaviridae
NC_078228.1,Peribunyaviridae
NC_078229.1,Peribunyaviridae
NC_078230.1,Peribunyaviridae
NC_078274.1,Peribunyaviridae
NC_078275.1,Peribunyaviridae
NC_078276.1,Peribunyaviridae
NC_078559.1,Peribunyaviridae
NC_078560.1,Peribunyaviridae
NC_078561.1,Peribunyaviridae
NC_079003.1,Peribunyaviridae
NC_079004.1,Peribunyaviridae
NC_079005.1,Peribunyaviridae
NC_078234.1,Peribunyaviridae
NC_078235.1,Peribunyaviridae
NC_078236.1,Peribunyaviridae
NC_078231.1,Peribunyaviridae
NC_078232.1,Peribunyaviridae
NC_078233.1,Peribunyaviridae
NC_078242.1,Peribunyaviridae
NC_078243.1,Peribunyaviridae
NC_078244.1,Peribunyaviridae
NC_077828.1,Peribunyaviridae
NC_077829.1,Peribunyaviridae
NC_077830.1,Peribunyaviridae
NC_079034.1,Peribunyaviridae
NC_079035.1,Peribunyaviridae
NC_079036.1,Peribunyaviridae
NC_079116.1,Peribunyaviridae
NC_079117.1,Peribunyaviridae
NC_079118.1,Peribunyaviridae
NC_078565.1,Peribunyaviridae
NC_078566.1,Peribunyaviridae
NC_078567.1,Peribunyaviridae
NC_078980.1,Peribunyaviridae
NC_078981.1,Peribunyaviridae
NC_078982.1,Peribunyaviridae
NC_078562.1,Peribunyaviridae
NC_078563.1,Peribunyaviridae
NC_078564.1,Peribunyaviridae
NC_078882.1,Peribunyaviridae
NC_078883.1,Peribunyaviridae
NC_078884.1,Peribunyaviridae
NC_078932.1,Peribunyaviridae
NC_078933.1,Peribunyaviridae
NC_078934.1,Peribunyaviridae
NC_078897.1,Peribunyaviridae
NC_078898.1,Peribunyaviridae
NC_078899.1,Peribunyaviridae
NC_078977.1,Peribunyaviridae
NC_078978.1,Peribunyaviridae
NC_078979.1,Peribunyaviridae
NC_078950.1,Peribunyaviridae
NC_078951.1,Peribunyaviridae
NC_078952.1,Peribunyaviridae
NC_078959.1,Peribunyaviridae
NC_078960.1,Peribunyaviridae
NC_078961.1,Peribunyaviridae
NC_078935.1,Peribunyaviridae
NC_078936.1,Peribunyaviridae
NC_078937.1,Peribunyaviridae
NC_078956.1,Peribunyaviridae
NC_078957.1,Peribunyaviridae
NC_078958.1,Peribunyaviridae
NC_078947.1,Peribunyaviridae
NC_078948.1,Peribunyaviridae
NC_078949.1,Peribunyaviridae
NC_078929.1,Peribunyaviridae
NC_078930.1,Peribunyaviridae
NC_078931.1,Peribunyaviridae
NC_078903.1,Peribunyaviridae
NC_078904.1,Peribunyaviridae
NC_078905.1,Peribunyaviridae
NC_078891.1,Peribunyaviridae
NC_078892.1,Peribunyaviridae
NC_078893.1,Peribunyaviridae
NC_078962.1,Peribunyaviridae
NC_078963.1,Peribunyaviridae
NC_078964.1,Peribunyaviridae
NC_078911.1,Peribunyaviridae
NC_078912.1,Peribunyaviridae
NC_078913.1,Peribunyaviridae
NC_078900.1,Peribunyaviridae
NC_078901.1,Peribunyaviridae
NC_078902.1,Peribunyaviridae
NC_078894.1,Peribunyaviridae
NC_078895.1,Peribunyaviridae
NC_078896.1,Peribunyaviridae
NC_078914.1,Peribunyaviridae
NC_078915.1,Peribunyaviridae
NC_078916.1,Peribunyaviridae
NC_079029.1,Peribunyaviridae
NC_079030.1,Peribunyaviridae
NC_079031.1,Peribunyaviridae
NC_077834.1,Peribunyaviridae
NC_077835.1,Peribunyaviridae
NC_077836.1,Peribunyaviridae
NC_078879.1,Peribunyaviridae
NC_078880.1,Peribunyaviridae
NC_078881.1,Peribunyaviridae
NC_078877.1,Peribunyaviridae
NC_078269.1,Peribunyaviridae
NC_078270.1,Peribunyaviridae
NC_078271.1,Peribunyaviridae
NC_077985.1,Peribunyaviridae
NC_077986.1,Peribunyaviridae
NC_077987.1,Peribunyaviridae
NC_078003.1,Peribunyaviridae
NC_078004.1,Peribunyaviridae
NC_078005.1,Peribunyaviridae
NC_077898.1,Peribunyaviridae
NC_077899.1,Peribunyaviridae
NC_077900.1,Peribunyaviridae
NC_077970.1,Peribunyaviridae
NC_077971.1,Peribunyaviridae
NC_077972.1,Peribunyaviridae
NC_077973.1,Peribunyaviridae
NC_077974.1,Peribunyaviridae
NC_077975.1,Peribunyaviridae
NC_077979.1,Peribunyaviridae
NC_077980.1,Peribunyaviridae
NC_077981.1,Peribunyaviridae
NC_077982.1,Peribunyaviridae
NC_077983.1,Peribunyaviridae
NC_077984.1,Peribunyaviridae
NC_077913.1,Peribunyaviridae
NC_077914.1,Peribunyaviridae
NC_077915.1,Peribunyaviridae
NC_077916.1,Peribunyaviridae
NC_077917.1,Peribunyaviridae
NC_077918.1,Peribunyaviridae
NC_077925.1,Peribunyaviridae
NC_077936.1,Peribunyaviridae
NC_077940.1,Peribunyaviridae
NC_077941.1,Peribunyaviridae
NC_077942.1,Peribunyaviridae
NC_077946.1,Peribunyaviridae
NC_077947.1,Peribunyaviridae
NC_077948.1,Peribunyaviridae
NC_077928.1,Peribunyaviridae
NC_077929.1,Peribunyaviridae
NC_077930.1,Peribunyaviridae
NC_003412.1,Permutotetraviridae
NC_043231.1,Permutotetraviridae
NC_021796.1,Pervagoviridae
NC_062744.1,Pervagoviridae
NC_030750.1,Phasmaviridae
NC_030752.1,Phasmaviridae
NC_031293.1,Phasmaviridae
NC_031294.1,Phasmaviridae
NC_031309.1,Phasmaviridae
NC_031312.1,Phasmaviridae
NC_031308.1,Phasmaviridae
NC_032136.1,Phasmaviridae
NC_032137.1,Phasmaviridae
NC_032135.1,Phasmaviridae
NC_032153.1,Phasmaviridae
NC_032151.1,Phasmaviridae
NC_032152.1,Phasmaviridae
NC_038746.1,Phasmaviridae
NC_038706.1,Phasmaviridae
NC_038707.1,Phasmaviridae
NC_038708.1,Phasmaviridae
NC_043038.1,Phasmaviridae
NC_043040.1,Phasmaviridae
NC_043041.1,Phasmaviridae
NC_043031.1,Phasmaviridae
NC_043032.1,Phasmaviridae
NC_043033.1,Phasmaviridae
NC_043624.1,Phasmaviridae
NC_043625.1,Phasmaviridae
NC_043626.1,Phasmaviridae
NC_043642.1,Phasmaviridae
NC_043643.1,Phasmaviridae
NC_043644.1,Phasmaviridae
NC_040461.1,Phasmaviridae
NC_040462.1,Phasmaviridae
NC_040463.1,Phasmaviridae
NC_031296.1,Phasmaviridae
NC_030751.1,Phasmaviridae
NC_031310.1,Phasmaviridae
NC_031311.1,Phasmaviridae
NC_055190.1,Phasmaviridae
NC_055191.1,Phasmaviridae
NC_055192.1,Phasmaviridae
NC_055213.1,Phasmaviridae
NC_055214.1,Phasmaviridae
NC_055215.1,Phasmaviridae
NC_055393.1,Phasmaviridae
NC_055394.1,Phasmaviridae
NC_055395.1,Phasmaviridae
NC_078658.1,Phasmaviridae
NC_078309.1,Phasmaviridae
NC_078310.1,Phasmaviridae
NC_078311.1,Phasmaviridae
NC_078326.1,Phasmaviridae
NC_078327.1,Phasmaviridae
NC_078328.1,Phasmaviridae
NC_078333.1,Phasmaviridae
NC_078334.1,Phasmaviridae
NC_078361.1,Phasmaviridae
NC_078362.1,Phasmaviridae
NC_078363.1,Phasmaviridae
NC_079023.1,Phasmaviridae
NC_079024.1,Phasmaviridae
NC_079025.1,Phasmaviridae
NC_079026.1,Phasmaviridae
NC_079027.1,Phasmaviridae
NC_079028.1,Phasmaviridae
NC_078613.1,Phasmaviridae
NC_078614.1,Phasmaviridae
NC_078615.1,Phasmaviridae
NC_078622.1,Phasmaviridae
NC_078623.1,Phasmaviridae
NC_078624.1,Phasmaviridae
NC_078629.1,Phasmaviridae
NC_078630.1,Phasmaviridae
NC_078631.1,Phasmaviridae
NC_078657.1,Phasmaviridae
NC_078659.1,Phasmaviridae
NC_078660.1,Phasmaviridae
NC_078661.1,Phasmaviridae
NC_078662.1,Phasmaviridae
NC_078873.1,Phasmaviridae
NC_078874.1,Phasmaviridae
NC_078875.1,Phasmaviridae
NC_078870.1,Phasmaviridae
NC_078871.1,Phasmaviridae
NC_078872.1,Phasmaviridae
NC_078867.1,Phasmaviridae
NC_078868.1,Phasmaviridae
NC_078869.1,Phasmaviridae
NC_078864.1,Phasmaviridae
NC_078865.1,Phasmaviridae
NC_078866.1,Phasmaviridae
NC_029901.1,Phenuiviridae
NC_037612.1,Phenuiviridae
NC_037613.1,Phenuiviridae
NC_029903.1,Phenuiviridae
NC_037614.1,Phenuiviridae
NC_037615.1,Phenuiviridae
NC_027141.1,Phenuiviridae
NC_027142.1,Phenuiviridae
NC_027140.1,Phenuiviridae
NC_029082.1,Phenuiviridae
NC_037616.1,Phenuiviridae
NC_037617.1,Phenuiviridae
NC_029128.1,Phenuiviridae
NC_029129.1,Phenuiviridae
NC_029127.1,Phenuiviridae
NC_033830.1,Phenuiviridae
NC_033831.1,Phenuiviridae
NC_033847.1,Phenuiviridae
NC_018136.1,Phenuiviridae
NC_018137.1,Phenuiviridae
NC_018138.1,Phenuiviridae
NC_031138.1,Phenuiviridae
NC_031295.1,Phenuiviridae
NC_031298.1,Phenuiviridae
NC_031287.1,Phenuiviridae
NC_031292.1,Phenuiviridae
NC_031313.1,Phenuiviridae
NC_031316.1,Phenuiviridae
NC_031314.1,Phenuiviridae
NC_031320.1,Phenuiviridae
NC_031321.1,Phenuiviridae
NC_031317.1,Phenuiviridae
NC_031318.1,Phenuiviridae
NC_032158.1,Phenuiviridae
NC_032159.1,Phenuiviridae
NC_032160.1,Phenuiviridae
NC_032256.1,Phenuiviridae
NC_032257.1,Phenuiviridae
NC_032282.1,Phenuiviridae
NC_032276.1,Phenuiviridae
NC_032281.1,Phenuiviridae
NC_032277.1,Phenuiviridae
NC_032278.1,Phenuiviridae
NC_032279.1,Phenuiviridae
NC_032280.1,Phenuiviridae
NC_036604.1,Phenuiviridae
NC_036605.1,Phenuiviridae
NC_036606.1,Phenuiviridae
NC_036597.1,Phenuiviridae
NC_036598.1,Phenuiviridae
NC_036599.1,Phenuiviridae
NC_036602.1,Phenuiviridae
NC_023633.1,Phenuiviridae
NC_023634.1,Phenuiviridae
NC_023635.1,Phenuiviridae
NC_035454.1,Phenuiviridae
NC_035759.1,Phenuiviridae
NC_024494.1,Phenuiviridae
NC_024495.1,Phenuiviridae
NC_024496.1,Phenuiviridae
NC_021242.1,Phenuiviridae
NC_021243.1,Phenuiviridae
NC_021244.1,Phenuiviridae
NC_022630.1,Phenuiviridae
NC_022631.1,Phenuiviridae
NC_022632.1,Phenuiviridae
NC_003753.1,Phenuiviridae
NC_005220.1,Phenuiviridae
NC_006318.1,Phenuiviridae
NC_002323.1,Phenuiviridae
NC_002327.1,Phenuiviridae
NC_002325.1,Phenuiviridae
NC_003776.1,Phenuiviridae
NC_006320.1,Phenuiviridae
NC_015411.1,Phenuiviridae
NC_015412.1,Phenuiviridae
NC_015413.1,Phenuiviridae
NC_014397.1,Phenuiviridae
NC_002328.1,Phenuiviridae
NC_003754.1,Phenuiviridae
NC_003755.1,Phenuiviridae
NC_002326.1,Phenuiviridae
NC_014396.1,Phenuiviridae
NC_005214.1,Phenuiviridae
NC_015373.1,Phenuiviridae
NC_015374.1,Phenuiviridae
NC_015450.1,Phenuiviridae
NC_015452.1,Phenuiviridae
NC_006319.1,Phenuiviridae
NC_002324.1,Phenuiviridae
NC_005221.1,Phenuiviridae
NC_014395.1,Phenuiviridae
NC_015451.1,Phenuiviridae
NC_038261.1,Phenuiviridae
NC_038262.1,Phenuiviridae
NC_038263.1,Phenuiviridae
NC_038748.1,Phenuiviridae
NC_038749.1,Phenuiviridae
NC_038750.1,Phenuiviridae
NC_038757.1,Phenuiviridae
NC_038758.1,Phenuiviridae
NC_038934.1,Phenuiviridae
NC_038935.1,Phenuiviridae
NC_038936.1,Phenuiviridae
NC_039191.1,Phenuiviridae
NC_039192.1,Phenuiviridae
NC_039193.1,Phenuiviridae
NC_038751.1,Phenuiviridae
NC_038752.1,Phenuiviridae
NC_038753.1,Phenuiviridae
NC_038754.1,Phenuiviridae
NC_038257.1,Phenuiviridae
NC_038258.1,Phenuiviridae
NC_038259.1,Phenuiviridae
NC_027716.2,Phenuiviridae
NC_027715.1,Phenuiviridae
NC_027717.1,Phenuiviridae
NC_043045.1,Phenuiviridae
NC_043046.1,Phenuiviridae
NC_043047.1,Phenuiviridae
NC_043049.1,Phenuiviridae
NC_043050.1,Phenuiviridae
NC_043051.1,Phenuiviridae
NC_043207.1,Phenuiviridae
NC_043208.1,Phenuiviridae
NC_043209.1,Phenuiviridae
NC_043450.1,Phenuiviridae
NC_043451.1,Phenuiviridae
NC_043452.1,Phenuiviridae
NC_043609.1,Phenuiviridae
NC_043610.1,Phenuiviridae
NC_043611.1,Phenuiviridae
NC_043509.1,Phenuiviridae
NC_043510.1,Phenuiviridae
NC_043511.1,Phenuiviridae
NC_043477.1,Phenuiviridae
NC_043478.1,Phenuiviridae
NC_043479.1,Phenuiviridae
NC_043480.1,Phenuiviridae
NC_043481.1,Phenuiviridae
NC_043482.1,Phenuiviridae
NC_043680.1,Phenuiviridae
NC_040492.1,Phenuiviridae
NC_040493.1,Phenuiviridae
NC_040494.1,Phenuiviridae
NC_040448.1,Phenuiviridae
NC_040449.1,Phenuiviridae
NC_040450.1,Phenuiviridae
NC_040451.1,Phenuiviridae
NC_040452.1,Phenuiviridae
NC_040453.1,Phenuiviridae
NC_040454.1,Phenuiviridae
NC_040455.1,Phenuiviridae
NC_033835.1,Phenuiviridae
NC_033836.1,Phenuiviridae
NC_033837.1,Phenuiviridae
NC_033838.1,Phenuiviridae
NC_033839.1,Phenuiviridae
NC_033840.1,Phenuiviridae
NC_033841.1,Phenuiviridae
NC_033842.1,Phenuiviridae
NC_033843.1,Phenuiviridae
NC_033844.1,Phenuiviridae
NC_033845.1,Phenuiviridae
NC_033848.1,Phenuiviridae
NC_033849.1,Phenuiviridae
NC_033850.1,Phenuiviridae
NC_033846.1,Phenuiviridae
NC_031290.1,Phenuiviridae
NC_031297.1,Phenuiviridae
NC_031315.1,Phenuiviridae
NC_031322.1,Phenuiviridae
NC_031319.1,Phenuiviridae
NC_055387.1,Phenuiviridae
NC_055388.1,Phenuiviridae
NC_055389.1,Phenuiviridae
NC_055414.1,Phenuiviridae
NC_055415.1,Phenuiviridae
NC_055416.1,Phenuiviridae
NC_055420.1,Phenuiviridae
NC_055421.1,Phenuiviridae
NC_055422.1,Phenuiviridae
NC_055336.1,Phenuiviridae
NC_055337.1,Phenuiviridae
NC_055338.1,Phenuiviridae
NC_055333.1,Phenuiviridae
NC_055334.1,Phenuiviridae
NC_055335.1,Phenuiviridae
NC_055330.1,Phenuiviridae
NC_055331.1,Phenuiviridae
NC_055332.1,Phenuiviridae
NC_055327.1,Phenuiviridae
NC_055328.1,Phenuiviridae
NC_055329.1,Phenuiviridae
NC_055318.1,Phenuiviridae
NC_055319.1,Phenuiviridae
NC_055320.1,Phenuiviridae
NC_055315.1,Phenuiviridae
NC_055316.1,Phenuiviridae
NC_055317.1,Phenuiviridae
NC_055312.1,Phenuiviridae
NC_055313.1,Phenuiviridae
NC_055314.1,Phenuiviridae
NC_055306.1,Phenuiviridae
NC_055307.1,Phenuiviridae
NC_055308.1,Phenuiviridae
NC_055303.1,Phenuiviridae
NC_055304.1,Phenuiviridae
NC_055305.1,Phenuiviridae
NC_055294.1,Phenuiviridae
NC_055295.1,Phenuiviridae
NC_055296.1,Phenuiviridae
NC_055339.1,Phenuiviridae
NC_055340.1,Phenuiviridae
NC_055341.1,Phenuiviridae
NC_055342.1,Phenuiviridae
NC_055343.1,Phenuiviridae
NC_055344.1,Phenuiviridae
NC_055345.1,Phenuiviridae
NC_055346.1,Phenuiviridae
NC_055347.1,Phenuiviridae
NC_055348.1,Phenuiviridae
NC_055349.1,Phenuiviridae
NC_055350.1,Phenuiviridae
NC_055351.1,Phenuiviridae
NC_055352.1,Phenuiviridae
NC_055353.1,Phenuiviridae
NC_055357.1,Phenuiviridae
NC_055358.1,Phenuiviridae
NC_055359.1,Phenuiviridae
NC_055363.1,Phenuiviridae
NC_055364.1,Phenuiviridae
NC_055365.1,Phenuiviridae
NC_055366.1,Phenuiviridae
NC_055367.1,Phenuiviridae
NC_055368.1,Phenuiviridae
NC_055369.1,Phenuiviridae
NC_055370.1,Phenuiviridae
NC_055371.1,Phenuiviridae
NC_055423.1,Phenuiviridae
NC_055424.1,Phenuiviridae
NC_055425.1,Phenuiviridae
NC_055426.1,Phenuiviridae
NC_055427.1,Phenuiviridae
NC_055428.1,Phenuiviridae
NC_055372.1,Phenuiviridae
NC_055373.1,Phenuiviridae
NC_055374.1,Phenuiviridae
NC_055381.1,Phenuiviridae
NC_055382.1,Phenuiviridae
NC_055383.1,Phenuiviridae
NC_055431.1,Phenuiviridae
NC_055432.1,Phenuiviridae
NC_055354.1,Phenuiviridae
NC_055355.1,Phenuiviridae
NC_055356.1,Phenuiviridae
NC_055384.1,Phenuiviridae
NC_055385.1,Phenuiviridae
NC_055386.1,Phenuiviridae
NC_055418.1,Phenuiviridae
NC_055419.1,Phenuiviridae
NC_055324.1,Phenuiviridae
NC_055326.1,Phenuiviridae
NC_055321.1,Phenuiviridae
NC_055322.1,Phenuiviridae
NC_055323.1,Phenuiviridae
NC_055309.1,Phenuiviridae
NC_055310.1,Phenuiviridae
NC_055311.1,Phenuiviridae
NC_055300.1,Phenuiviridae
NC_055301.1,Phenuiviridae
NC_055302.1,Phenuiviridae
NC_055360.1,Phenuiviridae
NC_055362.1,Phenuiviridae
NC_055378.1,Phenuiviridae
NC_055379.1,Phenuiviridae
NC_055380.1,Phenuiviridae
NC_055433.1,Phenuiviridae
NC_055434.1,Phenuiviridae
NC_055435.1,Phenuiviridae
NC_055436.1,Phenuiviridae
NC_055390.1,Phenuiviridae
NC_055391.1,Phenuiviridae
NC_055392.1,Phenuiviridae
NC_055533.1,Phenuiviridae
NC_055534.1,Phenuiviridae
NC_055535.1,Phenuiviridae
NC_055536.1,Phenuiviridae
NC_055537.1,Phenuiviridae
NC_055437.1,Phenuiviridae
NC_055438.1,Phenuiviridae
NC_055449.1,Phenuiviridae
NC_055450.1,Phenuiviridae
NC_055396.1,Phenuiviridae
NC_055398.1,Phenuiviridae
NC_055399.1,Phenuiviridae
NC_055400.1,Phenuiviridae
NC_055401.1,Phenuiviridae
NC_055402.1,Phenuiviridae
NC_055403.1,Phenuiviridae
NC_055405.1,Phenuiviridae
NC_055406.1,Phenuiviridae
NC_055407.1,Phenuiviridae
NC_078077.1,Phenuiviridae
NC_078078.1,Phenuiviridae
NC_078079.1,Phenuiviridae
NC_078044.1,Phenuiviridae
NC_078045.1,Phenuiviridae
NC_078046.1,Phenuiviridae
NC_078121.1,Phenuiviridae
NC_078122.1,Phenuiviridae
NC_078123.1,Phenuiviridae
NC_078041.1,Phenuiviridae
NC_078042.1,Phenuiviridae
NC_078043.1,Phenuiviridae
NC_078053.1,Phenuiviridae
NC_078054.1,Phenuiviridae
NC_078055.1,Phenuiviridae
NC_078056.1,Phenuiviridae
NC_078057.1,Phenuiviridae
NC_078058.1,Phenuiviridae
NC_078059.1,Phenuiviridae
NC_078060.1,Phenuiviridae
NC_078061.1,Phenuiviridae
NC_078062.1,Phenuiviridae
NC_078063.1,Phenuiviridae
NC_078064.1,Phenuiviridae
NC_078065.1,Phenuiviridae
NC_078066.1,Phenuiviridae
NC_078067.1,Phenuiviridae
NC_078091.1,Phenuiviridae
NC_078092.1,Phenuiviridae
NC_078093.1,Phenuiviridae
NC_078094.1,Phenuiviridae
NC_078068.1,Phenuiviridae
NC_078069.1,Phenuiviridae
NC_078070.1,Phenuiviridae
NC_078095.1,Phenuiviridae
NC_078096.1,Phenuiviridae
NC_078071.1,Phenuiviridae
NC_078072.1,Phenuiviridae
NC_078073.1,Phenuiviridae
NC_078074.1,Phenuiviridae
NC_078075.1,Phenuiviridae
NC_078076.1,Phenuiviridae
NC_078099.1,Phenuiviridae
NC_078100.1,Phenuiviridae
NC_079047.1,Phenuiviridae
NC_079048.1,Phenuiviridae
NC_079049.1,Phenuiviridae
NC_079050.1,Phenuiviridae
NC_078103.1,Phenuiviridae
NC_078104.1,Phenuiviridae
NC_078080.1,Phenuiviridae
NC_078081.1,Phenuiviridae
NC_078082.1,Phenuiviridae
NC_078083.1,Phenuiviridae
NC_078084.1,Phenuiviridae
NC_078085.1,Phenuiviridae
NC_078297.1,Phenuiviridae
NC_078298.1,Phenuiviridae
NC_078299.1,Phenuiviridae
NC_078983.1,Phenuiviridae
NC_078984.1,Phenuiviridae
NC_078985.1,Phenuiviridae
NC_078986.1,Phenuiviridae
NC_078987.1,Phenuiviridae
NC_078404.1,Phenuiviridae
NC_078405.1,Phenuiviridae
NC_078406.1,Phenuiviridae
NC_078401.1,Phenuiviridae
NC_078402.1,Phenuiviridae
NC_078403.1,Phenuiviridae
NC_078294.1,Phenuiviridae
NC_078295.1,Phenuiviridae
NC_078296.1,Phenuiviridae
NC_078407.1,Phenuiviridae
NC_078408.1,Phenuiviridae
NC_078409.1,Phenuiviridae
NC_078410.1,Phenuiviridae
NC_078317.1,Phenuiviridae
NC_078318.1,Phenuiviridae
NC_078319.1,Phenuiviridae
NC_078432.1,Phenuiviridae
NC_078433.1,Phenuiviridae
NC_078434.1,Phenuiviridae
NC_078435.1,Phenuiviridae
NC_078436.1,Phenuiviridae
NC_078437.1,Phenuiviridae
NC_078438.1,Phenuiviridae
NC_078439.1,Phenuiviridae
NC_078440.1,Phenuiviridae
NC_078300.1,Phenuiviridae
NC_078329.1,Phenuiviridae
NC_078330.1,Phenuiviridae
NC_078331.1,Phenuiviridae
NC_078446.1,Phenuiviridae
NC_078447.1,Phenuiviridae
NC_078448.1,Phenuiviridae
NC_078358.1,Phenuiviridae
NC_078359.1,Phenuiviridae
NC_078360.1,Phenuiviridae
NC_078349.1,Phenuiviridae
NC_078350.1,Phenuiviridae
NC_078351.1,Phenuiviridae
NC_078346.1,Phenuiviridae
NC_078347.1,Phenuiviridae
NC_078348.1,Phenuiviridae
NC_078352.1,Phenuiviridae
NC_078353.1,Phenuiviridae
NC_078354.1,Phenuiviridae
NC_078355.1,Phenuiviridae
NC_078356.1,Phenuiviridae
NC_079012.1,Phenuiviridae
NC_078050.1,Phenuiviridae
NC_078051.1,Phenuiviridae
NC_078052.1,Phenuiviridae
NC_079057.1,Phenuiviridae
NC_079058.1,Phenuiviridae
NC_079059.1,Phenuiviridae
NC_079045.1,Phenuiviridae
NC_079046.1,Phenuiviridae
NC_078245.1,Phenuiviridae
NC_078246.1,Phenuiviridae
NC_078247.1,Phenuiviridae
NC_078047.1,Phenuiviridae
NC_078048.1,Phenuiviridae
NC_078049.1,Phenuiviridae
NC_078470.1,Phenuiviridae
NC_078471.1,Phenuiviridae
NC_078472.1,Phenuiviridae
NC_078473.1,Phenuiviridae
NC_043238.1,Phycodnaviridae
NC_043233.1,Phycodnaviridae
NC_043237.1,Phycodnaviridae
NC_043241.1,Phycodnaviridae
NC_043242.1,Phycodnaviridae
NC_043243.1,Phycodnaviridae
NC_043244.1,Phycodnaviridae
NC_043245.1,Phycodnaviridae
NC_043246.1,Phycodnaviridae
NC_043247.1,Phycodnaviridae
NC_043248.1,Phycodnaviridae
NC_043249.1,Phycodnaviridae
NC_043250.1,Phycodnaviridae
NC_043251.1,Phycodnaviridae
NC_043253.1,Phycodnaviridae
NC_043255.1,Phycodnaviridae
NC_043257.1,Phycodnaviridae
NC_043130.1,Phycodnaviridae
NC_043128.1,Phycodnaviridae
NC_000852.5,Phycodnaviridae
NC_002687.1,Phycodnaviridae
NC_011183.1,Phycodnaviridae
NC_038550.1,Phycodnaviridae
NC_043234.1,Phycodnaviridae
NC_009898.1,Phycodnaviridae
NC_043239.1,Phycodnaviridae
NC_043240.1,Phycodnaviridae
NC_043236.1,Phycodnaviridae
NC_007346.1,Phycodnaviridae
NC_043252.1,Phycodnaviridae
NC_043254.1,Phycodnaviridae
NC_021312.1,Phycodnaviridae
NC_008603.1,Phycodnaviridae
NC_028094.1,Phycodnaviridae
NC_020852.1,Phycodnaviridae
NC_020864.1,Phycodnaviridae
NC_014765.1,Phycodnaviridae
NC_014767.1,Phycodnaviridae
NC_014766.1,Phycodnaviridae
NC_028112.1,Phycodnaviridae
NC_028110.1,Phycodnaviridae
NC_028108.1,Phycodnaviridae
NC_028091.1,Phycodnaviridae
NC_028093.1,Phycodnaviridae
NC_028092.1,Phycodnaviridae
NC_010191.2,Phycodnaviridae
NC_032001.1,Phycodnaviridae
NC_037057.1,Phycodnaviridae
NC_075546.1,Phycodnaviridae
NC_029802.1,Picobirnaviridae
NC_029801.1,Picobirnaviridae
NC_034161.1,Picobirnaviridae
NC_034160.1,Picobirnaviridae
NC_035206.1,Picobirnaviridae
NC_007026.1,Picobirnaviridae
NC_007027.1,Picobirnaviridae
NC_034452.1,Picobirnaviridae
NC_040752.1,Picobirnaviridae
NC_040753.1,Picobirnaviridae
NC_040438.1,Picobirnaviridae
NC_040439.1,Picobirnaviridae
NC_078097.1,Picobirnaviridae
NC_078098.1,Picobirnaviridae
NC_029854.1,Picornaviridae
NC_029905.1,Picornaviridae
NC_027054.1,Picornaviridae
NC_027214.1,Picornaviridae
NC_027919.1,Picornaviridae
NC_027918.1,Picornaviridae
NC_028365.1,Picornaviridae
NC_028364.1,Picornaviridae
NC_028363.1,Picornaviridae
NC_028981.1,Picornaviridae
NC_028970.1,Picornaviridae
NC_028964.1,Picornaviridae
NC_023422.1,Picornaviridae
NC_033695.1,Picornaviridae
NC_033820.1,Picornaviridae
NC_018226.1,Picornaviridae
NC_034245.1,Picornaviridae
NC_034381.1,Picornaviridae
NC_030843.1,Picornaviridae
NC_031106.1,Picornaviridae
NC_031105.1,Picornaviridae
NC_018506.1,Picornaviridae
NC_018668.1,Picornaviridae
NC_034385.1,Picornaviridae
NC_034453.1,Picornaviridae
NC_034617.1,Picornaviridae
NC_034971.1,Picornaviridae
NC_035198.1,Picornaviridae
NC_035779.1,Picornaviridae
NC_023858.1,Picornaviridae
NC_037654.1,Picornaviridae
NC_023988.1,Picornaviridae
NC_023987.1,Picornaviridae
NC_023985.1,Picornaviridae
NC_023984.1,Picornaviridae
NC_024073.1,Picornaviridae
NC_024765.1,Picornaviridae
NC_024768.1,Picornaviridae
NC_024767.1,Picornaviridae
NC_024766.1,Picornaviridae
NC_021201.1,Picornaviridae
NC_021220.1,Picornaviridae
NC_021482.1,Picornaviridae
NC_025114.1,Picornaviridae
NC_022332.1,Picornaviridae
NC_025432.1,Picornaviridae
NC_025474.1,Picornaviridae
NC_025890.1,Picornaviridae
NC_025961.1,Picornaviridae
NC_026249.1,Picornaviridae
NC_026470.1,Picornaviridae
NC_022802.1,Picornaviridae
NC_026921.1,Picornaviridae
NC_036588.1,Picornaviridae
NC_003985.1,Picornaviridae
NC_001617.1,Picornaviridae
NC_009448.2,Picornaviridae
NC_012798.1,Picornaviridae
NC_011349.1,Picornaviridae
NC_002058.3,Picornaviridae
NC_016403.1,Picornaviridae
NC_015936.1,Picornaviridae
NC_001918.1,Picornaviridae
NC_003983.1,Picornaviridae
NC_009891.1,Picornaviridae
NC_001366.1,Picornaviridae
NC_016769.1,Picornaviridae
NC_004441.1,Picornaviridae
NC_004451.1,Picornaviridae
NC_004421.1,Picornaviridae
NC_009996.1,Picornaviridae
NC_001479.1,Picornaviridae
NC_012957.1,Picornaviridae
NC_008250.2,Picornaviridae
NC_013695.1,Picornaviridae
NC_003990.1,Picornaviridae
NC_003976.2,Picornaviridae
NC_003987.1,Picornaviridae
NC_016156.1,Picornaviridae
NC_001489.1,Picornaviridae
NC_014411.1,Picornaviridae
NC_014412.1,Picornaviridae
NC_014413.1,Picornaviridae
NC_012800.1,Picornaviridae
NC_012802.1,Picornaviridae
NC_001859.1,Picornaviridae
NC_016964.1,Picornaviridae
NC_015940.1,Picornaviridae
NC_015941.1,Picornaviridae
NC_015934.1,Picornaviridae
NC_038303.1,Picornaviridae
NC_038305.1,Picornaviridae
NC_038307.1,Picornaviridae
NC_038308.1,Picornaviridae
NC_038310.1,Picornaviridae
NC_038313.1,Picornaviridae
NC_038314.1,Picornaviridae
NC_038315.1,Picornaviridae
NC_038316.1,Picornaviridae
NC_038317.1,Picornaviridae
NC_038318.1,Picornaviridae
NC_038878.1,Picornaviridae
NC_038961.1,Picornaviridae
NC_039004.1,Picornaviridae
NC_038319.1,Picornaviridae
NC_039209.1,Picornaviridae
NC_039211.1,Picornaviridae
NC_039212.1,Picornaviridae
NC_039235.1,Picornaviridae
NC_034206.1,Picornaviridae
NC_023162.1,Picornaviridae
NC_033819.1,Picornaviridae
NC_011829.1,Picornaviridae
NC_038309.1,Picornaviridae
NC_038312.1,Picornaviridae
NC_038989.1,Picornaviridae
NC_039210.1,Picornaviridae
NC_043071.1,Picornaviridae
NC_043072.1,Picornaviridae
NC_043544.1,Picornaviridae
NC_040611.1,Picornaviridae
NC_040673.1,Picornaviridae
NC_040684.1,Picornaviridae
NC_040605.1,Picornaviridae
NC_040642.1,Picornaviridae
NC_010354.1,Picornaviridae
NC_026314.1,Picornaviridae
NC_028380.1,Picornaviridae
NC_018400.1,Picornaviridae
NC_032126.1,Picornaviridae
NC_028366.1,Picornaviridae
NC_055159.1,Picornaviridae
NC_055108.1,Picornaviridae
NC_055161.1,Picornaviridae
NC_055156.1,Picornaviridae
NC_006553.1,Picornaviridae
NC_008714.1,Picornaviridae
NC_024769.1,Picornaviridae
NC_024120.1,Picornaviridae
NC_033793.1,Picornaviridae
NC_001490.1,Picornaviridae
NC_010810.1,Picornaviridae
NC_075980.1,Picornaviridae
NC_075428.1,Picornaviridae
NC_076039.1,Picornaviridae
NC_076040.1,Picornaviridae
NC_074775.1,Picornaviridae
NC_075280.1,Picornaviridae
NC_076037.1,Picornaviridae
NC_076038.1,Picornaviridae
NC_075425.1,Picornaviridae
NC_075994.1,Picornaviridae
NC_075995.1,Picornaviridae
NC_076508.1,Picornaviridae
NC_076008.1,Picornaviridae
NC_076009.1,Picornaviridae
NC_076218.1,Picornaviridae
NC_076217.1,Picornaviridae
NC_076011.1,Picornaviridae
NC_076012.1,Picornaviridae
NC_076013.1,Picornaviridae
NC_076219.1,Picornaviridae
NC_076015.1,Picornaviridae
NC_076017.1,Picornaviridae
NC_077220.1,Picornaviridae
NC_076245.1,Picornaviridae
NC_075987.1,Picornaviridae
NC_075281.1,Picornaviridae
NC_075282.1,Picornaviridae
NC_075977.1,Picornaviridae
NC_075445.1,Picornaviridae
NC_075992.1,Picornaviridae
NC_076099.1,Picornaviridae
NC_001612.1,Picornaviridae
NC_001472.1,Picornaviridae
NC_023861.2,Picornaviridae
NC_001341.1,Plectroviridae
NC_003793.1,Plectroviridae
NC_001365.1,Plectroviridae
NC_001270.2,Plectroviridae
NC_009987.1,Plectroviridae
NC_073761.1,Plectroviridae
NC_007918.1,Pleolipoviridae
NC_012558.1,Pleolipoviridae
NC_013758.1,Pleolipoviridae
NC_017087.1,Pleolipoviridae
NC_017088.1,Pleolipoviridae
NC_017089.1,Pleolipoviridae
NC_017090.1,Pleolipoviridae
NC_023592.1,Pleolipoviridae
NC_047928.1,Pleolipoviridae
NC_047943.1,Pleolipoviridae
NC_048160.1,Pleolipoviridae
NC_048157.1,Pleolipoviridae
NC_048158.1,Pleolipoviridae
NC_048156.1,Pleolipoviridae
NC_074647.1,Pleolipoviridae
NC_074646.1,Pleolipoviridae
NC_001803.1,Pneumoviridae
NC_039231.1,Pneumoviridae
NC_039199.1,Pneumoviridae
NC_006579.1,Pneumoviridae
NC_001989.1,Pneumoviridae
NC_001781.1,Pneumoviridae
NC_038235.1,Pneumoviridae
NC_038272.1,Pneumoviridae
NC_074772.1,Pneumoviridae
NC_032222.1,Polycipiviridae
NC_033152.1,Polycipiviridae
NC_032978.1,Polycipiviridae
NC_039236.1,Polycipiviridae
NC_035450.1,Polycipiviridae
NC_035455.1,Polycipiviridae
NC_035456.1,Polycipiviridae
NC_035457.1,Polycipiviridae
NC_076250.1,Polycipiviridae
NC_033477.1,Polymycoviridae
NC_033494.1,Polymycoviridae
NC_033495.1,Polymycoviridae
NC_033496.1,Polymycoviridae
NC_040422.1,Polymycoviridae
NC_040423.1,Polymycoviridae
NC_040424.1,Polymycoviridae
NC_040425.1,Polymycoviridae
NC_040418.1,Polymycoviridae
NC_040419.1,Polymycoviridae
NC_040420.1,Polymycoviridae
NC_040421.1,Polymycoviridae
NC_024704.1,Polymycoviridae
NC_024705.1,Polymycoviridae
NC_024706.1,Polymycoviridae
NC_024707.1,Polymycoviridae
NC_024708.1,Polymycoviridae
NC_034257.1,Polymycoviridae
NC_034258.1,Polymycoviridae
NC_034259.1,Polymycoviridae
NC_034260.1,Polymycoviridae
NC_055286.1,Polymycoviridae
NC_055287.1,Polymycoviridae
NC_055288.1,Polymycoviridae
NC_055289.1,Polymycoviridae
NC_055282.1,Polymycoviridae
NC_055283.1,Polymycoviridae
NC_055284.1,Polymycoviridae
NC_055285.1,Polymycoviridae
NC_055274.1,Polymycoviridae
NC_055275.1,Polymycoviridae
NC_055276.1,Polymycoviridae
NC_055277.1,Polymycoviridae
NC_055278.1,Polymycoviridae
NC_055279.1,Polymycoviridae
NC_055280.1,Polymycoviridae
NC_055281.1,Polymycoviridae
NC_078024.1,Polymycoviridae
NC_078025.1,Polymycoviridae
NC_078026.1,Polymycoviridae
NC_078027.1,Polymycoviridae
NC_078028.1,Polymycoviridae
NC_078029.1,Polymycoviridae
NC_078030.1,Polymycoviridae
NC_078031.1,Polymycoviridae
NC_078037.1,Polymycoviridae
NC_078038.1,Polymycoviridae
NC_078039.1,Polymycoviridae
NC_078040.1,Polymycoviridae
NC_078124.1,Polymycoviridae
NC_078125.1,Polymycoviridae
NC_078126.1,Polymycoviridae
NC_078127.1,Polymycoviridae
NC_030148.1,Polyomaviridae
NC_026942.1,Polyomaviridae
NC_026944.1,Polyomaviridae
NC_027531.1,Polyomaviridae
NC_028119.1,Polyomaviridae
NC_028117.1,Polyomaviridae
NC_028127.1,Polyomaviridae
NC_028635.1,Polyomaviridae
NC_018102.1,Polyomaviridae
NC_034219.1,Polyomaviridae
NC_034218.1,Polyomaviridae
NC_034221.1,Polyomaviridae
NC_034220.1,Polyomaviridae
NC_034253.1,Polyomaviridae
NC_034251.1,Polyomaviridae
NC_034378.1,Polyomaviridae
NC_030838.1,Polyomaviridae
NC_031757.1,Polyomaviridae
NC_033737.1,Polyomaviridae
NC_032005.1,Polyomaviridae
NC_032120.1,Polyomaviridae
NC_035181.1,Polyomaviridae
NC_023845.1,Polyomaviridae
NC_017982.1,Polyomaviridae
NC_024118.1,Polyomaviridae
NC_019844.1,Polyomaviridae
NC_019853.1,Polyomaviridae
NC_019854.2,Polyomaviridae
NC_019851.1,Polyomaviridae
NC_020067.1,Polyomaviridae
NC_020069.1,Polyomaviridae
NC_020070.1,Polyomaviridae
NC_020065.1,Polyomaviridae
NC_020071.1,Polyomaviridae
NC_020066.1,Polyomaviridae
NC_020068.1,Polyomaviridae
NC_020106.1,Polyomaviridae
NC_020890.1,Polyomaviridae
NC_025380.1,Polyomaviridae
NC_025370.1,Polyomaviridae
NC_025368.1,Polyomaviridae
NC_025259.1,Polyomaviridae
NC_022519.1,Polyomaviridae
NC_025790.1,Polyomaviridae
NC_025800.1,Polyomaviridae
NC_025811.1,Polyomaviridae
NC_025899.1,Polyomaviridae
NC_025898.1,Polyomaviridae
NC_025894.1,Polyomaviridae
NC_025896.1,Polyomaviridae
NC_025895.1,Polyomaviridae
NC_026015.1,Polyomaviridae
NC_026012.1,Polyomaviridae
NC_026141.2,Polyomaviridae
NC_026244.1,Polyomaviridae
NC_026473.1,Polyomaviridae
NC_026762.1,Polyomaviridae
NC_026770.1,Polyomaviridae
NC_026769.1,Polyomaviridae
NC_026768.1,Polyomaviridae
NC_026766.1,Polyomaviridae
NC_023008.1,Polyomaviridae
NC_007923.1,Polyomaviridae
NC_007922.1,Polyomaviridae
NC_014361.1,Polyomaviridae
NC_001442.1,Polyomaviridae
NC_009539.1,Polyomaviridae
NC_017085.1,Polyomaviridae
NC_014743.1,Polyomaviridae
NC_011310.1,Polyomaviridae
NC_004764.2,Polyomaviridae
NC_001505.2,Polyomaviridae
NC_001538.1,Polyomaviridae
NC_004800.1,Polyomaviridae
NC_013439.1,Polyomaviridae
NC_001699.1,Polyomaviridae
NC_014406.1,Polyomaviridae
NC_014407.1,Polyomaviridae
NC_001663.2,Polyomaviridae
NC_001515.2,Polyomaviridae
NC_010277.2,Polyomaviridae
NC_009238.1,Polyomaviridae
NC_007611.1,Polyomaviridae
NC_013796.1,Polyomaviridae
NC_009951.1,Polyomaviridae
NC_004763.2,Polyomaviridae
NC_015150.1,Polyomaviridae
NC_038554.1,Polyomaviridae
NC_038555.1,Polyomaviridae
NC_038556.1,Polyomaviridae
NC_038557.1,Polyomaviridae
NC_038558.1,Polyomaviridae
NC_039051.1,Polyomaviridae
NC_039052.1,Polyomaviridae
NC_039053.1,Polyomaviridae
NC_034456.1,Polyomaviridae
NC_001669.1,Polyomaviridae
NC_038559.1,Polyomaviridae
NC_040600.1,Polyomaviridae
NC_040598.1,Polyomaviridae
NC_040538.1,Polyomaviridae
NC_040607.1,Polyomaviridae
NC_040676.1,Polyomaviridae
NC_040677.1,Polyomaviridae
NC_040714.1,Polyomaviridae
NC_040715.1,Polyomaviridae
NC_040566.1,Polyomaviridae
NC_040821.1,Polyomaviridae
NC_040822.1,Polyomaviridae
NC_040634.1,Polyomaviridae
NC_040705.1,Polyomaviridae
NC_040638.1,Polyomaviridae
NC_040573.1,Polyomaviridae
NC_019850.1,Polyomaviridae
NC_019855.1,Polyomaviridae
NC_019856.1,Polyomaviridae
NC_019857.1,Polyomaviridae
NC_019858.1,Polyomaviridae
NC_025892.1,Polyomaviridae
NC_025897.1,Polyomaviridae
NC_026767.1,Polyomaviridae
NC_028121.1,Polyomaviridae
NC_028122.1,Polyomaviridae
NC_055559.1,Polyomaviridae
NC_055556.1,Polyomaviridae
NC_055557.1,Polyomaviridae
NC_055488.1,Polyomaviridae
NC_055558.1,Polyomaviridae
NC_055163.1,Polyomaviridae
NC_055164.1,Polyomaviridae
NC_055595.1,Polyomaviridae
NC_055575.1,Polyomaviridae
NC_055578.1,Polyomaviridae
NC_055576.1,Polyomaviridae
NC_028120.1,Polyomaviridae
NC_074971.1,Polyomaviridae
NC_075121.1,Polyomaviridae
NC_076027.1,Polyomaviridae
NC_076484.1,Polyomaviridae
NC_025429.1,Pootjesviridae
NC_028676.1,Pootjesviridae
NC_055841.1,Pootjesviridae
NC_070890.1,Pootjesviridae
NC_070884.1,Pootjesviridae
NC_070885.1,Pootjesviridae
NC_070883.1,Pootjesviridae
NC_070887.1,Pootjesviridae
NC_038017.1,Portogloboviridae
NC_055116.1,Portogloboviridae
NC_017977.1,Potyviridae
NC_017967.1,Potyviridae
NC_017970.1,Potyviridae
NC_030236.1,Potyviridae
NC_030293.1,Potyviridae
NC_018093.1,Potyviridae
NC_027210.1,Potyviridae
NC_027706.1,Potyviridae
NC_028144.1,Potyviridae
NC_028145.1,Potyviridae
NC_029051.1,Potyviridae
NC_029076.1,Potyviridae
NC_018176.1,Potyviridae
NC_018455.1,Potyviridae
NC_030391.1,Potyviridae
NC_030794.1,Potyviridae
NC_030840.1,Potyviridae
NC_030847.1,Potyviridae
NC_032912.1,Potyviridae
NC_036802.1,Potyviridae
NC_037051.1,Potyviridae
NC_034835.1,Potyviridae
NC_023628.1,Potyviridae
NC_035458.1,Potyviridae
NC_035459.1,Potyviridae
NC_035461.1,Potyviridae
NC_018833.1,Potyviridae
NC_019031.1,Potyviridae
NC_019415.1,Potyviridae
NC_019409.1,Potyviridae
NC_019412.1,Potyviridae
NC_020072.1,Potyviridae
NC_020105.1,Potyviridae
NC_024471.1,Potyviridae
NC_020896.1,Potyviridae
NC_021065.1,Potyviridae
NC_021197.1,Potyviridae
NC_021786.1,Potyviridae
NC_025250.1,Potyviridae
NC_025254.1,Potyviridae
NC_025821.1,Potyviridae
NC_022745.1,Potyviridae
NC_026615.1,Potyviridae
NC_026759.1,Potyviridae
NC_023175.1,Potyviridae
NC_001841.1,Potyviridae
NC_007180.1,Potyviridae
NC_014898.1,Potyviridae
NC_005028.1,Potyviridae
NC_001785.1,Potyviridae
NC_005304.1,Potyviridae
NC_017824.1,Potyviridae
NC_004016.1,Potyviridae
NC_005136.1,Potyviridae
NC_001671.1,Potyviridae
NC_003501.1,Potyviridae
NC_004047.1,Potyviridae
NC_001768.1,Potyviridae
NC_002990.1,Potyviridae
NC_002991.1,Potyviridae
NC_004017.1,Potyviridae
NC_004013.1,Potyviridae
NC_014742.1,Potyviridae
NC_003482.1,Potyviridae
NC_004039.1,Potyviridae
NC_002634.1,Potyviridae
NC_003224.1,Potyviridae
NC_008393.1,Potyviridae
NC_007433.1,Potyviridae
NC_004752.1,Potyviridae
NC_005903.1,Potyviridae
NC_012698.2,Potyviridae
NC_003397.1,Potyviridae
NC_005029.1,Potyviridae
NC_004035.1,Potyviridae
NC_008824.1,Potyviridae
NC_009742.1,Potyviridae
NC_006262.1,Potyviridae
NC_016044.1,Potyviridae
NC_003537.1,Potyviridae
NC_006941.1,Potyviridae
NC_000947.1,Potyviridae
NC_011541.1,Potyviridae
NC_012799.1,Potyviridae
NC_003536.1,Potyviridae
NC_003398.1,Potyviridae
NC_004010.1,Potyviridae
NC_001886.1,Potyviridae
NC_009994.1,Potyviridae
NC_014064.1,Potyviridae
NC_010521.1,Potyviridae
NC_007913.1,Potyviridae
NC_010954.1,Potyviridae
NC_014252.1,Potyviridae
NC_015393.1,Potyviridae
NC_014905.1,Potyviridae
NC_018872.2,Potyviridae
NC_003377.1,Potyviridae
NC_004426.1,Potyviridae
NC_003742.1,Potyviridae
NC_003797.1,Potyviridae
NC_001445.1,Potyviridae
NC_001517.1,Potyviridae
NC_001616.1,Potyviridae
NC_001814.1,Potyviridae
NC_007728.1,Potyviridae
NC_014791.1,Potyviridae
NC_003399.1,Potyviridae
NC_003492.1,Potyviridae
NC_005904.1,Potyviridae
NC_007147.1,Potyviridae
NC_008028.1,Potyviridae
NC_009741.1,Potyviridae
NC_009744.1,Potyviridae
NC_009995.1,Potyviridae
NC_010735.1,Potyviridae
NC_011560.1,Potyviridae
NC_011918.1,Potyviridae
NC_014038.1,Potyviridae
NC_014325.1,Potyviridae
NC_015394.2,Potyviridae
NC_008558.1,Potyviridae
NC_009745.1,Potyviridae
NC_003606.1,Potyviridae
NC_002509.2,Potyviridae
NC_004011.1,Potyviridae
NC_005778.1,Potyviridae
NC_004573.1,Potyviridae
NC_005288.1,Potyviridae
NC_003605.1,Potyviridae
NC_016159.1,Potyviridae
NC_001555.1,Potyviridae
NC_038561.1,Potyviridae
NC_038562.1,Potyviridae
NC_038563.1,Potyviridae
NC_038984.1,Potyviridae
NC_039002.1,Potyviridae
NC_039088.1,Potyviridae
NC_034208.1,Potyviridae
NC_043133.1,Potyviridae
NC_043134.1,Potyviridae
NC_043135.1,Potyviridae
NC_043136.1,Potyviridae
NC_043137.1,Potyviridae
NC_043138.1,Potyviridae
NC_043139.1,Potyviridae
NC_043140.1,Potyviridae
NC_043142.1,Potyviridae
NC_043143.1,Potyviridae
NC_043144.1,Potyviridae
NC_043145.1,Potyviridae
NC_043146.1,Potyviridae
NC_043147.1,Potyviridae
NC_043148.1,Potyviridae
NC_043149.1,Potyviridae
NC_043150.1,Potyviridae
NC_043151.1,Potyviridae
NC_043152.1,Potyviridae
NC_043153.1,Potyviridae
NC_043154.1,Potyviridae
NC_043155.1,Potyviridae
NC_043156.1,Potyviridae
NC_043157.1,Potyviridae
NC_043158.1,Potyviridae
NC_043159.1,Potyviridae
NC_043160.1,Potyviridae
NC_043161.1,Potyviridae
NC_043162.1,Potyviridae
NC_043163.1,Potyviridae
NC_043164.1,Potyviridae
NC_043165.1,Potyviridae
NC_043167.1,Potyviridae
NC_043168.1,Potyviridae
NC_043169.1,Potyviridae
NC_043170.1,Potyviridae
NC_043171.1,Potyviridae
NC_043172.1,Potyviridae
NC_043173.1,Potyviridae
NC_043177.1,Potyviridae
NC_043420.1,Potyviridae
NC_043421.1,Potyviridae
NC_043422.1,Potyviridae
NC_043423.1,Potyviridae
NC_043424.1,Potyviridae
NC_043425.1,Potyviridae
NC_043532.1,Potyviridae
NC_043536.1,Potyviridae
NC_043537.1,Potyviridae
NC_040650.1,Potyviridae
NC_040802.1,Potyviridae
NC_040836.1,Potyviridae
NC_040507.1,Potyviridae
NC_040508.1,Potyviridae
NC_055601.1,Potyviridae
NC_055470.1,Potyviridae
NC_055491.1,Potyviridae
NC_055493.1,Potyviridae
NC_055496.1,Potyviridae
NC_055497.1,Potyviridae
NC_055501.1,Potyviridae
NC_055503.1,Potyviridae
NC_055506.1,Potyviridae
NC_055507.1,Potyviridae
NC_055520.1,Potyviridae
NC_055568.1,Potyviridae
NC_055585.1,Potyviridae
NC_055600.1,Potyviridae
NC_055483.1,Potyviridae
NC_034273.1,Potyviridae
NC_076997.1,Potyviridae
NC_077005.1,Potyviridae
NC_076338.1,Potyviridae
NC_077007.1,Potyviridae
NC_076902.1,Potyviridae
NC_076610.1,Potyviridae
NC_076883.1,Potyviridae
NC_077104.1,Potyviridae
NC_077059.1,Potyviridae
NC_077072.1,Potyviridae
NC_076904.1,Potyviridae
NC_077118.1,Potyviridae
NC_006998.1,Poxviridae
NC_038921.1,Poxviridae
NC_043364.1,Poxviridae
NC_043365.1,Poxviridae
NC_043366.1,Poxviridae
NC_043455.1,Poxviridae
NC_043456.1,Poxviridae
NC_043457.1,Poxviridae
NC_043458.1,Poxviridae
NC_043459.1,Poxviridae
NC_043460.1,Poxviridae
NC_043461.1,Poxviridae
NC_043462.1,Poxviridae
NC_043463.1,Poxviridae
NC_043464.1,Poxviridae
NC_043465.1,Poxviridae
NC_013804.1,Poxviridae
NC_022563.1,Poxviridae
NC_028238.1,Poxviridae
NC_043178.1,Poxviridae
NC_043179.1,Poxviridae
NC_063383.1,Poxviridae
NC_023426.1,Poxviridae
NC_003663.2,Poxviridae
NC_001611.1,Poxviridae
NC_027213.1,Poxviridae
NC_005336.1,Poxviridae
NC_002188.1,Poxviridae
NC_004002.1,Poxviridae
NC_001266.1,Poxviridae
NC_003389.1,Poxviridae
NC_001731.1,Poxviridae
NC_021248.1,Poxviridae
NC_004105.1,Poxviridae
NC_002520.1,Poxviridae
NC_043363.1,Poxviridae
NC_008291.1,Poxviridae
NC_003391.1,Poxviridae
NC_031033.1,Poxviridae
NC_005179.1,Poxviridae
NC_005309.1,Poxviridae
NC_032111.1,Poxviridae
NC_001993.1,Poxviridae
NC_005337.1,Poxviridae
NC_002642.1,Poxviridae
NC_031038.1,Poxviridae
NC_035188.1,Poxviridae
NC_006966.1,Poxviridae
NC_003027.1,Poxviridae
NC_004003.1,Poxviridae
NC_066642.1,Poxviridae
NC_024446.1,Poxviridae
NC_016924.1,Poxviridae
NC_015960.1,Poxviridae
NC_008030.1,Poxviridae
NC_021249.1,Poxviridae
NC_021247.1,Poxviridae
NC_021246.1,Poxviridae
NC_035460.1,Poxviridae
NC_037656.1,Poxviridae
NC_055228.1,Poxviridae
NC_030656.1,Poxviridae
NC_035468.1,Poxviridae
NC_035469.1,Poxviridae
NC_055229.1,Poxviridae
NC_036582.1,Poxviridae
NC_055230.1,Poxviridae
NC_055231.1,Poxviridae
NC_003310.1,Poxviridae
NC_076102.1,Poxviridae
NC_033753.1,Qinviridae
NC_033754.1,Qinviridae
NC_032272.1,Qinviridae
NC_032274.1,Qinviridae
NC_033296.1,Qinviridae
NC_033297.1,Qinviridae
NC_033298.1,Qinviridae
NC_033299.1,Qinviridae
NC_033287.1,Qinviridae
NC_033288.1,Qinviridae
NC_033285.1,Qinviridae
NC_033284.1,Qinviridae
NC_033282.1,Qinviridae
NC_033283.1,Qinviridae
NC_033484.1,Qinviridae
NC_033490.1,Qinviridae
NC_016758.1,Quadriviridae
NC_016759.1,Quadriviridae
NC_016757.1,Quadriviridae
NC_016760.1,Quadriviridae
NC_029853.1,Retroviridae
NC_029852.1,Retroviridae
NC_027117.1,Retroviridae
NC_031326.1,Retroviridae
NC_022517.1,Retroviridae
NC_022518.1,Retroviridae
NC_023153.1,Retroviridae
NC_001408.1,Retroviridae
NC_001500.1,Retroviridae
NC_001506.1,Retroviridae
NC_001885.3,Retroviridae
NC_009889.1,Retroviridae
NC_009424.5,Retroviridae
NC_001414.1,Retroviridae
NC_006934.1,Retroviridae
NC_001502.1,Retroviridae
NC_001488.1,Retroviridae
NC_001407.1,Retroviridae
NC_001549.1,Retroviridae
NC_001403.1,Retroviridae
NC_002201.1,Retroviridae
NC_007815.2,Retroviridae
NC_005947.1,Retroviridae
NC_003059.1,Retroviridae
NC_001702.1,Retroviridae
NC_001402.1,Retroviridae
NC_001618.1,Retroviridae
NC_001722.1,Retroviridae
NC_010955.1,Retroviridae
NC_014474.1,Retroviridae
NC_001452.1,Retroviridae
NC_004455.1,Retroviridae
NC_001831.1,Retroviridae
NC_001501.1,Retroviridae
NC_001940.1,Retroviridae
NC_001450.1,Retroviridae
NC_011546.1,Retroviridae
NC_001362.1,Retroviridae
NC_001413.1,Retroviridae
NC_001503.1,Retroviridae
NC_001511.1,Retroviridae
NC_001499.1,Retroviridae
NC_001463.1,Retroviridae
NC_001550.1,Retroviridae
NC_010820.1,Retroviridae
NC_001436.1,Retroviridae
NC_011800.1,Retroviridae
NC_001482.1,Retroviridae
NC_001802.1,Retroviridae
NC_001867.1,Retroviridae
NC_008094.1,Retroviridae
NC_007654.1,Retroviridae
NC_001866.1,Retroviridae
NC_001494.1,Retroviridae
NC_015116.1,Retroviridae
NC_001514.1,Retroviridae
NC_001724.1,Retroviridae
NC_038668.1,Retroviridae
NC_038669.1,Retroviridae
NC_038858.1,Retroviridae
NC_038922.1,Retroviridae
NC_038923.1,Retroviridae
NC_039022.1,Retroviridae
NC_039024.1,Retroviridae
NC_039025.1,Retroviridae
NC_039026.1,Retroviridae
NC_039027.1,Retroviridae
NC_039031.1,Retroviridae
NC_039228.1,Retroviridae
NC_039238.1,Retroviridae
NC_039242.1,Retroviridae
NC_001654.1,Retroviridae
NC_043193.1,Retroviridae
NC_043194.1,Retroviridae
NC_043196.1,Retroviridae
NC_043382.1,Retroviridae
NC_043426.1,Retroviridae
NC_043445.1,Retroviridae
NC_000858.1,Retroviridae
NC_003323.1,Retroviridae
NC_039023.1,Retroviridae
NC_001364.1,Retroviridae
NC_076947.1,Retroviridae
NC_075434.1,Retroviridae
NC_028230.1,Rhabdoviridae
NC_028232.1,Rhabdoviridae
NC_028239.1,Rhabdoviridae
NC_028236.1,Rhabdoviridae
NC_028241.1,Rhabdoviridae
NC_028244.1,Rhabdoviridae
NC_028231.1,Rhabdoviridae
NC_028246.1,Rhabdoviridae
NC_028255.1,Rhabdoviridae
NC_028867.1,Rhabdoviridae
NC_033701.1,Rhabdoviridae
NC_033705.1,Rhabdoviridae
NC_034240.1,Rhabdoviridae
NC_031093.1,Rhabdoviridae
NC_031079.1,Rhabdoviridae
NC_031216.1,Rhabdoviridae
NC_031215.1,Rhabdoviridae
NC_031225.1,Rhabdoviridae
NC_031283.1,Rhabdoviridae
NC_031282.1,Rhabdoviridae
NC_031278.1,Rhabdoviridae
NC_031276.1,Rhabdoviridae
NC_031268.1,Rhabdoviridae
NC_031240.1,Rhabdoviridae
NC_031236.1,Rhabdoviridae
NC_031232.1,Rhabdoviridae
NC_031227.1,Rhabdoviridae
NC_031301.1,Rhabdoviridae
NC_031302.1,Rhabdoviridae
NC_031690.1,Rhabdoviridae
NC_031691.1,Rhabdoviridae
NC_031955.1,Rhabdoviridae
NC_031988.1,Rhabdoviridae
NC_033267.1,Rhabdoviridae
NC_032781.1,Rhabdoviridae
NC_032739.1,Rhabdoviridae
NC_033182.1,Rhabdoviridae
NC_033034.1,Rhabdoviridae
NC_033103.1,Rhabdoviridae
NC_033070.1,Rhabdoviridae
NC_032907.1,Rhabdoviridae
NC_018629.1,Rhabdoviridae
NC_034548.1,Rhabdoviridae
NC_034545.1,Rhabdoviridae
NC_034546.1,Rhabdoviridae
NC_034443.1,Rhabdoviridae
NC_034451.1,Rhabdoviridae
NC_034454.1,Rhabdoviridae
NC_034449.1,Rhabdoviridae
NC_034448.1,Rhabdoviridae
NC_034450.1,Rhabdoviridae
NC_034447.1,Rhabdoviridae
NC_036390.1,Rhabdoviridae
NC_024473.1,Rhabdoviridae
NC_020805.1,Rhabdoviridae
NC_020808.1,Rhabdoviridae
NC_020809.1,Rhabdoviridae
NC_020806.1,Rhabdoviridae
NC_020804.1,Rhabdoviridae
NC_020807.1,Rhabdoviridae
NC_025364.1,Rhabdoviridae
NC_025365.1,Rhabdoviridae
NC_025251.1,Rhabdoviridae
NC_025255.1,Rhabdoviridae
NC_025253.1,Rhabdoviridae
NC_025340.1,Rhabdoviridae
NC_025342.1,Rhabdoviridae
NC_025341.1,Rhabdoviridae
NC_025353.1,Rhabdoviridae
NC_025358.1,Rhabdoviridae
NC_025377.1,Rhabdoviridae
NC_025356.1,Rhabdoviridae
NC_025376.1,Rhabdoviridae
NC_025362.1,Rhabdoviridae
NC_025378.1,Rhabdoviridae
NC_025359.1,Rhabdoviridae
NC_025382.1,Rhabdoviridae
NC_025384.1,Rhabdoviridae
NC_025385.1,Rhabdoviridae
NC_025391.1,Rhabdoviridae
NC_025405.1,Rhabdoviridae
NC_025400.1,Rhabdoviridae
NC_025387.1,Rhabdoviridae
NC_025397.1,Rhabdoviridae
NC_025408.1,Rhabdoviridae
NC_025389.1,Rhabdoviridae
NC_025399.1,Rhabdoviridae
NC_025394.1,Rhabdoviridae
NC_025396.1,Rhabdoviridae
NC_025406.1,Rhabdoviridae
NC_025401.1,Rhabdoviridae
NC_025395.1,Rhabdoviridae
NC_025393.1,Rhabdoviridae
NC_022580.1,Rhabdoviridae
NC_022581.1,Rhabdoviridae
NC_002251.1,Rhabdoviridae
NC_001560.1,Rhabdoviridae
NC_016136.1,Rhabdoviridae
NC_011639.1,Rhabdoviridae
NC_001615.3,Rhabdoviridae
NC_017714.1,Rhabdoviridae
NC_007020.1,Rhabdoviridae
NC_009527.1,Rhabdoviridae
NC_002526.1,Rhabdoviridae
NC_001652.1,Rhabdoviridae
NC_000903.1,Rhabdoviridae
NC_001542.1,Rhabdoviridae
NC_008514.1,Rhabdoviridae
NC_009609.1,Rhabdoviridae
NC_003746.1,Rhabdoviridae
NC_009608.1,Rhabdoviridae
NC_011558.1,Rhabdoviridae
NC_011568.1,Rhabdoviridae
NC_002803.1,Rhabdoviridae
NC_018381.2,Rhabdoviridae
NC_017685.1,Rhabdoviridae
NC_006429.1,Rhabdoviridae
NC_007642.1,Rhabdoviridae
NC_000855.1,Rhabdoviridae
NC_003243.1,Rhabdoviridae
NC_005093.1,Rhabdoviridae
NC_005974.1,Rhabdoviridae
NC_013135.1,Rhabdoviridae
NC_038236.1,Rhabdoviridae
NC_038275.1,Rhabdoviridae
NC_038276.1,Rhabdoviridae
NC_038277.1,Rhabdoviridae
NC_038278.1,Rhabdoviridae
NC_038279.1,Rhabdoviridae
NC_038280.1,Rhabdoviridae
NC_038282.1,Rhabdoviridae
NC_038283.1,Rhabdoviridae
NC_038284.1,Rhabdoviridae
NC_038285.1,Rhabdoviridae
NC_038286.1,Rhabdoviridae
NC_038287.1,Rhabdoviridae
NC_038755.1,Rhabdoviridae
NC_038756.1,Rhabdoviridae
NC_039020.1,Rhabdoviridae
NC_039021.1,Rhabdoviridae
NC_039201.1,Rhabdoviridae
NC_039202.1,Rhabdoviridae
NC_039206.1,Rhabdoviridae
NC_034534.1,Rhabdoviridae
NC_034535.1,Rhabdoviridae
NC_034540.1,Rhabdoviridae
NC_034536.1,Rhabdoviridae
NC_034549.1,Rhabdoviridae
NC_034550.1,Rhabdoviridae
NC_034530.1,Rhabdoviridae
NC_034541.1,Rhabdoviridae
NC_034538.1,Rhabdoviridae
NC_034537.1,Rhabdoviridae
NC_034533.1,Rhabdoviridae
NC_034531.1,Rhabdoviridae
NC_034529.1,Rhabdoviridae
NC_030451.1,Rhabdoviridae
NC_034544.1,Rhabdoviridae
NC_034543.1,Rhabdoviridae
NC_034542.1,Rhabdoviridae
NC_034508.1,Rhabdoviridae
NC_028237.2,Rhabdoviridae
NC_043064.1,Rhabdoviridae
NC_043066.1,Rhabdoviridae
NC_043525.1,Rhabdoviridae
NC_043538.1,Rhabdoviridae
NC_043648.1,Rhabdoviridae
NC_043649.1,Rhabdoviridae
NC_040664.1,Rhabdoviridae
NC_040599.1,Rhabdoviridae
NC_040669.1,Rhabdoviridae
NC_040602.1,Rhabdoviridae
NC_040786.1,Rhabdoviridae
NC_040532.1,Rhabdoviridae
NC_028234.1,Rhabdoviridae
NC_026798.1,Rhabdoviridae
NC_026801.1,Rhabdoviridae
NC_028484.1,Rhabdoviridae
NC_035132.1,Rhabdoviridae
NC_052230.1,Rhabdoviridae
NC_052231.1,Rhabdoviridae
NC_055529.1,Rhabdoviridae
NC_055530.1,Rhabdoviridae
NC_055531.1,Rhabdoviridae
NC_055532.1,Rhabdoviridae
NC_055454.1,Rhabdoviridae
NC_020803.1,Rhabdoviridae
NC_055456.1,Rhabdoviridae
NC_055457.1,Rhabdoviridae
NC_055460.1,Rhabdoviridae
NC_055137.1,Rhabdoviridae
NC_055138.1,Rhabdoviridae
NC_055461.1,Rhabdoviridae
NC_055466.1,Rhabdoviridae
NC_055473.1,Rhabdoviridae
NC_055474.1,Rhabdoviridae
NC_055477.1,Rhabdoviridae
NC_055479.1,Rhabdoviridae
NC_055484.1,Rhabdoviridae
NC_055504.1,Rhabdoviridae
NC_055505.1,Rhabdoviridae
NC_055509.1,Rhabdoviridae
NC_055512.1,Rhabdoviridae
NC_055567.1,Rhabdoviridae
NC_055290.1,Rhabdoviridae
NC_055291.1,Rhabdoviridae
NC_055292.1,Rhabdoviridae
NC_055293.1,Rhabdoviridae
NC_055208.1,Rhabdoviridae
NC_055209.1,Rhabdoviridae
NC_039200.1,Rhabdoviridae
NC_031957.1,Rhabdoviridae
NC_031958.1,Rhabdoviridae
NC_076163.1,Rhabdoviridae
NC_076030.1,Rhabdoviridae
NC_076932.1,Rhabdoviridae
NC_076935.1,Rhabdoviridae
NC_076936.1,Rhabdoviridae
NC_076930.1,Rhabdoviridae
NC_076934.1,Rhabdoviridae
NC_076933.1,Rhabdoviridae
NC_076929.1,Rhabdoviridae
NC_076931.1,Rhabdoviridae
NC_076867.1,Rhabdoviridae
NC_076938.1,Rhabdoviridae
NC_076260.1,Rhabdoviridae
NC_075981.1,Rhabdoviridae
NC_075982.1,Rhabdoviridae
NC_075990.1,Rhabdoviridae
NC_075991.1,Rhabdoviridae
NC_076147.1,Rhabdoviridae
NC_076146.1,Rhabdoviridae
NC_076157.1,Rhabdoviridae
NC_076186.1,Rhabdoviridae
NC_076504.1,Rhabdoviridae
NC_077058.1,Rhabdoviridae
NC_077114.1,Rhabdoviridae
NC_076239.1,Rhabdoviridae
NC_075997.1,Rhabdoviridae
NC_076000.1,Rhabdoviridae
NC_076016.1,Rhabdoviridae
NC_076627.1,Rhabdoviridae
NC_076210.1,Rhabdoviridae
NC_076211.1,Rhabdoviridae
NC_076510.1,Rhabdoviridae
NC_076290.1,Rhabdoviridae
NC_076289.1,Rhabdoviridae
NC_076024.1,Rhabdoviridae
NC_076266.1,Rhabdoviridae
NC_076267.1,Rhabdoviridae
NC_076686.1,Rhabdoviridae
NC_076720.1,Rhabdoviridae
NC_076261.1,Rhabdoviridae
NC_076113.1,Rhabdoviridae
NC_076182.1,Rhabdoviridae
NC_076937.1,Rhabdoviridae
NC_076472.1,Rhabdoviridae
NC_076841.1,Rhabdoviridae
NC_076842.1,Rhabdoviridae
NC_076448.1,Rhabdoviridae
NC_076898.1,Rhabdoviridae
NC_076430.1,Rhabdoviridae
NC_076494.1,Rhabdoviridae
NC_076487.1,Rhabdoviridae
NC_076490.1,Rhabdoviridae
NC_076864.1,Rhabdoviridae
NC_076534.1,Rhabdoviridae
NC_076926.1,Rhabdoviridae
NC_076927.1,Rhabdoviridae
NC_076501.1,Rhabdoviridae
NC_076970.1,Rhabdoviridae
NC_076975.1,Rhabdoviridae
NC_076971.1,Rhabdoviridae
NC_076976.1,Rhabdoviridae
NC_076977.1,Rhabdoviridae
NC_076978.1,Rhabdoviridae
NC_076979.1,Rhabdoviridae
NC_076982.1,Rhabdoviridae
NC_076973.1,Rhabdoviridae
NC_076974.1,Rhabdoviridae
NC_076980.1,Rhabdoviridae
NC_076981.1,Rhabdoviridae
NC_077047.1,Rhabdoviridae
NC_076244.1,Rhabdoviridae
NC_076909.1,Rhabdoviridae
NC_076531.1,Rhabdoviridae
NC_076532.1,Rhabdoviridae
NC_076914.1,Rhabdoviridae
NC_076913.1,Rhabdoviridae
NC_077105.1,Rhabdoviridae
NC_077149.1,Rhabdoviridae
NC_077129.1,Rhabdoviridae
NC_076939.1,Rhabdoviridae
NC_077151.1,Rhabdoviridae
NC_077123.1,Rhabdoviridae
NC_077193.1,Rhabdoviridae
NC_077153.1,Rhabdoviridae
NC_077154.1,Rhabdoviridae
NC_077172.1,Rhabdoviridae
NC_077171.1,Rhabdoviridae
NC_077173.1,Rhabdoviridae
NC_079119.1,Rhabdoviridae
NC_079120.1,Rhabdoviridae
NC_079121.1,Rhabdoviridae
NC_079122.1,Rhabdoviridae
NC_079123.1,Rhabdoviridae
NC_079124.1,Rhabdoviridae
NC_079129.1,Rhabdoviridae
NC_079130.1,Rhabdoviridae
NC_079125.1,Rhabdoviridae
NC_079126.1,Rhabdoviridae
NC_079051.1,Rhabdoviridae
NC_079052.1,Rhabdoviridae
NC_079127.1,Rhabdoviridae
NC_079128.1,Rhabdoviridae
NC_079053.1,Rhabdoviridae
NC_079054.1,Rhabdoviridae
NC_078466.1,Rhabdoviridae
NC_078467.1,Rhabdoviridae
NC_010306.1,Roniviridae
NC_043505.1,Roniviridae
NC_076908.1,Roniviridae
NC_004679.1,Rountreeviridae
NC_007046.1,Rountreeviridae
NC_009875.1,Rountreeviridae
NC_016565.1,Rountreeviridae
NC_025467.1,Rountreeviridae
NC_047855.1,Rountreeviridae
NC_023550.1,Rountreeviridae
NC_024149.1,Rountreeviridae
NC_028693.2,Rountreeviridae
NC_049931.1,Rountreeviridae
NC_031008.1,Rountreeviridae
NC_047788.1,Rountreeviridae
NC_047813.1,Rountreeviridae
NC_047814.1,Rountreeviridae
NC_049937.1,Rountreeviridae
NC_047919.1,Rountreeviridae
NC_048159.1,Rountreeviridae
NC_048107.1,Rountreeviridae
NC_049930.1,Rountreeviridae
NC_049934.1,Rountreeviridae
NC_049939.1,Rountreeviridae
NC_049940.1,Rountreeviridae
NC_049932.1,Rountreeviridae
NC_049933.1,Rountreeviridae
NC_049936.1,Rountreeviridae
NC_049938.1,Rountreeviridae
NC_049935.1,Rountreeviridae
NC_055802.1,Rountreeviridae
NC_055814.1,Rountreeviridae
NC_004678.1,Rountreeviridae
NC_055866.1,Rountreeviridae
NC_055906.1,Rountreeviridae
NC_055916.1,Rountreeviridae
NC_004814.1,Rountreeviridae
NC_070879.1,Rountreeviridae
NC_071002.1,Rountreeviridae
NC_070880.1,Rountreeviridae
NC_070878.1,Rountreeviridae
NC_004086.1,Rudiviridae
NC_009965.1,Rudiviridae
NC_025375.1,Rudiviridae
NC_019413.1,Rudiviridae
NC_029314.1,Rudiviridae
NC_030884.1,Rudiviridae
NC_034625.1,Rudiviridae
NC_034624.1,Rudiviridae
NC_034619.1,Rudiviridae
NC_034623.1,Rudiviridae
NC_034620.1,Rudiviridae
NC_074635.1,Rudiviridae
NC_074632.1,Rudiviridae
NC_074633.1,Rudiviridae
NC_074634.1,Rudiviridae
NC_001825.1,Salasmaviridae
NC_042114.1,Salasmaviridae
NC_001423.1,Salasmaviridae
NC_010363.1,Salasmaviridae
NC_021336.1,Salasmaviridae
NC_028789.1,Salasmaviridae
NC_049975.1,Salasmaviridae
NC_031121.2,Salasmaviridae
NC_031015.2,Salasmaviridae
NC_031032.1,Salasmaviridae
NC_049959.1,Salasmaviridae
NC_049960.1,Salasmaviridae
NC_049962.1,Salasmaviridae
NC_049961.1,Salasmaviridae
NC_049965.1,Salasmaviridae
NC_049963.1,Salasmaviridae
NC_049964.1,Salasmaviridae
NC_049966.1,Salasmaviridae
NC_049967.1,Salasmaviridae
NC_049968.1,Salasmaviridae
NC_049969.1,Salasmaviridae
NC_049970.1,Salasmaviridae
NC_049971.1,Salasmaviridae
NC_049972.1,Salasmaviridae
NC_055905.1,Salasmaviridae
NC_055908.1,Salasmaviridae
NC_055914.1,Salasmaviridae
NC_049973.1,Salasmaviridae
NC_011048.1,Salasmaviridae
NC_049976.1,Salasmaviridae
NC_004165.1,Salasmaviridae
NC_021319.1,Saparoviridae
NC_021340.1,Saparoviridae
NC_043197.1,Sarthroviridae
NC_043493.1,Sarthroviridae
NC_043494.1,Sarthroviridae
NC_043495.1,Sarthroviridae
NC_043496.1,Sarthroviridae
NC_043497.1,Sarthroviridae
NC_043498.1,Sarthroviridae
NC_043492.1,Sarthroviridae
NC_012696.1,Schitoviridae
NC_013691.1,Schitoviridae
NC_013692.1,Schitoviridae
NC_020862.2,Schitoviridae
NC_020849.1,Schitoviridae
NC_020868.1,Schitoviridae
NC_020848.1,Schitoviridae
NC_049345.1,Schitoviridae
NC_019485.1,Schitoviridae
NC_019514.1,Schitoviridae
NC_015933.1,Schitoviridae
NC_021772.1,Schitoviridae
NC_021782.1,Schitoviridae
NC_041907.1,Schitoviridae
NC_019423.1,Schitoviridae
NC_041906.1,Schitoviridae
NC_021540.1,Schitoviridae
NC_049350.1,Schitoviridae
NC_021532.1,Schitoviridae
NC_024790.1,Schitoviridae
NC_024786.1,Schitoviridae
NC_023581.1,Schitoviridae
NC_023589.1,Schitoviridae
NC_023556.1,Schitoviridae
NC_023579.1,Schitoviridae
NC_024142.2,Schitoviridae
NC_024140.1,Schitoviridae
NC_024367.1,Schitoviridae
NC_027345.1,Schitoviridae
NC_027381.1,Schitoviridae
NC_027348.2,Schitoviridae
NC_027388.1,Schitoviridae
NC_028799.1,Schitoviridae
NC_018854.1,Schitoviridae
NC_029101.1,Schitoviridae
NC_031104.1,Schitoviridae
NC_028885.1,Schitoviridae
NC_028908.2,Schitoviridae
NC_029017.1,Schitoviridae
NC_049371.1,Schitoviridae
NC_049372.1,Schitoviridae
NC_031063.1,Schitoviridae
NC_031062.2,Schitoviridae
NC_048121.1,Schitoviridae
NC_048122.1,Schitoviridae
NC_048124.1,Schitoviridae
NC_055735.1,Schitoviridae
NC_055736.1,Schitoviridae
NC_048125.1,Schitoviridae
NC_049431.1,Schitoviridae
NC_049430.1,Schitoviridae
NC_049379.1,Schitoviridae
NC_049380.1,Schitoviridae
NC_048653.1,Schitoviridae
NC_048654.1,Schitoviridae
NC_048659.1,Schitoviridae
NC_055717.1,Schitoviridae
NC_054970.1,Schitoviridae
NC_048697.1,Schitoviridae
NC_048700.1,Schitoviridae
NC_048703.1,Schitoviridae
NC_048704.1,Schitoviridae
NC_049510.1,Schitoviridae
NC_049435.1,Schitoviridae
NC_049436.1,Schitoviridae
NC_048003.1,Schitoviridae
NC_049444.1,Schitoviridae
NC_055784.1,Schitoviridae
NC_054967.1,Schitoviridae
NC_054971.1,Schitoviridae
NC_054972.1,Schitoviridae
NC_054968.1,Schitoviridae
NC_054969.1,Schitoviridae
NC_049463.1,Schitoviridae
NC_049467.1,Schitoviridae
NC_049469.1,Schitoviridae
NC_049456.2,Schitoviridae
NC_055824.1,Schitoviridae
NC_055823.1,Schitoviridae
NC_055840.1,Schitoviridae
NC_068555.1,Schitoviridae
NC_055919.1,Schitoviridae
NC_055921.1,Schitoviridae
NC_008720.1,Schitoviridae
NC_070865.1,Schitoviridae
NC_070873.1,Schitoviridae
NC_070866.1,Schitoviridae
NC_070870.1,Schitoviridae
NC_070871.1,Schitoviridae
NC_070854.1,Schitoviridae
NC_070852.1,Schitoviridae
NC_070851.1,Schitoviridae
NC_070853.1,Schitoviridae
NC_070860.1,Schitoviridae
NC_070864.1,Schitoviridae
NC_070869.1,Schitoviridae
NC_070874.1,Schitoviridae
NC_070857.1,Schitoviridae
NC_070856.1,Schitoviridae
NC_070855.1,Schitoviridae
NC_070872.1,Schitoviridae
NC_070848.1,Schitoviridae
NC_070867.1,Schitoviridae
NC_070847.1,Schitoviridae
NC_070868.1,Schitoviridae
NC_070861.1,Schitoviridae
NC_070859.1,Schitoviridae
NC_070863.1,Schitoviridae
NC_070849.1,Schitoviridae
NC_070850.1,Schitoviridae
NC_070862.1,Schitoviridae
NC_070858.1,Schitoviridae
NC_024697.1,Schizomimiviridae
NC_077221.1,Schizomimiviridae
NC_017938.1,Secoviridae
NC_017939.1,Secoviridae
NC_027915.1,Secoviridae
NC_027926.1,Secoviridae
NC_027927.1,Secoviridae
NC_028146.1,Secoviridae
NC_028139.1,Secoviridae
NC_029038.1,Secoviridae
NC_029036.1,Secoviridae
NC_034215.1,Secoviridae
NC_034214.1,Secoviridae
NC_018384.1,Secoviridae
NC_018383.1,Secoviridae
NC_031766.1,Secoviridae
NC_032270.1,Secoviridae
NC_032271.1,Secoviridae
NC_035215.1,Secoviridae
NC_035221.1,Secoviridae
NC_035218.1,Secoviridae
NC_035220.1,Secoviridae
NC_035219.1,Secoviridae
NC_035214.1,Secoviridae
NC_020897.1,Secoviridae
NC_020898.1,Secoviridae
NC_022006.1,Secoviridae
NC_022004.1,Secoviridae
NC_025480.2,Secoviridae
NC_022799.1,Secoviridae
NC_022798.1,Secoviridae
NC_023016.1,Secoviridae
NC_023017.1,Secoviridae
NC_003628.1,Secoviridae
NC_006057.1,Secoviridae
NC_006272.1,Secoviridae
NC_003445.1,Secoviridae
NC_010987.1,Secoviridae
NC_013075.1,Secoviridae
NC_013076.1,Secoviridae
NC_003788.1,Secoviridae
NC_003003.1,Secoviridae
NC_003004.1,Secoviridae
NC_003791.1,Secoviridae
NC_003786.2,Secoviridae
NC_003792.2,Secoviridae
NC_003549.1,Secoviridae
NC_003622.1,Secoviridae
NC_003545.1,Secoviridae
NC_003544.1,Secoviridae
NC_006964.1,Secoviridae
NC_006965.1,Secoviridae
NC_005097.1,Secoviridae
NC_003741.1,Secoviridae
NC_003502.1,Secoviridae
NC_003839.2,Secoviridae
NC_015414.1,Secoviridae
NC_015415.1,Secoviridae
NC_003550.1,Secoviridae
NC_003623.1,Secoviridae
NC_003694.1,Secoviridae
NC_004439.1,Secoviridae
NC_003738.1,Secoviridae
NC_003799.1,Secoviridae
NC_001632.1,Secoviridae
NC_006056.1,Secoviridae
NC_003621.1,Secoviridae
NC_003446.1,Secoviridae
NC_005266.1,Secoviridae
NC_010709.1,Secoviridae
NC_015493.1,Secoviridae
NC_003495.1,Secoviridae
NC_003693.1,Secoviridae
NC_003800.1,Secoviridae
NC_008182.1,Secoviridae
NC_008183.1,Secoviridae
NC_009032.1,Secoviridae
NC_011189.1,Secoviridae
NC_010710.1,Secoviridae
NC_015492.1,Secoviridae
NC_011190.1,Secoviridae
NC_005096.1,Secoviridae
NC_006271.1,Secoviridae
NC_003509.1,Secoviridae
NC_003787.1,Secoviridae
NC_016443.1,Secoviridae
NC_013218.1,Secoviridae
NC_013219.1,Secoviridae
NC_004440.1,Secoviridae
NC_003615.1,Secoviridae
NC_003496.1,Secoviridae
NC_005290.1,Secoviridae
NC_005289.1,Secoviridae
NC_005267.1,Secoviridae
NC_003785.2,Secoviridae
NC_038320.1,Secoviridae
NC_038744.1,Secoviridae
NC_038759.1,Secoviridae
NC_038760.1,Secoviridae
NC_038761.1,Secoviridae
NC_038762.1,Secoviridae
NC_038763.1,Secoviridae
NC_038764.1,Secoviridae
NC_038765.1,Secoviridae
NC_038766.1,Secoviridae
NC_038767.1,Secoviridae
NC_038768.1,Secoviridae
NC_038862.1,Secoviridae
NC_039072.1,Secoviridae
NC_039073.1,Secoviridae
NC_039077.1,Secoviridae
NC_039078.1,Secoviridae
NC_033493.1,Secoviridae
NC_043076.1,Secoviridae
NC_043077.1,Secoviridae
NC_043078.1,Secoviridae
NC_043385.1,Secoviridae
NC_043386.1,Secoviridae
NC_043411.1,Secoviridae
NC_043684.1,Secoviridae
NC_043685.1,Secoviridae
NC_043387.1,Secoviridae
NC_043388.1,Secoviridae
NC_040586.1,Secoviridae
NC_040399.1,Secoviridae
NC_040400.1,Secoviridae
NC_040416.1,Secoviridae
NC_040417.1,Secoviridae
NC_025479.2,Secoviridae
NC_043447.1,Secoviridae
NC_043448.1,Secoviridae
NC_076854.1,Secoviridae
NC_076955.1,Secoviridae
NC_076635.1,Secoviridae
NC_076607.1,Secoviridae
NC_076727.1,Secoviridae
NC_076923.1,Secoviridae
NC_077103.1,Secoviridae
NC_078844.1,Secoviridae
NC_078845.1,Secoviridae
NC_078823.1,Secoviridae
NC_078824.1,Secoviridae
NC_078827.1,Secoviridae
NC_078828.1,Secoviridae
NC_078825.1,Secoviridae
NC_078826.1,Secoviridae
NC_078906.1,Secoviridae
NC_078907.1,Secoviridae
NC_079069.1,Secoviridae
NC_079070.1,Secoviridae
NC_078685.1,Secoviridae
NC_078686.1,Secoviridae
NC_078840.1,Secoviridae
NC_078841.1,Secoviridae
NC_078766.1,Secoviridae
NC_078767.1,Secoviridae
NC_078842.1,Secoviridae
NC_078843.1,Secoviridae
NC_078592.1,Secoviridae
NC_078593.1,Secoviridae
NC_078594.1,Secoviridae
NC_078595.1,Secoviridae
NC_078590.1,Secoviridae
NC_079039.1,Secoviridae
NC_079040.1,Secoviridae
NC_078627.1,Secoviridae
NC_078628.1,Secoviridae
NC_078638.1,Secoviridae
NC_078639.1,Secoviridae
NC_078582.1,Secoviridae
NC_078583.1,Secoviridae
NC_078655.1,Secoviridae
NC_078656.1,Secoviridae
NC_079060.1,Secoviridae
NC_079061.1,Secoviridae
NC_079055.1,Secoviridae
NC_079056.1,Secoviridae
NC_079071.1,Secoviridae
NC_079072.1,Secoviridae
NC_077674.1,Secoviridae
NC_077675.1,Secoviridae
NC_077800.1,Secoviridae
NC_077801.1,Secoviridae
NC_018667.1,Secoviridae
NC_078625.1,Secoviridae
NC_078626.1,Secoviridae
NC_027534.1,Sedoreoviridae
NC_027535.1,Sedoreoviridae
NC_027537.1,Sedoreoviridae
NC_027538.1,Sedoreoviridae
NC_027549.1,Sedoreoviridae
NC_027550.1,Sedoreoviridae
NC_027552.1,Sedoreoviridae
NC_027551.1,Sedoreoviridae
NC_027536.1,Sedoreoviridae
NC_027548.1,Sedoreoviridae
NC_027553.1,Sedoreoviridae
NC_027533.1,Sedoreoviridae
NC_027539.1,Sedoreoviridae
NC_027540.1,Sedoreoviridae
NC_027543.1,Sedoreoviridae
NC_027545.1,Sedoreoviridae
NC_027546.1,Sedoreoviridae
NC_027547.1,Sedoreoviridae
NC_027542.1,Sedoreoviridae
NC_027544.1,Sedoreoviridae
NC_027541.1,Sedoreoviridae
NC_027804.1,Sedoreoviridae
NC_027805.1,Sedoreoviridae
NC_027806.1,Sedoreoviridae
NC_027811.2,Sedoreoviridae
NC_027812.1,Sedoreoviridae
NC_027813.1,Sedoreoviridae
NC_027803.1,Sedoreoviridae
NC_027807.1,Sedoreoviridae
NC_027814.1,Sedoreoviridae
NC_027815.1,Sedoreoviridae
NC_033783.1,Sedoreoviridae
NC_033785.1,Sedoreoviridae
NC_033786.1,Sedoreoviridae
NC_033787.1,Sedoreoviridae
NC_033788.1,Sedoreoviridae
NC_033789.1,Sedoreoviridae
NC_033790.1,Sedoreoviridae
NC_033791.1,Sedoreoviridae
NC_033784.1,Sedoreoviridae
NC_033782.1,Sedoreoviridae
NC_024499.1,Sedoreoviridae
NC_024500.1,Sedoreoviridae
NC_024503.1,Sedoreoviridae
NC_024508.1,Sedoreoviridae
NC_024509.1,Sedoreoviridae
NC_024510.1,Sedoreoviridae
NC_024506.1,Sedoreoviridae
NC_024505.1,Sedoreoviridae
NC_024504.1,Sedoreoviridae
NC_024507.1,Sedoreoviridae
NC_021541.1,Sedoreoviridae
NC_021542.1,Sedoreoviridae
NC_021543.1,Sedoreoviridae
NC_021544.1,Sedoreoviridae
NC_021545.1,Sedoreoviridae
NC_021546.1,Sedoreoviridae
NC_021547.1,Sedoreoviridae
NC_021549.1,Sedoreoviridae
NC_021550.1,Sedoreoviridae
NC_021551.1,Sedoreoviridae
NC_021548.1,Sedoreoviridae
NC_021583.1,Sedoreoviridae
NC_021584.1,Sedoreoviridae
NC_021585.1,Sedoreoviridae
NC_021586.1,Sedoreoviridae
NC_021588.1,Sedoreoviridae
NC_021589.1,Sedoreoviridae
NC_021580.1,Sedoreoviridae
NC_021581.1,Sedoreoviridae
NC_021587.1,Sedoreoviridae
NC_021590.1,Sedoreoviridae
NC_021582.1,Sedoreoviridae
NC_021626.1,Sedoreoviridae
NC_021627.1,Sedoreoviridae
NC_021628.1,Sedoreoviridae
NC_021635.1,Sedoreoviridae
NC_021629.1,Sedoreoviridae
NC_021631.1,Sedoreoviridae
NC_021632.1,Sedoreoviridae
NC_021633.1,Sedoreoviridae
NC_021634.1,Sedoreoviridae
NC_021625.1,Sedoreoviridae
NC_021630.1,Sedoreoviridae
NC_022554.1,Sedoreoviridae
NC_022555.1,Sedoreoviridae
NC_022556.1,Sedoreoviridae
NC_022557.1,Sedoreoviridae
NC_022558.1,Sedoreoviridae
NC_022560.1,Sedoreoviridae
NC_022562.1,Sedoreoviridae
NC_022559.1,Sedoreoviridae
NC_022561.1,Sedoreoviridae
NC_022553.1,Sedoreoviridae
NC_022620.1,Sedoreoviridae
NC_022623.1,Sedoreoviridae
NC_022626.1,Sedoreoviridae
NC_022627.1,Sedoreoviridae
NC_022628.1,Sedoreoviridae
NC_022629.1,Sedoreoviridae
NC_022624.1,Sedoreoviridae
NC_022621.1,Sedoreoviridae
NC_022622.1,Sedoreoviridae
NC_022625.1,Sedoreoviridae
NC_026820.2,Sedoreoviridae
NC_026821.2,Sedoreoviridae
NC_026822.2,Sedoreoviridae
NC_026823.2,Sedoreoviridae
NC_026827.2,Sedoreoviridae
NC_026828.2,Sedoreoviridae
NC_026829.2,Sedoreoviridae
NC_026830.2,Sedoreoviridae
NC_026825.2,Sedoreoviridae
NC_026824.2,Sedoreoviridae
NC_026826.2,Sedoreoviridae
NC_027554.1,Sedoreoviridae
NC_027555.1,Sedoreoviridae
NC_027556.1,Sedoreoviridae
NC_027557.1,Sedoreoviridae
NC_027558.1,Sedoreoviridae
NC_027559.1,Sedoreoviridae
NC_027560.1,Sedoreoviridae
NC_027561.1,Sedoreoviridae
NC_027562.1,Sedoreoviridae
NC_007557.1,Sedoreoviridae
NC_007558.1,Sedoreoviridae
NC_008175.1,Sedoreoviridae
NC_007752.1,Sedoreoviridae
NC_005990.1,Sedoreoviridae
NC_005991.1,Sedoreoviridae
NC_007546.1,Sedoreoviridae
NC_009245.1,Sedoreoviridae
NC_007755.1,Sedoreoviridae
NC_009247.1,Sedoreoviridae
NC_007741.1,Sedoreoviridae
NC_007573.1,Sedoreoviridae
NC_006022.1,Sedoreoviridae
NC_006023.1,Sedoreoviridae
NC_006010.1,Sedoreoviridae
NC_004201.1,Sedoreoviridae
NC_007662.1,Sedoreoviridae
NC_007757.1,Sedoreoviridae
NC_006025.1,Sedoreoviridae
NC_007544.1,Sedoreoviridae
NC_009252.1,Sedoreoviridae
NC_006007.1,Sedoreoviridae
NC_006012.1,Sedoreoviridae
NC_011501.2,Sedoreoviridae
NC_011502.2,Sedoreoviridae
NC_007744.1,Sedoreoviridae
NC_008172.1,Sedoreoviridae
NC_008174.1,Sedoreoviridae
NC_008176.1,Sedoreoviridae
NC_008181.1,Sedoreoviridae
NC_006024.2,Sedoreoviridae
NC_012536.1,Sedoreoviridae
NC_012537.1,Sedoreoviridae
NC_012538.1,Sedoreoviridae
NC_012539.1,Sedoreoviridae
NC_012540.1,Sedoreoviridae
NC_012543.1,Sedoreoviridae
NC_012544.1,Sedoreoviridae
NC_012545.1,Sedoreoviridae
NC_012546.1,Sedoreoviridae
NC_004219.1,Sedoreoviridae
NC_006004.1,Sedoreoviridae
NC_005997.1,Sedoreoviridae
NC_004220.1,Sedoreoviridae
NC_007656.1,Sedoreoviridae
NC_007658.1,Sedoreoviridae
NC_007659.1,Sedoreoviridae
NC_007660.1,Sedoreoviridae
NC_007664.1,Sedoreoviridae
NC_007665.1,Sedoreoviridae
NC_007553.1,Sedoreoviridae
NC_007554.1,Sedoreoviridae
NC_011503.2,Sedoreoviridae
NC_011504.2,Sedoreoviridae
NC_011506.2,Sedoreoviridae
NC_011508.2,Sedoreoviridae
NC_011509.2,Sedoreoviridae
NC_007748.1,Sedoreoviridae
NC_007754.1,Sedoreoviridae
NC_007756.1,Sedoreoviridae
NC_007742.1,Sedoreoviridae
NC_007743.1,Sedoreoviridae
NC_007746.1,Sedoreoviridae
NC_007747.1,Sedoreoviridae
NC_008171.1,Sedoreoviridae
NC_004210.1,Sedoreoviridae
NC_011510.2,Sedoreoviridae
NC_008178.1,Sedoreoviridae
NC_008179.1,Sedoreoviridae
NC_009243.1,Sedoreoviridae
NC_007737.1,Sedoreoviridae
NC_003761.1,Sedoreoviridae
NC_004212.1,Sedoreoviridae
NC_004213.1,Sedoreoviridae
NC_004214.1,Sedoreoviridae
NC_005996.1,Sedoreoviridae
NC_006020.1,Sedoreoviridae
NC_006021.1,Sedoreoviridae
NC_012754.1,Sedoreoviridae
NC_006006.1,Sedoreoviridae
NC_004199.1,Sedoreoviridae
NC_004211.1,Sedoreoviridae
NC_004217.1,Sedoreoviridae
NC_004218.1,Sedoreoviridae
NC_014511.1,Sedoreoviridae
NC_014512.1,Sedoreoviridae
NC_014513.1,Sedoreoviridae
NC_014514.1,Sedoreoviridae
NC_014517.1,Sedoreoviridae
NC_014518.1,Sedoreoviridae
NC_014519.1,Sedoreoviridae
NC_014520.1,Sedoreoviridae
NC_014522.1,Sedoreoviridae
NC_014525.1,Sedoreoviridae
NC_014526.1,Sedoreoviridae
NC_014528.1,Sedoreoviridae
NC_014530.1,Sedoreoviridae
NC_014531.1,Sedoreoviridae
NC_011500.2,Sedoreoviridae
NC_009241.1,Sedoreoviridae
NC_008180.1,Sedoreoviridae
NC_004221.1,Sedoreoviridae
NC_004198.1,Sedoreoviridae
NC_009244.1,Sedoreoviridae
NC_004204.1,Sedoreoviridae
NC_009250.1,Sedoreoviridae
NC_009246.1,Sedoreoviridae
NC_007572.1,Sedoreoviridae
NC_014515.1,Sedoreoviridae
NC_004206.1,Sedoreoviridae
NC_004207.1,Sedoreoviridae
NC_004208.1,Sedoreoviridae
NC_004209.1,Sedoreoviridae
NC_007548.1,Sedoreoviridae
NC_011507.2,Sedoreoviridae
NC_007661.1,Sedoreoviridae
NC_007570.1,Sedoreoviridae
NC_005993.1,Sedoreoviridae
NC_005994.1,Sedoreoviridae
NC_005995.1,Sedoreoviridae
NC_006016.1,Sedoreoviridae
NC_006017.1,Sedoreoviridae
NC_005992.1,Sedoreoviridae
NC_006019.1,Sedoreoviridae
NC_007753.1,Sedoreoviridae
NC_003772.1,Sedoreoviridae
NC_003760.1,Sedoreoviridae
NC_003764.1,Sedoreoviridae
NC_005988.1,Sedoreoviridae
NC_006005.1,Sedoreoviridae
NC_005998.1,Sedoreoviridae
NC_012542.1,Sedoreoviridae
NC_007547.1,Sedoreoviridae
NC_007556.1,Sedoreoviridae
NC_004205.1,Sedoreoviridae
NC_007736.1,Sedoreoviridae
NC_007738.1,Sedoreoviridae
NC_007739.1,Sedoreoviridae
NC_007740.1,Sedoreoviridae
NC_007750.1,Sedoreoviridae
NC_008173.1,Sedoreoviridae
NC_009249.1,Sedoreoviridae
NC_007745.1,Sedoreoviridae
NC_009251.1,Sedoreoviridae
NC_012541.1,Sedoreoviridae
NC_013396.1,Sedoreoviridae
NC_013402.1,Sedoreoviridae
NC_012755.1,Sedoreoviridae
NC_009242.1,Sedoreoviridae
NC_009248.1,Sedoreoviridae
NC_014524.1,Sedoreoviridae
NC_003763.1,Sedoreoviridae
NC_003766.1,Sedoreoviridae
NC_003767.1,Sedoreoviridae
NC_003768.1,Sedoreoviridae
NC_003773.1,Sedoreoviridae
NC_003774.1,Sedoreoviridae
NC_014516.1,Sedoreoviridae
NC_007549.1,Sedoreoviridae
NC_007550.1,Sedoreoviridae
NC_007551.1,Sedoreoviridae
NC_007552.1,Sedoreoviridae
NC_007555.1,Sedoreoviridae
NC_007574.1,Sedoreoviridae
NC_007569.1,Sedoreoviridae
NC_014527.1,Sedoreoviridae
NC_013404.1,Sedoreoviridae
NC_014523.1,Sedoreoviridae
NC_007543.1,Sedoreoviridae
NC_006013.2,Sedoreoviridae
NC_006014.1,Sedoreoviridae
NC_004202.1,Sedoreoviridae
NC_007545.1,Sedoreoviridae
NC_006015.1,Sedoreoviridae
NC_006018.1,Sedoreoviridae
NC_022639.1,Sedoreoviridae
NC_022634.1,Sedoreoviridae
NC_005986.1,Sedoreoviridae
NC_005987.1,Sedoreoviridae
NC_005989.1,Sedoreoviridae
NC_007663.1,Sedoreoviridae
NC_011505.2,Sedoreoviridae
NC_006000.1,Sedoreoviridae
NC_004203.1,Sedoreoviridae
NC_006001.1,Sedoreoviridae
NC_006002.1,Sedoreoviridae
NC_006003.1,Sedoreoviridae
NC_003765.1,Sedoreoviridae
NC_022641.1,Sedoreoviridae
NC_003762.1,Sedoreoviridae
NC_004215.1,Sedoreoviridae
NC_004216.1,Sedoreoviridae
NC_005999.1,Sedoreoviridae
NC_007571.1,Sedoreoviridae
NC_008177.1,Sedoreoviridae
NC_013397.1,Sedoreoviridae
NC_013398.1,Sedoreoviridae
NC_013399.1,Sedoreoviridae
NC_013401.1,Sedoreoviridae
NC_013403.1,Sedoreoviridae
NC_013405.1,Sedoreoviridae
NC_013400.1,Sedoreoviridae
NC_022637.1,Sedoreoviridae
NC_012535.1,Sedoreoviridae
NC_006011.1,Sedoreoviridae
NC_006009.1,Sedoreoviridae
NC_007657.1,Sedoreoviridae
NC_007749.1,Sedoreoviridae
NC_007751.1,Sedoreoviridae
NC_004200.1,Sedoreoviridae
NC_022633.1,Sedoreoviridae
NC_022635.1,Sedoreoviridae
NC_022636.1,Sedoreoviridae
NC_022638.1,Sedoreoviridae
NC_022640.1,Sedoreoviridae
NC_022642.1,Sedoreoviridae
NC_038564.1,Sedoreoviridae
NC_038565.1,Sedoreoviridae
NC_038566.1,Sedoreoviridae
NC_038567.1,Sedoreoviridae
NC_038568.1,Sedoreoviridae
NC_038569.1,Sedoreoviridae
NC_038570.1,Sedoreoviridae
NC_038571.1,Sedoreoviridae
NC_038572.1,Sedoreoviridae
NC_038573.1,Sedoreoviridae
NC_038614.1,Sedoreoviridae
NC_038615.1,Sedoreoviridae
NC_038616.1,Sedoreoviridae
NC_038617.1,Sedoreoviridae
NC_038618.1,Sedoreoviridae
NC_038619.1,Sedoreoviridae
NC_038620.1,Sedoreoviridae
NC_038621.1,Sedoreoviridae
NC_038622.1,Sedoreoviridae
NC_038623.1,Sedoreoviridae
NC_038944.1,Sedoreoviridae
NC_038945.1,Sedoreoviridae
NC_038946.1,Sedoreoviridae
NC_038947.1,Sedoreoviridae
NC_038948.1,Sedoreoviridae
NC_038949.1,Sedoreoviridae
NC_038950.1,Sedoreoviridae
NC_038951.1,Sedoreoviridae
NC_038952.1,Sedoreoviridae
NC_038574.1,Sedoreoviridae
NC_038575.1,Sedoreoviridae
NC_038576.1,Sedoreoviridae
NC_038578.1,Sedoreoviridae
NC_038579.1,Sedoreoviridae
NC_038580.1,Sedoreoviridae
NC_038581.1,Sedoreoviridae
NC_038582.1,Sedoreoviridae
NC_038583.1,Sedoreoviridae
NC_038584.1,Sedoreoviridae
NC_038585.1,Sedoreoviridae
NC_038586.1,Sedoreoviridae
NC_038587.1,Sedoreoviridae
NC_038588.1,Sedoreoviridae
NC_038589.1,Sedoreoviridae
NC_038590.1,Sedoreoviridae
NC_038591.1,Sedoreoviridae
NC_038592.1,Sedoreoviridae
NC_038593.1,Sedoreoviridae
NC_038594.1,Sedoreoviridae
NC_038595.1,Sedoreoviridae
NC_038596.1,Sedoreoviridae
NC_038597.1,Sedoreoviridae
NC_038598.1,Sedoreoviridae
NC_038599.1,Sedoreoviridae
NC_038600.1,Sedoreoviridae
NC_038601.1,Sedoreoviridae
NC_038602.1,Sedoreoviridae
NC_038603.1,Sedoreoviridae
NC_038604.1,Sedoreoviridae
NC_038605.1,Sedoreoviridae
NC_038606.1,Sedoreoviridae
NC_038607.1,Sedoreoviridae
NC_038608.1,Sedoreoviridae
NC_038609.1,Sedoreoviridae
NC_038610.1,Sedoreoviridae
NC_038611.1,Sedoreoviridae
NC_038612.1,Sedoreoviridae
NC_038613.1,Sedoreoviridae
NC_043180.1,Sedoreoviridae
NC_043181.1,Sedoreoviridae
NC_043182.1,Sedoreoviridae
NC_043183.1,Sedoreoviridae
NC_043184.1,Sedoreoviridae
NC_043185.1,Sedoreoviridae
NC_043186.1,Sedoreoviridae
NC_043187.1,Sedoreoviridae
NC_043188.1,Sedoreoviridae
NC_043189.1,Sedoreoviridae
NC_043190.1,Sedoreoviridae
NC_043191.1,Sedoreoviridae
NC_043192.1,Sedoreoviridae
NC_040405.1,Sedoreoviridae
NC_040406.1,Sedoreoviridae
NC_040407.1,Sedoreoviridae
NC_040408.1,Sedoreoviridae
NC_040409.1,Sedoreoviridae
NC_040410.1,Sedoreoviridae
NC_040411.1,Sedoreoviridae
NC_040412.1,Sedoreoviridae
NC_040413.1,Sedoreoviridae
NC_040414.1,Sedoreoviridae
NC_040415.1,Sedoreoviridae
NC_040474.1,Sedoreoviridae
NC_040475.1,Sedoreoviridae
NC_040476.1,Sedoreoviridae
NC_040477.1,Sedoreoviridae
NC_040478.1,Sedoreoviridae
NC_040479.1,Sedoreoviridae
NC_040480.1,Sedoreoviridae
NC_040481.1,Sedoreoviridae
NC_040482.1,Sedoreoviridae
NC_040847.1,Sedoreoviridae
NC_006008.2,Sedoreoviridae
NC_055263.1,Sedoreoviridae
NC_055264.1,Sedoreoviridae
NC_055265.1,Sedoreoviridae
NC_055266.1,Sedoreoviridae
NC_055267.1,Sedoreoviridae
NC_055268.1,Sedoreoviridae
NC_055269.1,Sedoreoviridae
NC_055270.1,Sedoreoviridae
NC_055271.1,Sedoreoviridae
NC_055272.1,Sedoreoviridae
NC_055273.1,Sedoreoviridae
NC_014529.1,Sedoreoviridae
NC_076522.1,Sedoreoviridae
NC_003158.2,Simuloviridae
NC_074651.1,Simuloviridae
NC_074652.1,Simuloviridae
NC_032433.1,Sinhaliviridae
NC_035111.1,Sinhaliviridae
NC_035116.1,Sinhaliviridae
NC_035112.1,Sinhaliviridae
NC_035113.1,Sinhaliviridae
NC_035467.1,Sinhaliviridae
NC_035466.1,Sinhaliviridae
NC_074992.1,Sinhaliviridae
NC_017916.1,Smacoviridae
NC_030126.1,Smacoviridae
NC_030127.1,Smacoviridae
NC_027777.1,Smacoviridae
NC_035474.1,Smacoviridae
NC_023887.1,Smacoviridae
NC_024119.1,Smacoviridae
NC_024774.1,Smacoviridae
NC_024775.1,Smacoviridae
NC_024773.1,Smacoviridae
NC_024776.1,Smacoviridae
NC_024772.1,Smacoviridae
NC_021204.1,Smacoviridae
NC_021203.1,Smacoviridae
NC_026252.1,Smacoviridae
NC_026320.1,Smacoviridae
NC_026318.1,Smacoviridae
NC_026317.1,Smacoviridae
NC_039054.1,Smacoviridae
NC_039055.1,Smacoviridae
NC_039056.1,Smacoviridae
NC_039057.1,Smacoviridae
NC_039058.1,Smacoviridae
NC_039059.1,Smacoviridae
NC_039060.1,Smacoviridae
NC_039061.1,Smacoviridae
NC_039062.1,Smacoviridae
NC_039063.1,Smacoviridae
NC_039064.1,Smacoviridae
NC_039065.1,Smacoviridae
NC_039066.1,Smacoviridae
NC_039067.1,Smacoviridae
NC_039068.1,Smacoviridae
NC_039069.1,Smacoviridae
NC_039070.1,Smacoviridae
NC_039071.1,Smacoviridae
NC_030119.1,Smacoviridae
NC_030120.1,Smacoviridae
NC_030121.1,Smacoviridae
NC_030122.1,Smacoviridae
NC_030123.1,Smacoviridae
NC_030124.1,Smacoviridae
NC_030125.1,Smacoviridae
NC_030128.1,Smacoviridae
NC_030129.1,Smacoviridae
NC_040810.1,Smacoviridae
NC_040359.1,Smacoviridae
NC_040336.1,Smacoviridae
NC_075341.1,Smacoviridae
NC_075342.1,Smacoviridae
NC_076170.1,Smacoviridae
NC_076173.1,Smacoviridae
NC_076235.1,Smacoviridae
NC_076236.1,Smacoviridae
NC_076237.1,Smacoviridae
NC_076238.1,Smacoviridae
NC_076252.1,Smacoviridae
NC_076253.1,Smacoviridae
NC_076254.1,Smacoviridae
NC_076255.1,Smacoviridae
NC_076256.1,Smacoviridae
NC_076257.1,Smacoviridae
NC_076258.1,Smacoviridae
NC_075295.1,Smacoviridae
NC_075294.1,Smacoviridae
NC_075293.1,Smacoviridae
NC_075291.1,Smacoviridae
NC_075286.1,Smacoviridae
NC_076259.1,Smacoviridae
NC_076251.1,Smacoviridae
NC_076374.1,Smacoviridae
NC_076401.1,Smacoviridae
NC_076402.1,Smacoviridae
NC_076403.1,Smacoviridae
NC_076426.1,Smacoviridae
NC_076481.1,Smacoviridae
NC_076482.1,Smacoviridae
NC_076439.1,Smacoviridae
NC_076440.1,Smacoviridae
NC_076441.1,Smacoviridae
NC_076442.1,Smacoviridae
NC_076443.1,Smacoviridae
NC_076444.1,Smacoviridae
NC_018617.1,Smacoviridae
NC_029578.1,Solemoviridae
NC_029691.1,Solemoviridae
NC_029993.1,Solemoviridae
NC_029906.1,Solemoviridae
NC_029990.1,Solemoviridae
NC_030225.1,Solemoviridae
NC_027198.1,Solemoviridae
NC_027123.1,Solemoviridae
NC_033706.1,Solemoviridae
NC_034265.1,Solemoviridae
NC_034247.1,Solemoviridae
NC_034246.1,Solemoviridae
NC_018449.1,Solemoviridae
NC_031747.1,Solemoviridae
NC_018571.2,Solemoviridae
NC_036803.1,Solemoviridae
NC_037052.1,Solemoviridae
NC_034836.1,Solemoviridae
NC_035451.1,Solemoviridae
NC_021484.1,Solemoviridae
NC_021564.1,Solemoviridae
NC_025435.1,Solemoviridae
NC_025837.1,Solemoviridae
NC_004553.3,Solemoviridae
NC_004756.1,Solemoviridae
NC_011187.1,Solemoviridae
NC_001625.2,Solemoviridae
NC_001575.2,Solemoviridae
NC_004060.2,Solemoviridae
NC_003491.1,Solemoviridae
NC_004751.1,Solemoviridae
NC_002198.2,Solemoviridae
NC_003688.1,Solemoviridae
NC_003743.1,Solemoviridae
NC_001696.2,Solemoviridae
NC_002766.1,Solemoviridae
NC_014509.2,Solemoviridae
NC_016033.1,Solemoviridae
NC_003747.2,Solemoviridae
NC_011536.1,Solemoviridae
NC_011543.1,Solemoviridae
NC_010809.1,Solemoviridae
NC_004346.1,Solemoviridae
NC_014545.1,Solemoviridae
NC_002618.2,Solemoviridae
NC_008249.1,Solemoviridae
NC_001747.1,Solemoviridae
NC_012931.1,Solemoviridae
NC_006265.1,Solemoviridae
NC_015050.1,Solemoviridae
NC_002568.2,Solemoviridae
NC_038509.1,Solemoviridae
NC_038510.1,Solemoviridae
NC_039035.1,Solemoviridae
NC_034207.1,Solemoviridae
NC_016038.2,Solemoviridae
NC_043419.1,Solemoviridae
NC_055495.1,Solemoviridae
NC_055513.1,Solemoviridae
NC_055129.1,Solemoviridae
NC_076505.1,Solemoviridae
NC_076825.1,Solemoviridae
NC_074968.1,Solemoviridae
NC_076910.1,Solemoviridae
NC_075416.1,Solemoviridae
NC_075422.1,Solemoviridae
NC_075108.1,Solemoviridae
NC_075424.1,Solemoviridae
NC_077216.1,Solemoviridae
NC_030651.1,Solinviviridae
NC_012531.1,Solinviviridae
NC_074174.1,Solspiviridae
NC_074156.1,Solspiviridae
NC_074169.1,Solspiviridae
NC_074563.1,Solspiviridae
NC_074158.1,Solspiviridae
NC_074168.1,Solspiviridae
NC_074154.1,Solspiviridae
NC_074171.1,Solspiviridae
NC_074159.1,Solspiviridae
NC_074166.1,Solspiviridae
NC_074145.1,Solspiviridae
NC_074164.1,Solspiviridae
NC_074149.1,Solspiviridae
NC_074153.1,Solspiviridae
NC_074167.1,Solspiviridae
NC_074172.1,Solspiviridae
NC_074151.1,Solspiviridae
NC_074173.1,Solspiviridae
NC_074161.1,Solspiviridae
NC_074162.1,Solspiviridae
NC_074170.1,Solspiviridae
NC_074163.1,Solspiviridae
NC_074160.1,Solspiviridae
NC_074165.1,Solspiviridae
NC_074147.1,Solspiviridae
NC_074152.1,Solspiviridae
NC_074148.1,Solspiviridae
NC_074150.1,Solspiviridae
NC_074155.1,Solspiviridae
NC_074146.1,Solspiviridae
NC_074157.1,Solspiviridae
NC_007217.1,Sphaerolipoviridae
NC_016989.1,Sphaerolipoviridae
NC_020998.1,Sphaerolipoviridae
NC_030848.1,Sphaerolipoviridae
NC_029911.1,Spinareoviridae
NC_029912.1,Spinareoviridae
NC_029913.1,Spinareoviridae
NC_029916.1,Spinareoviridae
NC_029915.1,Spinareoviridae
NC_029917.1,Spinareoviridae
NC_029918.1,Spinareoviridae
NC_029919.1,Spinareoviridae
NC_029914.1,Spinareoviridae
NC_030152.1,Spinareoviridae
NC_030159.1,Spinareoviridae
NC_030160.1,Spinareoviridae
NC_030162.1,Spinareoviridae
NC_030153.1,Spinareoviridae
NC_030154.1,Spinareoviridae
NC_030155.1,Spinareoviridae
NC_030157.1,Spinareoviridae
NC_030158.1,Spinareoviridae
NC_030163.1,Spinareoviridae
NC_037570.1,Spinareoviridae
NC_037571.1,Spinareoviridae
NC_037572.1,Spinareoviridae
NC_028465.1,Spinareoviridae
NC_037574.1,Spinareoviridae
NC_037576.1,Spinareoviridae
NC_037577.1,Spinareoviridae
NC_037578.1,Spinareoviridae
NC_037573.1,Spinareoviridae
NC_037575.1,Spinareoviridae
NC_030405.1,Spinareoviridae
NC_030406.1,Spinareoviridae
NC_030407.1,Spinareoviridae
NC_030409.1,Spinareoviridae
NC_030410.1,Spinareoviridae
NC_030413.1,Spinareoviridae
NC_030415.1,Spinareoviridae
NC_030411.1,Spinareoviridae
NC_030412.1,Spinareoviridae
NC_030414.2,Spinareoviridae
NC_030408.1,Spinareoviridae
NC_023486.1,Spinareoviridae
NC_023487.1,Spinareoviridae
NC_023488.1,Spinareoviridae
NC_023489.1,Spinareoviridae
NC_023490.1,Spinareoviridae
NC_023491.1,Spinareoviridae
NC_023492.1,Spinareoviridae
NC_023493.1,Spinareoviridae
NC_023494.1,Spinareoviridae
NC_023495.1,Spinareoviridae
NC_036468.1,Spinareoviridae
NC_036469.1,Spinareoviridae
NC_036470.1,Spinareoviridae
NC_036471.1,Spinareoviridae
NC_036472.1,Spinareoviridae
NC_036473.1,Spinareoviridae
NC_036474.1,Spinareoviridae
NC_036476.1,Spinareoviridae
NC_036477.1,Spinareoviridae
NC_036475.1,Spinareoviridae
NC_023813.1,Spinareoviridae
NC_023814.1,Spinareoviridae
NC_023815.1,Spinareoviridae
NC_023817.1,Spinareoviridae
NC_023818.1,Spinareoviridae
NC_023820.1,Spinareoviridae
NC_023821.1,Spinareoviridae
NC_023819.1,Spinareoviridae
NC_023816.1,Spinareoviridae
NC_034163.1,Spinareoviridae
NC_034164.1,Spinareoviridae
NC_034165.1,Spinareoviridae
NC_034166.1,Spinareoviridae
NC_034168.1,Spinareoviridae
NC_034169.1,Spinareoviridae
NC_034170.1,Spinareoviridae
NC_034171.1,Spinareoviridae
NC_034172.1,Spinareoviridae
NC_034162.1,Spinareoviridae
NC_034173.1,Spinareoviridae
NC_020439.1,Spinareoviridae
NC_020440.1,Spinareoviridae
NC_020441.1,Spinareoviridae
NC_020446.1,Spinareoviridae
NC_020447.1,Spinareoviridae
NC_020448.1,Spinareoviridae
NC_020442.1,Spinareoviridae
NC_020443.1,Spinareoviridae
NC_020445.1,Spinareoviridae
NC_020444.1,Spinareoviridae
NC_025485.1,Spinareoviridae
NC_025486.1,Spinareoviridae
NC_025487.1,Spinareoviridae
NC_025488.1,Spinareoviridae
NC_025489.1,Spinareoviridae
NC_025490.1,Spinareoviridae
NC_025491.1,Spinareoviridae
NC_025493.1,Spinareoviridae
NC_025492.1,Spinareoviridae
NC_025801.1,Spinareoviridae
NC_025802.1,Spinareoviridae
NC_025803.1,Spinareoviridae
NC_025806.1,Spinareoviridae
NC_025809.1,Spinareoviridae
NC_025804.1,Spinareoviridae
NC_025810.1,Spinareoviridae
NC_025807.1,Spinareoviridae
NC_025838.1,Spinareoviridae
NC_025840.1,Spinareoviridae
NC_025841.1,Spinareoviridae
NC_025842.1,Spinareoviridae
NC_025843.1,Spinareoviridae
NC_025845.1,Spinareoviridae
NC_025846.1,Spinareoviridae
NC_025847.1,Spinareoviridae
NC_025848.1,Spinareoviridae
NC_025850.1,Spinareoviridae
NC_025852.1,Spinareoviridae
NC_025851.1,Spinareoviridae
NC_025844.1,Spinareoviridae
NC_025849.1,Spinareoviridae
NC_025853.1,Spinareoviridae
NC_025839.1,Spinareoviridae
NC_007590.1,Spinareoviridae
NC_007591.1,Spinareoviridae
NC_010744.1,Spinareoviridae
NC_007156.1,Spinareoviridae
NC_007163.1,Spinareoviridae
NC_008736.1,Spinareoviridae
NC_014711.1,Spinareoviridae
NC_008737.1,Spinareoviridae
NC_002559.1,Spinareoviridae
NC_003737.1,Spinareoviridae
NC_007670.1,Spinareoviridae
NC_003653.1,Spinareoviridae
NC_003654.1,Spinareoviridae
NC_003655.1,Spinareoviridae
NC_003658.1,Spinareoviridae
NC_003770.1,Spinareoviridae
NC_014709.1,Spinareoviridae
NC_014710.1,Spinareoviridae
NC_014712.1,Spinareoviridae
NC_014713.1,Spinareoviridae
NC_014714.1,Spinareoviridae
NC_014715.1,Spinareoviridae
NC_014716.1,Spinareoviridae
NC_014717.1,Spinareoviridae
NC_010745.1,Spinareoviridae
NC_003730.1,Spinareoviridae
NC_003731.1,Spinareoviridae
NC_003659.1,Spinareoviridae
NC_003006.1,Spinareoviridae
NC_003011.1,Spinareoviridae
NC_003012.1,Spinareoviridae
NC_003009.1,Spinareoviridae
NC_010591.1,Spinareoviridae
NC_010667.1,Spinareoviridae
NC_003010.1,Spinareoviridae
NC_003657.1,Spinareoviridae
NC_015877.1,Spinareoviridae
NC_015878.1,Spinareoviridae
NC_015883.1,Spinareoviridae
NC_007155.1,Spinareoviridae
NC_005174.1,Spinareoviridae
NC_010590.1,Spinareoviridae
NC_003751.1,Spinareoviridae
NC_010746.1,Spinareoviridae
NC_010747.1,Spinareoviridae
NC_010748.1,Spinareoviridae
NC_010750.1,Spinareoviridae
NC_010753.1,Spinareoviridae
NC_003734.1,Spinareoviridae
NC_003015.1,Spinareoviridae
NC_007592.1,Spinareoviridae
NC_007589.1,Spinareoviridae
NC_007666.1,Spinareoviridae
NC_007668.1,Spinareoviridae
NC_007669.1,Spinareoviridae
NC_007671.1,Spinareoviridae
NC_008734.1,Spinareoviridae
NC_008735.1,Spinareoviridae
NC_004181.1,Spinareoviridae
NC_004182.1,Spinareoviridae
NC_004183.1,Spinareoviridae
NC_004184.1,Spinareoviridae
NC_004186.1,Spinareoviridae
NC_004187.1,Spinareoviridae
NC_004191.1,Spinareoviridae
NC_002561.1,Spinareoviridae
NC_004188.1,Spinareoviridae
NC_007585.1,Spinareoviridae
NC_007583.1,Spinareoviridae
NC_002562.1,Spinareoviridae
NC_002564.1,Spinareoviridae
NC_002565.1,Spinareoviridae
NC_002566.1,Spinareoviridae
NC_002567.1,Spinareoviridae
NC_002563.1,Spinareoviridae
NC_002557.1,Spinareoviridae
NC_003749.1,Spinareoviridae
NC_003757.1,Spinareoviridae
NC_003771.1,Spinareoviridae
NC_007524.1,Spinareoviridae
NC_007525.1,Spinareoviridae
NC_007526.1,Spinareoviridae
NC_007528.1,Spinareoviridae
NC_007529.1,Spinareoviridae
NC_007154.1,Spinareoviridae
NC_007674.1,Spinareoviridae
NC_002560.1,Spinareoviridae
NC_003697.1,Spinareoviridae
NC_003702.1,Spinareoviridae
NC_003703.1,Spinareoviridae
NC_003020.1,Spinareoviridae
NC_003021.1,Spinareoviridae
NC_003018.1,Spinareoviridae
NC_003700.1,Spinareoviridae
NC_003023.1,Spinareoviridae
NC_003016.1,Spinareoviridae
NC_003025.1,Spinareoviridae
NC_008731.1,Spinareoviridae
NC_005176.1,Spinareoviridae
NC_003019.1,Spinareoviridae
NC_003024.1,Spinareoviridae
NC_010743.1,Spinareoviridae
NC_007588.1,Spinareoviridae
NC_003759.1,Spinareoviridae
NC_003758.1,Spinareoviridae
NC_003769.1,Spinareoviridae
NC_003660.1,Spinareoviridae
NC_007533.1,Spinareoviridae
NC_004189.1,Spinareoviridae
NC_007159.1,Spinareoviridae
NC_007160.1,Spinareoviridae
NC_007162.1,Spinareoviridae
NC_010584.1,Spinareoviridae
NC_010587.1,Spinareoviridae
NC_010588.1,Spinareoviridae
NC_010592.1,Spinareoviridae
NC_010593.1,Spinareoviridae
NC_003704.1,Spinareoviridae
NC_003705.1,Spinareoviridae
NC_003706.1,Spinareoviridae
NC_003707.1,Spinareoviridae
NC_007586.1,Spinareoviridae
NC_007587.1,Spinareoviridae
NC_003017.1,Spinareoviridae
NC_015884.1,Spinareoviridae
NC_015885.1,Spinareoviridae
NC_015886.1,Spinareoviridae
NC_003696.1,Spinareoviridae
NC_007535.1,Spinareoviridae
NC_007531.1,Spinareoviridae
NC_007532.1,Spinareoviridae
NC_003735.1,Spinareoviridae
NC_003728.1,Spinareoviridae
NC_014708.1,Spinareoviridae
NC_002558.1,Spinareoviridae
NC_007672.1,Spinareoviridae
NC_007667.1,Spinareoviridae
NC_013225.1,Spinareoviridae
NC_013226.1,Spinareoviridae
NC_013227.1,Spinareoviridae
NC_013228.1,Spinareoviridae
NC_013229.1,Spinareoviridae
NC_013230.1,Spinareoviridae
NC_013232.1,Spinareoviridae
NC_013233.1,Spinareoviridae
NC_013234.1,Spinareoviridae
NC_004190.1,Spinareoviridae
NC_003661.1,Spinareoviridae
NC_004185.1,Spinareoviridae
NC_004180.1,Spinareoviridae
NC_003750.1,Spinareoviridae
NC_003008.1,Spinareoviridae
NC_010752.1,Spinareoviridae
NC_010665.1,Spinareoviridae
NC_010662.1,Spinareoviridae
NC_010594.1,Spinareoviridae
NC_010585.1,Spinareoviridae
NC_010663.1,Spinareoviridae
NC_010664.1,Spinareoviridae
NC_010669.1,Spinareoviridae
NC_007527.1,Spinareoviridae
NC_003013.1,Spinareoviridae
NC_010749.1,Spinareoviridae
NC_013231.1,Spinareoviridae
NC_003736.1,Spinareoviridae
NC_010668.1,Spinareoviridae
NC_010586.1,Spinareoviridae
NC_010589.1,Spinareoviridae
NC_010751.1,Spinareoviridae
NC_003732.1,Spinareoviridae
NC_003733.1,Spinareoviridae
NC_015131.1,Spinareoviridae
NC_015135.1,Spinareoviridae
NC_014236.1,Spinareoviridae
NC_014237.1,Spinareoviridae
NC_014239.1,Spinareoviridae
NC_014240.1,Spinareoviridae
NC_010666.1,Spinareoviridae
NC_014241.1,Spinareoviridae
NC_014242.1,Spinareoviridae
NC_014243.1,Spinareoviridae
NC_014244.1,Spinareoviridae
NC_014245.1,Spinareoviridae
NC_008728.1,Spinareoviridae
NC_003014.1,Spinareoviridae
NC_008733.1,Spinareoviridae
NC_005169.1,Spinareoviridae
NC_005170.1,Spinareoviridae
NC_005172.1,Spinareoviridae
NC_005173.1,Spinareoviridae
NC_005171.1,Spinareoviridae
NC_005166.1,Spinareoviridae
NC_005168.1,Spinareoviridae
NC_005167.1,Spinareoviridae
NC_008730.1,Spinareoviridae
NC_008732.1,Spinareoviridae
NC_007536.1,Spinareoviridae
NC_003007.1,Spinareoviridae
NC_003022.1,Spinareoviridae
NC_003752.1,Spinareoviridae
NC_003701.1,Spinareoviridae
NC_003656.1,Spinareoviridae
NC_003699.1,Spinareoviridae
NC_003698.1,Spinareoviridae
NC_010661.1,Spinareoviridae
NC_005175.1,Spinareoviridae
NC_015879.1,Spinareoviridae
NC_015880.1,Spinareoviridae
NC_015881.1,Spinareoviridae
NC_015882.1,Spinareoviridae
NC_014238.1,Spinareoviridae
NC_007534.1,Spinareoviridae
NC_003729.1,Spinareoviridae
NC_015126.1,Spinareoviridae
NC_015127.1,Spinareoviridae
NC_015128.1,Spinareoviridae
NC_015129.1,Spinareoviridae
NC_015130.1,Spinareoviridae
NC_015132.1,Spinareoviridae
NC_015133.1,Spinareoviridae
NC_015134.1,Spinareoviridae
NC_007582.1,Spinareoviridae
NC_007673.1,Spinareoviridae
NC_007584.1,Spinareoviridae
NC_008729.1,Spinareoviridae
NC_007158.1,Spinareoviridae
NC_038624.1,Spinareoviridae
NC_038625.1,Spinareoviridae
NC_038626.1,Spinareoviridae
NC_038627.1,Spinareoviridae
NC_038628.1,Spinareoviridae
NC_038629.1,Spinareoviridae
NC_038630.1,Spinareoviridae
NC_038631.1,Spinareoviridae
NC_038632.1,Spinareoviridae
NC_038634.1,Spinareoviridae
NC_038635.1,Spinareoviridae
NC_038636.1,Spinareoviridae
NC_038637.1,Spinareoviridae
NC_038638.1,Spinareoviridae
NC_038639.1,Spinareoviridae
NC_038640.1,Spinareoviridae
NC_038641.1,Spinareoviridae
NC_038642.1,Spinareoviridae
NC_038643.1,Spinareoviridae
NC_038644.1,Spinareoviridae
NC_038645.1,Spinareoviridae
NC_038646.1,Spinareoviridae
NC_038647.1,Spinareoviridae
NC_038648.1,Spinareoviridae
NC_038649.1,Spinareoviridae
NC_038650.1,Spinareoviridae
NC_038652.1,Spinareoviridae
NC_038653.1,Spinareoviridae
NC_038654.1,Spinareoviridae
NC_038655.1,Spinareoviridae
NC_038656.1,Spinareoviridae
NC_038657.1,Spinareoviridae
NC_038658.1,Spinareoviridae
NC_038659.1,Spinareoviridae
NC_038660.1,Spinareoviridae
NC_038661.1,Spinareoviridae
NC_038662.1,Spinareoviridae
NC_038663.1,Spinareoviridae
NC_038664.1,Spinareoviridae
NC_038665.1,Spinareoviridae
NC_038666.1,Spinareoviridae
NC_038667.1,Spinareoviridae
NC_043367.1,Spinareoviridae
NC_043368.1,Spinareoviridae
NC_043369.1,Spinareoviridae
NC_043370.1,Spinareoviridae
NC_043371.1,Spinareoviridae
NC_043372.1,Spinareoviridae
NC_043373.1,Spinareoviridae
NC_040440.1,Spinareoviridae
NC_040441.1,Spinareoviridae
NC_040442.1,Spinareoviridae
NC_040443.1,Spinareoviridae
NC_040444.1,Spinareoviridae
NC_040445.1,Spinareoviridae
NC_040446.1,Spinareoviridae
NC_040447.1,Spinareoviridae
NC_040498.1,Spinareoviridae
NC_040499.1,Spinareoviridae
NC_040500.1,Spinareoviridae
NC_040501.1,Spinareoviridae
NC_040502.1,Spinareoviridae
NC_040503.1,Spinareoviridae
NC_040504.1,Spinareoviridae
NC_040505.1,Spinareoviridae
NC_040506.1,Spinareoviridae
NC_055251.1,Spinareoviridae
NC_055252.1,Spinareoviridae
NC_055253.1,Spinareoviridae
NC_055254.1,Spinareoviridae
NC_055255.1,Spinareoviridae
NC_055256.1,Spinareoviridae
NC_055257.1,Spinareoviridae
NC_055258.1,Spinareoviridae
NC_055259.1,Spinareoviridae
NC_055260.1,Spinareoviridae
NC_055261.1,Spinareoviridae
NC_055262.1,Spinareoviridae
NC_055239.1,Spinareoviridae
NC_055240.1,Spinareoviridae
NC_055241.1,Spinareoviridae
NC_055242.1,Spinareoviridae
NC_055243.1,Spinareoviridae
NC_055244.1,Spinareoviridae
NC_055245.1,Spinareoviridae
NC_055246.1,Spinareoviridae
NC_055247.1,Spinareoviridae
NC_055248.1,Spinareoviridae
NC_055249.1,Spinareoviridae
NC_055250.1,Spinareoviridae
NC_077837.1,Spinareoviridae
NC_077838.1,Spinareoviridae
NC_077839.1,Spinareoviridae
NC_077840.1,Spinareoviridae
NC_077841.1,Spinareoviridae
NC_077842.1,Spinareoviridae
NC_077843.1,Spinareoviridae
NC_077844.1,Spinareoviridae
NC_077845.1,Spinareoviridae
NC_077846.1,Spinareoviridae
NC_077721.1,Spinareoviridae
NC_077722.1,Spinareoviridae
NC_077723.1,Spinareoviridae
NC_077724.1,Spinareoviridae
NC_077725.1,Spinareoviridae
NC_077726.1,Spinareoviridae
NC_077727.1,Spinareoviridae
NC_077728.1,Spinareoviridae
NC_077729.1,Spinareoviridae
NC_077730.1,Spinareoviridae
NC_077751.1,Spinareoviridae
NC_077752.1,Spinareoviridae
NC_077754.1,Spinareoviridae
NC_077755.1,Spinareoviridae
NC_077756.1,Spinareoviridae
NC_077757.1,Spinareoviridae
NC_077758.1,Spinareoviridae
NC_077759.1,Spinareoviridae
NC_077760.1,Spinareoviridae
NC_078111.1,Spinareoviridae
NC_078112.1,Spinareoviridae
NC_078113.1,Spinareoviridae
NC_078114.1,Spinareoviridae
NC_078115.1,Spinareoviridae
NC_078116.1,Spinareoviridae
NC_078117.1,Spinareoviridae
NC_078118.1,Spinareoviridae
NC_078119.1,Spinareoviridae
NC_078120.1,Spinareoviridae
NC_078006.1,Spinareoviridae
NC_078007.1,Spinareoviridae
NC_078008.1,Spinareoviridae
NC_078009.1,Spinareoviridae
NC_078010.1,Spinareoviridae
NC_078011.1,Spinareoviridae
NC_078013.1,Spinareoviridae
NC_078015.1,Spinareoviridae
NC_029098.1,Stanwilliamsviridae
NC_042008.1,Stanwilliamsviridae
NC_042009.1,Stanwilliamsviridae
NC_042010.1,Stanwilliamsviridae
NC_042011.1,Stanwilliamsviridae
NC_042012.1,Stanwilliamsviridae
NC_042105.1,Stanwilliamsviridae
NC_048719.1,Stanwilliamsviridae
NC_048720.1,Stanwilliamsviridae
NC_048721.1,Stanwilliamsviridae
NC_048722.1,Stanwilliamsviridae
NC_048724.1,Stanwilliamsviridae
NC_048723.1,Stanwilliamsviridae
NC_048730.1,Stanwilliamsviridae
NC_048728.1,Stanwilliamsviridae
NC_048742.1,Stanwilliamsviridae
NC_055791.1,Stanwilliamsviridae
NC_055809.1,Stanwilliamsviridae
NC_055813.1,Stanwilliamsviridae
NC_055822.1,Stanwilliamsviridae
NC_055842.1,Stanwilliamsviridae
NC_070785.1,Stanwilliamsviridae
NC_070786.1,Stanwilliamsviridae
NC_070782.1,Stanwilliamsviridae
NC_070783.1,Stanwilliamsviridae
NC_070784.1,Stanwilliamsviridae
NC_070781.1,Stanwilliamsviridae
NC_021806.1,Steigviridae
NC_049977.1,Steigviridae
NC_055832.1,Steigviridae
NC_055871.1,Steigviridae
NC_055878.1,Steigviridae
NC_055880.1,Steigviridae
NC_055881.1,Steigviridae
NC_055882.1,Steigviridae
NC_055883.1,Steigviridae
NC_055884.1,Steigviridae
NC_055885.1,Steigviridae
NC_062773.1,Steigviridae
NC_062768.1,Steigviridae
NC_062775.1,Steigviridae
NC_019453.1,Steitzviridae
NC_074248.1,Steitzviridae
NC_074291.1,Steitzviridae
NC_074529.1,Steitzviridae
NC_074323.1,Steitzviridae
NC_074362.1,Steitzviridae
NC_074314.1,Steitzviridae
NC_074223.1,Steitzviridae
NC_074403.1,Steitzviridae
NC_074363.1,Steitzviridae
NC_074549.1,Steitzviridae
NC_074283.1,Steitzviridae
NC_074383.1,Steitzviridae
NC_074313.1,Steitzviridae
NC_074550.1,Steitzviridae
NC_074631.1,Steitzviridae
NC_074315.1,Steitzviridae
NC_074258.1,Steitzviridae
NC_074475.1,Steitzviridae
NC_074397.1,Steitzviridae
NC_074316.1,Steitzviridae
NC_074410.1,Steitzviridae
NC_074229.1,Steitzviridae
NC_074564.1,Steitzviridae
NC_074317.1,Steitzviridae
NC_074319.1,Steitzviridae
NC_074360.1,Steitzviridae
NC_074384.1,Steitzviridae
NC_074259.1,Steitzviridae
NC_074533.1,Steitzviridae
NC_074260.1,Steitzviridae
NC_074262.1,Steitzviridae
NC_074318.1,Steitzviridae
NC_074230.1,Steitzviridae
NC_074411.1,Steitzviridae
NC_074299.1,Steitzviridae
NC_074320.1,Steitzviridae
NC_074436.1,Steitzviridae
NC_074434.1,Steitzviridae
NC_074321.1,Steitzviridae
NC_074322.1,Steitzviridae
NC_074627.1,Steitzviridae
NC_074629.1,Steitzviridae
NC_074477.1,Steitzviridae
NC_074239.1,Steitzviridae
NC_074513.1,Steitzviridae
NC_074476.1,Steitzviridae
NC_074628.1,Steitzviridae
NC_074311.1,Steitzviridae
NC_074261.1,Steitzviridae
NC_074630.1,Steitzviridae
NC_074312.1,Steitzviridae
NC_074289.1,Steitzviridae
NC_074364.1,Steitzviridae
NC_074309.1,Steitzviridae
NC_074308.1,Steitzviridae
NC_074534.1,Steitzviridae
NC_074399.1,Steitzviridae
NC_074263.1,Steitzviridae
NC_074285.1,Steitzviridae
NC_074535.1,Steitzviridae
NC_074515.1,Steitzviridae
NC_074478.1,Steitzviridae
NC_074619.1,Steitzviridae
NC_074387.1,Steitzviridae
NC_074398.1,Steitzviridae
NC_074620.1,Steitzviridae
NC_074213.1,Steitzviridae
NC_074621.1,Steitzviridae
NC_074514.1,Steitzviridae
NC_074622.1,Steitzviridae
NC_074624.1,Steitzviridae
NC_074366.1,Steitzviridae
NC_074551.1,Steitzviridae
NC_074623.1,Steitzviridae
NC_074264.1,Steitzviridae
NC_074462.1,Steitzviridae
NC_074581.1,Steitzviridae
NC_074310.1,Steitzviridae
NC_074368.1,Steitzviridae
NC_074479.1,Steitzviridae
NC_074348.1,Steitzviridae
NC_074284.1,Steitzviridae
NC_074441.1,Steitzviridae
NC_074625.1,Steitzviridae
NC_074367.1,Steitzviridae
NC_074231.1,Steitzviridae
NC_074626.1,Steitzviridae
NC_074302.1,Steitzviridae
NC_074388.1,Steitzviridae
NC_074400.1,Steitzviridae
NC_074516.1,Steitzviridae
NC_074518.1,Steitzviridae
NC_074369.1,Steitzviridae
NC_074589.1,Steitzviridae
NC_074519.1,Steitzviridae
NC_074486.1,Steitzviridae
NC_074588.1,Steitzviridae
NC_074303.1,Steitzviridae
NC_074590.1,Steitzviridae
NC_074376.1,Steitzviridae
NC_074520.1,Steitzviridae
NC_074521.1,Steitzviridae
NC_074604.1,Steitzviridae
NC_074419.1,Steitzviridae
NC_074522.1,Steitzviridae
NC_074265.1,Steitzviridae
NC_074606.1,Steitzviridae
NC_074435.1,Steitzviridae
NC_074605.1,Steitzviridae
NC_074480.1,Steitzviridae
NC_074607.1,Steitzviridae
NC_074523.1,Steitzviridae
NC_074463.1,Steitzviridae
NC_074608.1,Steitzviridae
NC_074378.1,Steitzviridae
NC_074609.1,Steitzviridae
NC_074242.1,Steitzviridae
NC_074324.1,Steitzviridae
NC_074326.1,Steitzviridae
NC_074484.1,Steitzviridae
NC_074370.1,Steitzviridae
NC_074446.1,Steitzviridae
NC_074325.1,Steitzviridae
NC_074359.1,Steitzviridae
NC_074327.1,Steitzviridae
NC_074385.1,Steitzviridae
NC_074244.1,Steitzviridae
NC_074371.1,Steitzviridae
NC_074243.1,Steitzviridae
NC_074491.1,Steitzviridae
NC_074445.1,Steitzviridae
NC_074350.1,Steitzviridae
NC_074465.1,Steitzviridae
NC_074502.1,Steitzviridae
NC_074501.1,Steitzviridae
NC_074233.1,Steitzviridae
NC_074232.1,Steitzviridae
NC_074328.1,Steitzviridae
NC_074450.1,Steitzviridae
NC_074227.1,Steitzviridae
NC_074329.1,Steitzviridae
NC_074524.1,Steitzviridae
NC_074330.1,Steitzviridae
NC_074572.1,Steitzviridae
NC_074451.1,Steitzviridae
NC_074437.1,Steitzviridae
NC_074448.1,Steitzviridae
NC_074412.1,Steitzviridae
NC_074525.1,Steitzviridae
NC_074503.1,Steitzviridae
NC_074526.1,Steitzviridae
NC_074332.1,Steitzviridae
NC_074505.1,Steitzviridae
NC_074394.1,Steitzviridae
NC_074372.1,Steitzviridae
NC_074331.1,Steitzviridae
NC_074282.1,Steitzviridae
NC_074210.1,Steitzviridae
NC_074464.1,Steitzviridae
NC_074506.1,Steitzviridae
NC_074245.1,Steitzviridae
NC_074349.1,Steitzviridae
NC_074224.1,Steitzviridae
NC_074333.1,Steitzviridae
NC_074536.1,Steitzviridae
NC_074334.1,Steitzviridae
NC_074335.1,Steitzviridae
NC_074246.1,Steitzviridae
NC_074598.1,Steitzviridae
NC_074600.1,Steitzviridae
NC_074599.1,Steitzviridae
NC_074466.1,Steitzviridae
NC_074538.1,Steitzviridae
NC_074601.1,Steitzviridae
NC_074247.1,Steitzviridae
NC_074249.1,Steitzviridae
NC_074250.1,Steitzviridae
NC_074602.1,Steitzviridae
NC_074287.1,Steitzviridae
NC_074537.1,Steitzviridae
NC_074374.1,Steitzviridae
NC_074603.1,Steitzviridae
NC_074495.1,Steitzviridae
NC_074251.1,Steitzviridae
NC_074234.1,Steitzviridae
NC_074539.1,Steitzviridae
NC_074610.1,Steitzviridae
NC_074612.1,Steitzviridae
NC_074305.1,Steitzviridae
NC_074613.1,Steitzviridae
NC_074614.1,Steitzviridae
NC_074453.1,Steitzviridae
NC_074468.1,Steitzviridae
NC_074424.1,Steitzviridae
NC_074377.1,Steitzviridae
NC_074540.1,Steitzviridae
NC_074379.1,Steitzviridae
NC_074253.1,Steitzviridae
NC_074254.1,Steitzviridae
NC_074266.1,Steitzviridae
NC_074268.1,Steitzviridae
NC_074336.1,Steitzviridae
NC_074401.1,Steitzviridae
NC_074338.1,Steitzviridae
NC_074402.1,Steitzviridae
NC_074337.1,Steitzviridae
NC_074582.1,Steitzviridae
NC_074225.1,Steitzviridae
NC_074292.1,Steitzviridae
NC_074566.1,Steitzviridae
NC_074215.1,Steitzviridae
NC_074295.1,Steitzviridae
NC_074339.1,Steitzviridae
NC_074340.1,Steitzviridae
NC_074565.1,Steitzviridae
NC_074571.1,Steitzviridae
NC_074240.1,Steitzviridae
NC_074226.1,Steitzviridae
NC_074438.1,Steitzviridae
NC_074341.1,Steitzviridae
NC_074439.1,Steitzviridae
NC_074440.1,Steitzviridae
NC_074342.1,Steitzviridae
NC_074541.1,Steitzviridae
NC_074267.1,Steitzviridae
NC_074269.1,Steitzviridae
NC_074344.1,Steitzviridae
NC_074469.1,Steitzviridae
NC_074343.1,Steitzviridae
NC_074345.1,Steitzviridae
NC_074293.1,Steitzviridae
NC_074470.1,Steitzviridae
NC_074380.1,Steitzviridae
NC_074381.1,Steitzviridae
NC_074420.1,Steitzviridae
NC_074433.1,Steitzviridae
NC_074413.1,Steitzviridae
NC_074471.1,Steitzviridae
NC_074405.1,Steitzviridae
NC_074504.1,Steitzviridae
NC_074298.1,Steitzviridae
NC_074583.1,Steitzviridae
NC_074455.1,Steitzviridae
NC_074281.1,Steitzviridae
NC_074577.1,Steitzviridae
NC_074511.1,Steitzviridae
NC_074219.1,Steitzviridae
NC_074570.1,Steitzviridae
NC_074275.1,Steitzviridae
NC_074417.1,Steitzviridae
NC_074255.1,Steitzviridae
NC_074276.1,Steitzviridae
NC_074512.1,Steitzviridae
NC_074547.1,Steitzviridae
NC_074220.1,Steitzviridae
NC_074418.1,Steitzviridae
NC_074487.1,Steitzviridae
NC_074279.1,Steitzviridae
NC_074386.1,Steitzviridae
NC_074209.1,Steitzviridae
NC_074510.1,Steitzviridae
NC_074228.1,Steitzviridae
NC_074452.1,Steitzviridae
NC_074508.1,Steitzviridae
NC_074390.1,Steitzviridae
NC_074490.1,Steitzviridae
NC_074456.1,Steitzviridae
NC_074442.1,Steitzviridae
NC_074277.1,Steitzviridae
NC_074579.1,Steitzviridae
NC_074221.1,Steitzviridae
NC_074457.1,Steitzviridae
NC_074361.1,Steitzviridae
NC_074443.1,Steitzviridae
NC_074408.1,Steitzviridae
NC_074494.1,Steitzviridae
NC_074353.1,Steitzviridae
NC_074354.1,Steitzviridae
NC_074286.1,Steitzviridae
NC_074527.1,Steitzviridae
NC_074482.1,Steitzviridae
NC_074428.1,Steitzviridae
NC_074365.1,Steitzviridae
NC_074444.1,Steitzviridae
NC_074528.1,Steitzviridae
NC_074530.1,Steitzviridae
NC_074416.1,Steitzviridae
NC_074423.1,Steitzviridae
NC_074389.1,Steitzviridae
NC_074531.1,Steitzviridae
NC_074422.1,Steitzviridae
NC_074256.1,Steitzviridae
NC_074356.1,Steitzviridae
NC_074580.1,Steitzviridae
NC_074458.1,Steitzviridae
NC_074429.1,Steitzviridae
NC_074407.1,Steitzviridae
NC_074214.1,Steitzviridae
NC_074297.1,Steitzviridae
NC_074592.1,Steitzviridae
NC_074392.1,Steitzviridae
NC_074296.1,Steitzviridae
NC_074532.1,Steitzviridae
NC_074430.1,Steitzviridae
NC_074578.1,Steitzviridae
NC_074357.1,Steitzviridae
NC_074485.1,Steitzviridae
NC_074355.1,Steitzviridae
NC_074274.1,Steitzviridae
NC_074257.1,Steitzviridae
NC_074358.1,Steitzviridae
NC_074459.1,Steitzviridae
NC_074406.1,Steitzviridae
NC_074241.1,Steitzviridae
NC_074509.1,Steitzviridae
NC_074507.1,Steitzviridae
NC_074499.1,Steitzviridae
NC_074548.1,Steitzviridae
NC_074496.1,Steitzviridae
NC_074391.1,Steitzviridae
NC_074431.1,Steitzviridae
NC_074404.1,Steitzviridae
NC_074222.1,Steitzviridae
NC_074575.1,Steitzviridae
NC_074278.1,Steitzviridae
NC_074569.1,Steitzviridae
NC_074574.1,Steitzviridae
NC_074393.1,Steitzviridae
NC_074235.1,Steitzviridae
NC_074236.1,Steitzviridae
NC_074382.1,Steitzviridae
NC_074280.1,Steitzviridae
NC_074409.1,Steitzviridae
NC_074346.1,Steitzviridae
NC_074294.1,Steitzviridae
NC_074493.1,Steitzviridae
NC_074347.1,Steitzviridae
NC_074217.1,Steitzviridae
NC_074306.1,Steitzviridae
NC_074488.1,Steitzviridae
NC_074373.1,Steitzviridae
NC_074472.1,Steitzviridae
NC_074290.1,Steitzviridae
NC_074616.1,Steitzviridae
NC_074567.1,Steitzviridae
NC_074615.1,Steitzviridae
NC_074497.1,Steitzviridae
NC_074237.1,Steitzviridae
NC_074270.1,Steitzviridae
NC_074415.1,Steitzviridae
NC_074375.1,Steitzviridae
NC_074498.1,Steitzviridae
NC_074307.1,Steitzviridae
NC_074271.1,Steitzviridae
NC_074617.1,Steitzviridae
NC_074568.1,Steitzviridae
NC_074618.1,Steitzviridae
NC_074426.1,Steitzviridae
NC_074573.1,Steitzviridae
NC_074300.1,Steitzviridae
NC_074542.1,Steitzviridae
NC_074421.1,Steitzviridae
NC_074500.1,Steitzviridae
NC_074544.1,Steitzviridae
NC_074414.1,Steitzviridae
NC_074301.1,Steitzviridae
NC_074543.1,Steitzviridae
NC_074460.1,Steitzviridae
NC_074584.1,Steitzviridae
NC_074454.1,Steitzviridae
NC_074272.1,Steitzviridae
NC_074351.1,Steitzviridae
NC_074585.1,Steitzviridae
NC_074586.1,Steitzviridae
NC_074473.1,Steitzviridae
NC_074432.1,Steitzviridae
NC_074212.1,Steitzviridae
NC_074216.1,Steitzviridae
NC_074395.1,Steitzviridae
NC_074461.1,Steitzviridae
NC_074545.1,Steitzviridae
NC_074425.1,Steitzviridae
NC_074352.1,Steitzviridae
NC_074218.1,Steitzviridae
NC_074396.1,Steitzviridae
NC_074288.1,Steitzviridae
NC_074483.1,Steitzviridae
NC_074587.1,Steitzviridae
NC_074474.1,Steitzviridae
NC_074593.1,Steitzviridae
NC_074595.1,Steitzviridae
NC_074211.1,Steitzviridae
NC_074576.1,Steitzviridae
NC_074594.1,Steitzviridae
NC_074481.1,Steitzviridae
NC_074447.1,Steitzviridae
NC_074427.1,Steitzviridae
NC_074596.1,Steitzviridae
NC_074546.1,Steitzviridae
NC_074304.1,Steitzviridae
NC_074597.1,Steitzviridae
NC_074238.1,Steitzviridae
NC_074273.1,Steitzviridae
NC_074517.1,Steitzviridae
NC_074591.1,Steitzviridae
NC_074449.1,Steitzviridae
NC_074489.1,Steitzviridae
NC_074492.1,Steitzviridae
NC_074252.1,Steitzviridae
NC_074611.1,Steitzviridae
NC_074467.1,Steitzviridae
NC_054906.1,Straboviridae
NC_012635.1,Straboviridae
NC_004928.1,Straboviridae
NC_025419.1,Straboviridae
NC_027979.1,Straboviridae
NC_005066.1,Straboviridae
NC_027983.1,Straboviridae
NC_005083.2,Straboviridae
NC_021529.2,Straboviridae
NC_010105.1,Straboviridae
NC_007022.1,Straboviridae
NC_009821.1,Straboviridae
NC_012740.1,Straboviridae
NC_012741.1,Straboviridae
NC_014595.1,Straboviridae
NC_014260.1,Straboviridae
NC_014792.1,Straboviridae
NC_014036.1,Straboviridae
NC_014662.1,Straboviridae
NC_014661.1,Straboviridae
NC_014663.1,Straboviridae
NC_014635.1,Straboviridae
NC_014636.1,Straboviridae
NC_023688.1,Straboviridae
NC_015457.1,Straboviridae
NC_018087.3,Straboviridae
NC_019505.1,Straboviridae
NC_019503.1,Straboviridae
NC_020416.1,Straboviridae
NC_020080.1,Straboviridae
NC_019398.1,Straboviridae
NC_019399.1,Straboviridae
NC_019543.1,Straboviridae
NC_020879.1,Straboviridae
NC_019538.1,Straboviridae
NC_027344.1,Straboviridae
NC_019909.1,Straboviridae
NC_029000.1,Straboviridae
NC_025425.1,Straboviridae
NC_018855.1,Straboviridae
NC_023568.1,Straboviridae
NC_021344.2,Straboviridae
NC_028773.1,Straboviridae
NC_027404.1,Straboviridae
NC_024794.1,Straboviridae
NC_028940.1,Straboviridae
NC_024124.2,Straboviridae
NC_027349.1,Straboviridae
NC_026607.2,Straboviridae
NC_023561.1,Straboviridae
NC_024125.2,Straboviridae
NC_041863.1,Straboviridae
NC_041864.1,Straboviridae
NC_025414.1,Straboviridae
NC_027331.1,Straboviridae
NC_025437.1,Straboviridae
NC_025829.1,Straboviridae
NC_028881.1,Straboviridae
NC_028894.1,Straboviridae
NC_028925.1,Straboviridae
NC_028957.1,Straboviridae
NC_028820.1,Straboviridae
NC_028683.1,Straboviridae
NC_028829.1,Straboviridae
NC_028762.1,Straboviridae
NC_055708.1,Straboviridae
NC_054905.1,Straboviridae
NC_054902.1,Straboviridae
NC_031047.1,Straboviridae
NC_031095.1,Straboviridae
NC_029091.1,Straboviridae
NC_028847.1,Straboviridae
NC_029013.1,Straboviridae
NC_028857.1,Straboviridae
NC_028750.1,Straboviridae
NC_041981.1,Straboviridae
NC_041980.1,Straboviridae
NC_028686.1,Straboviridae
NC_028755.1,Straboviridae
NC_028927.1,Straboviridae
NC_042129.1,Straboviridae
NC_042130.1,Straboviridae
NC_028780.1,Straboviridae
NC_028448.1,Straboviridae
NC_031065.1,Straboviridae
NC_054929.1,Straboviridae
NC_031934.1,Straboviridae
NC_031928.1,Straboviridae
NC_031087.1,Straboviridae
NC_031020.1,Straboviridae
NC_031085.1,Straboviridae
NC_030953.1,Straboviridae
NC_031011.1,Straboviridae
NC_031090.1,Straboviridae
NC_031057.1,Straboviridae
NC_048646.1,Straboviridae
NC_042138.1,Straboviridae
NC_048645.1,Straboviridae
NC_054942.1,Straboviridae
NC_055715.1,Straboviridae
NC_054935.2,Straboviridae
NC_055716.1,Straboviridae
NC_041919.1,Straboviridae
NC_041936.1,Straboviridae
NC_055720.1,Straboviridae
NC_041990.1,Straboviridae
NC_041996.1,Straboviridae
NC_055728.1,Straboviridae
NC_042077.1,Straboviridae
NC_042078.1,Straboviridae
NC_042039.1,Straboviridae
NC_054941.1,Straboviridae
NC_055727.1,Straboviridae
NC_054909.1,Straboviridae
NC_054911.1,Straboviridae
NC_054936.1,Straboviridae
NC_042044.1,Straboviridae
NC_055724.1,Straboviridae
NC_055723.1,Straboviridae
NC_055733.1,Straboviridae
NC_054930.1,Straboviridae
NC_054931.1,Straboviridae
NC_055737.1,Straboviridae
NC_054899.1,Straboviridae
NC_054914.1,Straboviridae
NC_054916.1,Straboviridae
NC_055721.1,Straboviridae
NC_055739.1,Straboviridae
NC_055743.1,Straboviridae
NC_055740.1,Straboviridae
NC_055741.1,Straboviridae
NC_054904.1,Straboviridae
NC_055742.1,Straboviridae
NC_055746.1,Straboviridae
NC_055747.1,Straboviridae
NC_049511.1,Straboviridae
NC_054925.1,Straboviridae
NC_054923.1,Straboviridae
NC_055748.1,Straboviridae
NC_055749.1,Straboviridae
NC_055757.1,Straboviridae
NC_042067.1,Straboviridae
NC_049438.1,Straboviridae
NC_049441.1,Straboviridae
NC_054928.1,Straboviridae
NC_055768.1,Straboviridae
NC_054944.1,Straboviridae
NC_055734.1,Straboviridae
NC_055780.1,Straboviridae
NC_055781.1,Straboviridae
NC_055782.1,Straboviridae
NC_055783.1,Straboviridae
NC_049445.1,Straboviridae
NC_054918.1,Straboviridae
NC_054917.1,Straboviridae
NC_054919.1,Straboviridae
NC_054926.1,Straboviridae
NC_054915.1,Straboviridae
NC_054922.1,Straboviridae
NC_054920.1,Straboviridae
NC_054910.1,Straboviridae
NC_054939.1,Straboviridae
NC_054937.1,Straboviridae
NC_049479.1,Straboviridae
NC_012638.1,Straboviridae
NC_014467.1,Straboviridae
NC_008515.1,Straboviridae
NC_049493.1,Straboviridae
NC_049490.1,Straboviridae
NC_049492.1,Straboviridae
NC_049491.1,Straboviridae
NC_049494.1,Straboviridae
NC_054945.1,Straboviridae
NC_054913.1,Straboviridae
NC_048849.1,Straboviridae
NC_054932.1,Straboviridae
NC_054933.1,Straboviridae
NC_054934.1,Straboviridae
NC_055831.1,Straboviridae
NC_054901.1,Straboviridae
NC_054900.1,Straboviridae
NC_054938.1,Straboviridae
NC_054921.1,Straboviridae
NC_054912.1,Straboviridae
NC_054924.1,Straboviridae
NC_005260.1,Straboviridae
NC_007023.1,Straboviridae
NC_005135.1,Straboviridae
NC_008208.1,Straboviridae
NC_015250.1,Straboviridae
NC_070777.1,Straboviridae
NC_070776.1,Straboviridae
NC_070780.1,Straboviridae
NC_070778.1,Straboviridae
NC_070937.1,Straboviridae
NC_070779.1,Straboviridae
NC_055706.1,Suoliviridae
NC_055868.1,Suoliviridae
NC_055869.1,Suoliviridae
NC_055872.1,Suoliviridae
NC_055873.1,Suoliviridae
NC_055875.1,Suoliviridae
NC_055888.1,Suoliviridae
NC_055889.1,Suoliviridae
NC_055890.1,Suoliviridae
NC_055891.1,Suoliviridae
NC_055892.1,Suoliviridae
NC_055893.1,Suoliviridae
NC_055894.1,Suoliviridae
NC_055895.1,Suoliviridae
NC_055896.1,Suoliviridae
NC_055897.1,Suoliviridae
NC_055898.1,Suoliviridae
NC_055899.1,Suoliviridae
NC_055900.1,Suoliviridae
NC_055901.1,Suoliviridae
NC_055902.1,Suoliviridae
NC_055903.1,Suoliviridae
NC_055904.1,Suoliviridae
NC_067217.1,Suoliviridae
NC_067210.1,Suoliviridae
NC_067213.1,Suoliviridae
NC_067216.1,Suoliviridae
NC_067211.1,Suoliviridae
NC_067214.1,Suoliviridae
NC_067209.1,Suoliviridae
NC_067215.1,Suoliviridae
NC_067218.1,Suoliviridae
NC_067212.1,Suoliviridae
NC_062772.1,Suoliviridae
NC_062765.1,Suoliviridae
NC_062767.1,Suoliviridae
NC_001421.2,Tectiviridae
NC_005258.1,Tectiviridae
NC_007451.1,Tectiviridae
NC_055061.1,Tectiviridae
NC_042083.1,Tectiviridae
NC_055060.1,Tectiviridae
NC_055059.1,Tectiviridae
NC_011523.1,Tectiviridae
NC_074560.1,Tectiviridae
NC_074561.1,Tectiviridae
NC_048199.1,Thaspiviridae
NC_074656.1,Thaspiviridae
NC_074657.1,Thaspiviridae
NC_033700.1,Tobaniviridae
NC_034976.1,Tobaniviridae
NC_035465.1,Tobaniviridae
NC_024709.1,Tobaniviridae
NC_022787.1,Tobaniviridae
NC_008516.1,Tobaniviridae
NC_038295.1,Tobaniviridae
NC_043213.1,Tobaniviridae
NC_043474.1,Tobaniviridae
NC_043490.1,Tobaniviridae
NC_043211.1,Tobaniviridae
NC_043212.1,Tobaniviridae
NC_046956.1,Tobaniviridae
NC_046963.1,Tobaniviridae
NC_076657.1,Tobaniviridae
NC_076911.1,Tobaniviridae
NC_076940.1,Tobaniviridae
NC_018615.1,Togaviridae
NC_024887.1,Togaviridae
NC_012561.1,Togaviridae
NC_023812.1,Togaviridae
NC_003433.1,Togaviridae
NC_016962.1,Togaviridae
NC_006558.1,Togaviridae
NC_016961.1,Togaviridae
NC_001512.1,Togaviridae
NC_003899.1,Togaviridae
NC_003900.1,Togaviridae
NC_003908.1,Togaviridae
NC_016959.1,Togaviridae
NC_003417.1,Togaviridae
NC_016960.1,Togaviridae
NC_001547.1,Togaviridae
NC_003215.1,Togaviridae
NC_001449.1,Togaviridae
NC_013528.1,Togaviridae
NC_038670.1,Togaviridae
NC_038671.1,Togaviridae
NC_038672.1,Togaviridae
NC_038673.1,Togaviridae
NC_038674.1,Togaviridae
NC_038675.1,Togaviridae
NC_038857.1,Togaviridae
NC_032681.1,Togaviridae
NC_004162.2,Togaviridae
NC_043199.1,Togaviridae
NC_043402.1,Togaviridae
NC_043403.1,Togaviridae
NC_055569.1,Togaviridae
NC_075016.1,Togaviridae
NC_075022.1,Togaviridae
NC_075011.1,Togaviridae
NC_075006.1,Togaviridae
NC_029900.1,Tombusviridae
NC_030203.1,Tombusviridae
NC_027211.1,Tombusviridae
NC_027710.2,Tombusviridae
NC_023339.1,Tombusviridae
NC_033777.1,Tombusviridae
NC_034243.1,Tombusviridae
NC_030742.1,Tombusviridae
NC_032405.1,Tombusviridae
NC_034970.1,Tombusviridae
NC_035452.1,Tombusviridae
NC_020073.2,Tombusviridae
NC_020415.1,Tombusviridae
NC_021481.1,Tombusviridae
NC_021705.2,Tombusviridae
NC_021926.1,Tombusviridae
NC_026240.1,Tombusviridae
NC_026239.1,Tombusviridae
NC_022895.1,Tombusviridae
NC_009017.1,Tombusviridae
NC_014967.1,Tombusviridae
NC_004666.1,Tombusviridae
NC_011643.1,Tombusviridae
NC_002187.1,Tombusviridae
NC_002160.2,Tombusviridae
NC_003775.1,Tombusviridae
NC_003633.1,Tombusviridae
NC_007729.1,Tombusviridae
NC_009533.1,Tombusviridae
NC_003500.3,Tombusviridae
NC_007017.2,Tombusviridae
NC_003821.3,Tombusviridae
NC_002598.1,Tombusviridae
NC_003756.1,Tombusviridae
NC_011535.1,Tombusviridae
NC_001818.1,Tombusviridae
NC_005285.1,Tombusviridae
NC_003608.1,Tombusviridae
NC_004995.1,Tombusviridae
NC_001600.1,Tombusviridae
NC_001822.1,Tombusviridae
NC_004366.1,Tombusviridae
NC_004725.1,Tombusviridae
NC_004452.3,Tombusviridae
NC_005985.1,Tombusviridae
NC_003853.1,Tombusviridae
NC_005286.1,Tombusviridae
NC_003603.1,Tombusviridae
NC_003627.1,Tombusviridae
NC_010806.1,Tombusviridae
NC_001721.1,Tombusviridae
NC_006939.1,Tombusviridae
NC_011108.1,Tombusviridae
NC_003807.1,Tombusviridae
NC_003806.1,Tombusviridae
NC_015227.2,Tombusviridae
NC_001726.1,Tombusviridae
NC_001777.1,Tombusviridae
NC_000939.2,Tombusviridae
NC_001265.2,Tombusviridae
NC_007816.2,Tombusviridae
NC_003056.1,Tombusviridae
NC_011515.1,Tombusviridae
NC_003680.1,Tombusviridae
NC_003530.1,Tombusviridae
NC_038690.1,Tombusviridae
NC_038691.1,Tombusviridae
NC_038692.1,Tombusviridae
NC_038693.1,Tombusviridae
NC_038927.1,Tombusviridae
NC_030452.1,Tombusviridae
NC_007733.2,Tombusviridae
NC_043123.1,Tombusviridae
NC_043206.1,Tombusviridae
NC_040549.1,Tombusviridae
NC_040680.1,Tombusviridae
NC_040713.1,Tombusviridae
NC_040725.1,Tombusviridae
NC_055545.1,Tombusviridae
NC_055564.1,Tombusviridae
NC_076018.1,Tombusviridae
NC_076231.1,Tombusviridae
NC_075418.1,Tombusviridae
NC_029799.1,Tospoviridae
NC_029800.1,Tospoviridae
NC_038232.1,Tospoviridae
NC_018072.1,Tospoviridae
NC_018071.1,Tospoviridae
NC_018070.1,Tospoviridae
NC_027720.1,Tospoviridae
NC_027719.1,Tospoviridae
NC_027718.1,Tospoviridae
NC_033772.1,Tospoviridae
NC_033773.1,Tospoviridae
NC_033774.1,Tospoviridae
NC_033832.1,Tospoviridae
NC_033833.1,Tospoviridae
NC_033834.1,Tospoviridae
NC_030378.1,Tospoviridae
NC_030379.1,Tospoviridae
NC_030380.1,Tospoviridae
NC_031758.1,Tospoviridae
NC_031759.1,Tospoviridae
NC_031762.1,Tospoviridae
NC_036607.1,Tospoviridae
NC_036608.1,Tospoviridae
NC_036609.1,Tospoviridae
NC_035482.1,Tospoviridae
NC_035484.1,Tospoviridae
NC_035483.1,Tospoviridae
NC_003624.1,Tospoviridae
NC_008306.1,Tospoviridae
NC_003620.1,Tospoviridae
NC_003625.1,Tospoviridae
NC_008301.1,Tospoviridae
NC_003619.1,Tospoviridae
NC_010490.1,Tospoviridae
NC_010491.1,Tospoviridae
NC_008300.1,Tospoviridae
NC_003832.1,Tospoviridae
NC_003841.1,Tospoviridae
NC_003843.1,Tospoviridae
NC_015469.1,Tospoviridae
NC_015468.1,Tospoviridae
NC_002051.1,Tospoviridae
NC_002052.1,Tospoviridae
NC_002050.1,Tospoviridae
NC_008303.1,Tospoviridae
NC_015467.1,Tospoviridae
NC_010489.1,Tospoviridae
NC_008307.1,Tospoviridae
NC_003616.1,Tospoviridae
NC_003614.1,Tospoviridae
NC_008302.1,Tospoviridae
NC_038288.1,Tospoviridae
NC_038289.1,Tospoviridae
NC_038290.1,Tospoviridae
NC_039203.1,Tospoviridae
NC_039204.1,Tospoviridae
NC_039205.1,Tospoviridae
NC_043210.1,Tospoviridae
NC_043503.1,Tospoviridae
NC_043504.1,Tospoviridae
NC_043502.1,Tospoviridae
NC_040741.1,Tospoviridae
NC_040742.1,Tospoviridae
NC_040743.1,Tospoviridae
NC_055411.1,Tospoviridae
NC_055412.1,Tospoviridae
NC_055413.1,Tospoviridae
NC_055178.1,Tospoviridae
NC_055179.1,Tospoviridae
NC_055180.1,Tospoviridae
NC_055299.1,Tospoviridae
NC_055429.1,Tospoviridae
NC_055430.1,Tospoviridae
NC_075345.1,Tospoviridae
NC_077825.1,Tospoviridae
NC_077826.1,Tospoviridae
NC_077827.1,Tospoviridae
NC_078088.1,Tospoviridae
NC_078089.1,Tospoviridae
NC_078090.1,Tospoviridae
NC_029989.1,Totiviridae
NC_030295.1,Totiviridae
NC_030224.1,Totiviridae
NC_027209.1,Totiviridae
NC_027212.1,Totiviridae
NC_027701.1,Totiviridae
NC_028378.1,Totiviridae
NC_028490.1,Totiviridae
NC_028488.1,Totiviridae
NC_028486.1,Totiviridae
NC_028485.1,Totiviridae
NC_028483.1,Totiviridae
NC_028481.1,Totiviridae
NC_028480.1,Totiviridae
NC_028477.1,Totiviridae
NC_028921.1,Totiviridae
NC_028948.1,Totiviridae
NC_029096.1,Totiviridae
NC_029302.1,Totiviridae
NC_030392.1,Totiviridae
NC_030398.2,Totiviridae
NC_030867.1,Totiviridae
NC_032106.1,Totiviridae
NC_036589.1,Totiviridae
NC_035674.1,Totiviridae
NC_024115.1,Totiviridae
NC_024151.1,Totiviridae
NC_020903.1,Totiviridae
NC_020997.1,Totiviridae
NC_021565.1,Totiviridae
NC_025218.2,Totiviridae
NC_025214.1,Totiviridae
NC_025367.1,Totiviridae
NC_026135.1,Totiviridae
NC_026140.1,Totiviridae
NC_003745.1,Totiviridae
NC_014609.1,Totiviridae
NC_001641.1,Totiviridae
NC_005074.1,Totiviridae
NC_014823.1,Totiviridae
NC_007915.3,Totiviridae
NC_009224.1,Totiviridae
NC_017084.1,Totiviridae
NC_003824.1,Totiviridae
NC_002063.1,Totiviridae
NC_001964.1,Totiviridae
NC_002064.1,Totiviridae
NC_001963.1,Totiviridae
NC_003601.1,Totiviridae
NC_002701.1,Totiviridae
NC_007523.1,Totiviridae
NC_009890.1,Totiviridae
NC_015639.1,Totiviridae
NC_006367.1,Totiviridae
NC_003555.1,Totiviridae
NC_003607.2,Totiviridae
NC_013499.1,Totiviridae
NC_010246.1,Totiviridae
NC_005883.1,Totiviridae
NC_003823.1,Totiviridae
NC_038697.1,Totiviridae
NC_038698.1,Totiviridae
NC_038699.1,Totiviridae
NC_038700.1,Totiviridae
NC_038929.1,Totiviridae
NC_040773.1,Totiviridae
NC_040429.1,Totiviridae
NC_040467.1,Totiviridae
NC_040657.1,Totiviridae
NC_040658.1,Totiviridae
NC_040774.1,Totiviridae
NC_040430.1,Totiviridae
NC_040468.1,Totiviridae
NC_040659.1,Totiviridae
NC_040660.1,Totiviridae
NC_040775.1,Totiviridae
NC_040431.1,Totiviridae
NC_040793.1,Totiviridae
NC_040670.1,Totiviridae
NC_040530.1,Totiviridae
NC_040633.1,Totiviridae
NC_040704.1,Totiviridae
NC_040632.1,Totiviridae
NC_040608.1,Totiviridae
NC_040678.1,Totiviridae
NC_040551.1,Totiviridae
NC_040653.1,Totiviridae
NC_038931.1,Tristromaviridae
NC_029548.1,Tristromaviridae
NC_074637.1,Tristromaviridae
NC_077146.1,Tulasviridae
NC_076861.1,Tulasviridae
NC_027619.1,Tymoviridae
NC_029063.1,Tymoviridae
NC_033828.1,Tymoviridae
NC_030693.1,Tymoviridae
NC_031692.1,Tymoviridae
NC_018703.1,Tymoviridae
NC_020470.1,Tymoviridae
NC_021851.1,Tymoviridae
NC_011086.1,Tymoviridae
NC_001746.1,Tymoviridae
NC_012484.1,Tymoviridae
NC_011539.1,Tymoviridae
NC_001793.1,Tymoviridae
NC_006950.1,Tymoviridae
NC_003634.1,Tymoviridae
NC_001977.1,Tymoviridae
NC_001513.1,Tymoviridae
NC_003347.1,Tymoviridae
NC_001480.1,Tymoviridae
NC_011559.1,Tymoviridae
NC_011537.1,Tymoviridae
NC_002588.1,Tymoviridae
NC_015522.1,Tymoviridae
NC_015523.1,Tymoviridae
NC_015524.1,Tymoviridae
NC_014127.1,Tymoviridae
NC_007609.1,Tymoviridae
NC_009532.1,Tymoviridae
NC_015229.1,Tymoviridae
NC_011538.1,Tymoviridae
NC_002164.1,Tymoviridae
NC_013920.1,Tymoviridae
NC_038327.1,Tymoviridae
NC_038328.1,Tymoviridae
NC_038329.1,Tymoviridae
NC_038330.1,Tymoviridae
NC_038331.1,Tymoviridae
NC_038866.1,Tymoviridae
NC_038867.1,Tymoviridae
NC_043090.1,Tymoviridae
NC_043091.1,Tymoviridae
NC_040556.1,Tymoviridae
NC_040565.1,Tymoviridae
NC_002786.2,Tymoviridae
NC_077008.1,Tymoviridae
NC_077017.1,Tymoviridae
NC_077048.1,Tymoviridae
NC_074644.1,Verdandiviridae
NC_074645.1,Verdandiviridae
NC_074643.1,Verdandiviridae
NC_004084.1,Vertoviridae
NC_054954.1,Vertoviridae
NC_052650.1,Vertoviridae
NC_054953.1,Vertoviridae
NC_008206.2,Vilmaviridae
NC_041971.1,Vilmaviridae
NC_041970.1,Vilmaviridae
NC_021299.1,Vilmaviridae
NC_022052.1,Vilmaviridae
NC_022071.1,Vilmaviridae
NC_028843.1,Vilmaviridae
NC_028778.1,Vilmaviridae
NC_053504.1,Vilmaviridae
NC_028878.1,Vilmaviridae
NC_031124.1,Vilmaviridae
NC_053515.1,Vilmaviridae
NC_053508.1,Vilmaviridae
NC_053507.1,Vilmaviridae
NC_053505.1,Vilmaviridae
NC_053512.1,Vilmaviridae
NC_053510.1,Vilmaviridae
NC_055786.1,Vilmaviridae
NC_055790.1,Vilmaviridae
NC_053511.1,Vilmaviridae
NC_053509.1,Vilmaviridae
NC_055827.1,Vilmaviridae
NC_053514.1,Vilmaviridae
NC_053513.1,Vilmaviridae
NC_053516.1,Vilmaviridae
NC_053506.1,Vilmaviridae
NC_055918.1,Vilmaviridae
NC_014461.1,Vilmaviridae
NC_042313.1,Vilmaviridae
NC_015584.1,Vilmaviridae
NC_023732.1,Vilmaviridae
NC_040381.1,Vilyaviridae
NC_040335.1,Vilyaviridae
NC_040321.1,Vilyaviridae
NC_075301.1,Vilyaviridae
NC_075302.1,Vilyaviridae
NC_076706.1,Vilyaviridae
NC_076708.1,Vilyaviridae
NC_076709.1,Vilyaviridae
NC_076707.1,Vilyaviridae
NC_076891.1,Vilyaviridae
NC_076894.1,Vilyaviridae
NC_030229.1,Virgaviridae
NC_028478.1,Virgaviridae
NC_029034.2,Virgaviridae
NC_029037.2,Virgaviridae
NC_029035.2,Virgaviridae
NC_024501.1,Virgaviridae
NC_024502.1,Virgaviridae
NC_025381.1,Virgaviridae
NC_022230.1,Virgaviridae
NC_025674.1,Virgaviridae
NC_022801.1,Virgaviridae
NC_026816.1,Virgaviridae
NC_008716.1,Virgaviridae
NC_001873.1,Virgaviridae
NC_004729.1,Virgaviridae
NC_008614.1,Virgaviridae
NC_003670.1,Virgaviridae
NC_002351.1,Virgaviridae
NC_002359.1,Virgaviridae
NC_001556.1,Virgaviridae
NC_002356.1,Virgaviridae
NC_003512.1,Virgaviridae
NC_003630.1,Virgaviridae
NC_002036.1,Virgaviridae
NC_003510.1,Virgaviridae
NC_004014.1,Virgaviridae
NC_003811.1,Virgaviridae
NC_003805.1,Virgaviridae
NC_002358.1,Virgaviridae
NC_002633.1,Virgaviridae
NC_004423.1,Virgaviridae
NC_002041.1,Virgaviridae
NC_002042.1,Virgaviridae
NC_014546.1,Virgaviridae
NC_003668.1,Virgaviridae
NC_003723.1,Virgaviridae
NC_004422.1,Virgaviridae
NC_002792.2,Virgaviridae
NC_003852.1,Virgaviridae
NC_004106.1,Virgaviridae
NC_003355.1,Virgaviridae
NC_002692.1,Virgaviridae
NC_004015.1,Virgaviridae
NC_003518.1,Virgaviridae
NC_003519.1,Virgaviridae
NC_003511.1,Virgaviridae
NC_003725.1,Virgaviridae
NC_001801.1,Virgaviridae
NC_001728.1,Virgaviridae
NC_003469.1,Virgaviridae
NC_003481.1,Virgaviridae
NC_003724.1,Virgaviridae
NC_001367.1,Virgaviridae
NC_001368.1,Virgaviridae
NC_011803.1,Virgaviridae
NC_009642.1,Virgaviridae
NC_008365.1,Virgaviridae
NC_003478.1,Virgaviridae
NC_009041.1,Virgaviridae
NC_004730.1,Virgaviridae
NC_016519.1,Virgaviridae
NC_004424.1,Virgaviridae
NC_004425.1,Virgaviridae
NC_016442.1,Virgaviridae
NC_003878.1,Virgaviridae
NC_003610.1,Virgaviridae
NC_015552.1,Virgaviridae
NC_010944.1,Virgaviridae
NC_003672.1,Virgaviridae
NC_002357.1,Virgaviridae
NC_003520.1,Virgaviridae
NC_002330.1,Virgaviridae
NC_003669.1,Virgaviridae
NC_008310.2,Virgaviridae
NC_038703.1,Virgaviridae
NC_034509.1,Virgaviridae
NC_038932.1,Virgaviridae
NC_038850.1,Virgaviridae
NC_038851.1,Virgaviridae
NC_038933.1,Virgaviridae
NC_043400.1,Virgaviridae
NC_043401.1,Virgaviridae
NC_043398.1,Virgaviridae
NC_043399.1,Virgaviridae
NC_043383.1,Virgaviridae
NC_043384.1,Virgaviridae
NC_040613.1,Virgaviridae
NC_040614.1,Virgaviridae
NC_040685.2,Virgaviridae
NC_048829.1,Winoviridae
NC_048830.1,Winoviridae
NC_062754.1,Winoviridae
NC_043499.1,Wupedeviridae
NC_043500.1,Wupedeviridae
NC_043501.1,Wupedeviridae
NC_033027.1,Xinmoviridae
NC_032849.1,Xinmoviridae
NC_043484.1,Xinmoviridae
NC_035133.1,Xinmoviridae
NC_055111.1,Xinmoviridae
NC_055112.1,Xinmoviridae
NC_076591.1,Xinmoviridae
NC_075303.1,Xinmoviridae
NC_075274.1,Xinmoviridae
NC_076648.1,Xinmoviridae
NC_076649.1,Xinmoviridae
NC_076608.1,Xinmoviridae
NC_076874.1,Xinmoviridae
NC_076922.1,Xinmoviridae
NC_030870.1,Yadokariviridae
NC_040360.1,Yadokariviridae
NC_028468.1,Yadokariviridae
NC_076552.1,Yadokariviridae
NC_076663.1,Yadokariviridae
NC_076822.1,Yadokariviridae
NC_032273.1,Yueviridae
NC_032275.1,Yueviridae
NC_033289.1,Yueviridae
NC_033290.1,Yueviridae
NC_016434.1,Zierdtviridae
NC_009816.1,Zierdtviridae
NC_016435.1,Zierdtviridae
NC_028653.1,Zierdtviridae
NC_055731.1,Zierdtviridae
NC_055732.1,Zierdtviridae
NC_042085.1,Zierdtviridae
NC_042086.1,Zierdtviridae
NC_042087.1,Zierdtviridae
NC_055738.1,Zierdtviridae
NC_055755.1,Zierdtviridae
NC_055758.1,Zierdtviridae
NC_055763.1,Zierdtviridae
NC_055764.1,Zierdtviridae
NC_055766.1,Zierdtviridae
NC_055767.1,Zierdtviridae
NC_055770.1,Zierdtviridae
NC_055771.1,Zierdtviridae
NC_055769.1,Zierdtviridae
NC_055772.1,Zierdtviridae
NC_055788.1,Zierdtviridae
NC_055789.1,Zierdtviridae
NC_055807.1,Zierdtviridae
NC_055806.1,Zierdtviridae
NC_055821.1,Zierdtviridae
NC_055820.1,Zierdtviridae
NC_073456.1,Zierdtviridae
NC_079146.1,Zierdtviridae
NC_007808.1,Zobellviridae
NC_015158.1,Zobellviridae
NC_019540.1,Zobellviridae
NC_018280.1,Zobellviridae
NC_021300.1,Zobellviridae
NC_048630.1,Zobellviridae
NC_024791.1,Zobellviridae
NC_027988.2,Zobellviridae
NC_031274.1,Zobellviridae
NC_048672.1,Zobellviridae
NC_048671.1,Zobellviridae
NC_003907.2,Zobellviridae
